OBJECTID,FID_balikpapan_2007_Project,ID_2007,AREA_2007,ED_2007,SHAPE_2007,ENN_2007,POINT_X_2007,POINT_Y_2007,FID_RasterT_Majorit6_Project,ID_2015,AREA_2015,ED_2015,SHAPE_2015,ENN_2015,POINT_X_2015,POINT_Y_2015,Shape_Length,Shape_Area,OVERLAP_07_15,MAX_OVERLAP_07_15,RETENTION_07_15,CENTROID_07_15,EVENT TYPE,log_area_parent,log_area_child,log_change_area,log_change_ED,log_change_shape_index,log_change_ENN,logit_retention_ratio,log_centroid_shift,Predicted_Typology,Prob_0,Prob_1,Prob_2,Prob_3,Prob_4
1,4,4,1.397784736,421.1166849,1.404486805,23.82447231,-874414.8403,1599582.753,4,4,1.397784736,421.1166849,1.404486805,23.82447231,-874414.8403,1599582.753,588.6304742,13977.84736,1.397784736,1.397784736,1,0,Retain,0.334888652,0.334888652,0,0,0,0,6.908754779,-6.502834662,3,0.108,0.016,0,0.72,0.156
2,28,28,1.76240873,391.8868519,1.467604648,648.5356014,-862116.9708,1597053.906,29,29,1.823181982,434.793864,1.656126417,648.5356014,-862115.8332,1597043.847,741.6864738,14585.45867,1.458545867,1.458545867,0.8275866105,10.1227164,Retain,0.5666814698,0.6005833165,0.03390184667,0.1038988879,0.1208498113,0,1.564043092,2.603905038,3,0.254,0.012,0.002,0.6,0.132
4,31,31,67.27549238,140.4925653,3.250699714,71.46755327,-863389.5227,1597397.569,31,31,73.77818856,130.0928931,3.152191792,648.5356014,-863361.1297,1597416.165,9598.016158,658169.4734,65.81694734,65.81694734,0.9783198162,33.94083564,Retain,4.208796016,4.30106314,0.09226712438,-0.07690581403,-0.03077225184,2.205460904,3.765366683,1.992615278,4,0.12,0.024,0.062,0.006,0.788
5,41,41,1.093906952,457.1605342,1.34881998,51.02278478,-873734.2666,1595984.737,44,44,1.093906952,457.1605342,1.34881998,51.02278478,-873734.2666,1595984.737,500.0910863,10939.06952,1.093906952,1.093906952,1,0,Retain,0.08975564697,0.08975564697,0,0,0,0,6.908754779,-6.38026816,3,0.118,0.01,0.002,0.716,0.154
6,64,64,0.4254062768,703.7546392,1.294846495,119.1040722,-874648.7185,1594865.125,59,59,0.6684954242,661.64489819999994,1.52605173,127.5613449,-874631.2457,1594881.544,299.3816408,4254.062768,0.4254062768,0.4254062768,1,23.97662283,Retain,-0.8547106213,-0.4027257274,0.4519848939,-0.06170076717,0.1642916798,0.06859916142,6.908754779,4.176841267,4,0.002,0,0,0.03,0.968
7,65,65,10.99980294,175.3728311,1.640778034,75.87950858,-861587.7234,1595271.104,60,60,11.72906935,168.5307433,1.628193367,87.8085981,-861599.5791,1595284.389,1929.066491,108174.8451,10.81748451,10.81748451,0.9834253008,17.80569396,Retain,2.397877358,2.46207032,0.06419296221,-0.03979598518,-0.007699504078,0.1460109649,4.0255977,2.253000715,4,0.172,0.014,0.012,0.032,0.77
8,80,80,14.28148926,205.109672,2.186593018,34.90430411,-861659.1763,1594725.972,70,70,14.82843913,171.1570129,1.859248697,87.8085981,-861653.8108,1594715.747,2731.939047,137953.1029,13.79531029,13.79531029,0.9659574039,11.54767492,Retain,2.658964241,2.6965469,0.03758265856,-0.1809634825,-0.1621721532,0.9225320146,3.317590091,1.689453527,4,0.258,0.02,0.192,0.118,0.412
9,82,82,6.016453076,239.7607696,1.658988818,112.6245512,-861289.1225,1594473.486,71,71,6.988809168,213.2193814,1.590095974,102.0524134,-861298.7609,1594469.602,1442.50942,60164.53093,6.016453093,6.016453093,1.000000003,10.39127886,Retain,1.794497896,1.944310179,0.1498122839,-0.1173200376,-0.04241389568,-0.09857227382,6.908757692,2.016179108,4,0.04,0,0.004,0.02,0.936
10,8,8,15.13250042,203.4619709,2.232716914,23.8239856,-875082.4497,1598640.562,8,8,15.740232110000001,186.096514,2.082758292,23.8239856,-875087.609,1598636.362,3075.515936,144032.228,14.4032228,14.4032228,0.951807197,6.653244769,Retain,2.716844776,2.756219989,0.0393752131,-0.08921368061,-0.06952607406,0,2.963665239,1.109197517,4,0.31,0.05,0.058,0.096,0.486
11,27,27,0.364636218,681.1024995,1.160212242,76.53316729,-874626.5642,1596619.528,28,28,0.364636218,681.1024995,1.160212242,80.15500383,-874626.5642,1596619.528,248.3546395,3646.36218,0.364636218,0.364636218,1,0,Retain,-1.008855085,-1.008855085,0,0,0,0.04623751128,6.908754779,-5.830962793,3,0.198,0.018,0,0.606,0.178
12,33,33,1.215453067,403.1030921,1.253661516,51.02247628,-874975.2104,1596315.881,33,33,1.215453067,403.1030921,1.253661516,51.02247628,-874975.2104,1596315.881,489.9528897,12154.53067,1.215453067,1.215453067,1,0,Retain,0.1951169022,0.1951169022,0,0,0,0,6.908754779,-6.432948787,3,0.11,0.022,0,0.72,0.148
13,66,66,133.1524947,136.3189686,4.437373784,0,-875031.0087,1595330.263,39,39,0.3646360224,821.0328348,1.39857377,23.82168512,-875064.5197,1596109.104,299.3781471,3646.358948,0.3646358948,0.3646358948,0.002738483388,779.5617537,Retain,4.891495048,-1.008855622,-5.90035067,1.795565606,-1.15460973,10.07839356,-5.587335265,4.785350609,2,0,0,1,0,0
14,66,66,133.1524947,136.3189686,4.437373784,0,-875031.0087,1595330.263,61,61,215.4995687,132.3654508,5.4814179,0,-874706.6255,1595894.519,18743.20442,1292022.798,129.2022798,129.2022798,0.9703331513,650.8526585,Retain,4.891495048,5.372958908,0.4814638601,-0.02943083307,0.211301097,0,3.455487288,4.604902241,4,0.02,0.026,0.03,0.014,0.91
16,74,74,5.226416865,330.0476513,2.128500409,0,-875471.5735,1594309.761,66,66,5.530278618,276.2309115,1.832486781,23.82029154,-875474.5989,1594313.788,1626.300403,50441.0003,5.04410003,5.04410003,0.9651162853,5.037398092,Retain,1.653725932,1.710238197,0.05651226581,-0.1779998902,-0.1497437573,10.07833506,3.293000641,1.36259017,4,0.18,0.012,0.064,0.176,0.568
17,77,77,1.519306859,421.0062871,1.463883105,23.82029154,-875224.9711,1594171.326,68,68,1.519306859,421.0062871,1.463883105,23.82029154,-875224.9711,1594171.326,639.6377397,15193.06859,1.519306859,1.519306859,1,0,Retain,0.4182542171,0.4182542171,0,0,0,0,6.908754779,-6.544517445,3,0.102,0.014,0,0.74,0.144
18,30,30,1.276226665,621.134435,1.979450209,174.5212314,-875882.5463,1596550.148,30,30,1.397772449,603.6249111,2.013170048,25.51097067,-875883.2669,1596559.638,792.7083287,12762.26784,1.276226784,1.276226784,1.000000093,9.517579946,Retain,0.2439078066,0.3348798614,0.09097205476,-0.02859454303,0.01689148435,-1.922904354,6.908848166,2.703656712,4,0.124,0.002,0.002,0.28,0.592
19,40,40,349.2622671,97.32596559,5.13097175,23.82252847,-875892.0265,1597954.703,43,43,353.0909532,94.05421575,4.985590793,23.82252847,-875899.1854,1597944.59,34825.89188,3458589.817,345.8589817,345.8589817,0.9902557886,12.3908934,Retain,5.855823122,5.866725682,0.01090255984,-0.03419443543,-0.02874315551,0,4.524605475,0.1614958831,0,0.284,0.214,0.228,0.052,0.222
21,44,44,0.6684983171,590.3757483,1.361675853,56.31028396,-875601.3491,1595758.203,47,47,0.7900437869,499.548507,1.252559353,56.31028396,-875601.7026,1595764.618,394.6651942,6684.984327,0.6684984327,0.6684984327,1.000000173,6.424683993,Retain,-0.4027213999,-0.2356669086,0.1670544913,-0.1670544913,-0.08352724563,0,6.908927879,2.634028726,4,0.128,0.004,0.012,0.35,0.506
22,52,52,0.2430900692,1021.664791,1.42097718,0,-875943.7283,1595202.972,54,54,0.1823176018,1082.35581,1.303705268,0,-875939.5121,1595194.587,197.3325156,1823.176018,0.1823176018,0.1823176018,0.7500002056,9.385120851,Retain,-1.414323249,-1.702005048,-0.2876817984,0.05770652577,-0.08613437341,0,1.095953805,3.518758661,3,0.226,0.208,0.024,0.526,0.016
23,67,67,2.917071888,368.5806927,1.775829294,23.82060597,-876075.7508,1594537.118,62,62,3.707112381,290.0307559,1.575277241,23.82060597,-876093.9484,1594532.9,1027.535468,28562.99821,2.856299821,2.856299821,0.979166757,18.68004072,Retain,1.070580335,1.31025324,0.2396729044,-0.2396726914,-0.1198362392,0,3.804289,2.96458392,4,0.172,0.004,0.022,0.132,0.67
24,73,73,0.3038611854,817.3397535,1.270970014,71.4609351,-875747.0337,1594259.238,65,65,0.3038611854,817.3397535,1.270970014,71.4609351,-875747.0337,1594259.238,248.3578264,3038.611854,0.3038611854,0.3038611854,1,0,Retain,-1.191184309,-1.191184309,0,0,0,0,6.908754779,-5.739798182,3,0.216,0.016,0,0.598,0.17
25,76,76,6.198771292,301.3321244,2.116378339,47.64102076,-876287.5608,1594286.375,67,67,7.657307828,199.9420877,1.560764375,34.90423758,-876304.8683,1594284.346,1772.607075,60772.27119,6.077227119,6.077227119,0.9803922153,17.42612059,Retain,1.824351094,2.035660464,0.2113093698,-0.4101852965,-0.3045306116,-0.311078269,3.863303287,2.518217044,4,0.052,0.006,0.148,0.118,0.676
26,86,86,9.966640196,216.7729177,1.930520783,95.27956006,-876107.742,1593825.375,75,75,7.961160396,308.5601473,2.455970173,95.27956006,-876112.8469,1593843.159,2456.496322,73534.37322,7.3534373220000004,7.3534373220000004,0.7378050353,18.50282762,Retain,2.299243536,2.074574768,-0.2246687682,0.3530664477,0.2407320636,0,1.032138996,2.340720784,0,0.682,0.12,0.07,0.076,0.052
27,1,1,1.033152044,569.7488951,1.633656252,71.47833805,-880518.8382,1601480.971,1,1,1.033152044,569.7488951,1.633656252,71.47833805,-880518.8382,1601480.971,588.6372354,10331.52044,1.033152044,1.033152044,1,0,Retain,0.03261436589,0.03261436589,0,0,0,0,6.908754779,-6.351697519,3,0.118,0.012,0.002,0.718,0.15
28,3,3,33.54700063,119.2666412,1.948681694,71.47833805,-880742.2436,1600985.24,3,3,31.78456746,125.7740684,2.000296293,51.01478692,-880749.6784,1600987.554,4045.325393,314199.274,31.4199274,31.4199274,0.9365942353,7.786569265,Retain,3.512947459,3.458980872,-0.05396658722,0.05312552057,0.02614222696,-0.3372732974,2.678114128,0.8684199917,0,0.52,0.242,0.102,0.068,0.068
29,6,6,7.535876998,315.1238298,2.44029997,348.4045651,-883783.0426,1598875.652,5,5,7.59664984,312.6028675,2.430519332,348.4045651,-883784.6487,1598877.872,2374.7344199999998,74751.03703,7.475103703,7.475103703,0.9919354715,2.739985637,Retain,2.019675215,2.02770734,0.008032124349,-0.00803208102,-0.004016018846,0,4.696296845,0.5708449126,4,0.26,0.062,0.016,0.31,0.352
30,10,10,0.1823189768,1082.349333,1.303702382,175.624084,-883339.8031,1597785.466,10,10,0.1215459042,1231.519662,1.21117412,183.4846006,-883347.6159,1597780.983,149.6861709,1215.459042,0.1215459042,0.1215459042,0.6666662261,9.00766071,Retain,-1.701997506,-2.107463275,-0.405465769,0.1291149182,-0.07361796635,0.04378467536,0.6916485701,3.621550112,3,0.28,0.324,0.02,0.374,0.002
31,16,16,6.016520026,328.5457076,2.273335578,175.624084,-883119.6789,1597454.746,14,14,2.917102446,339.3907997,1.63520036,25.51019995,-883103.1128,1597537.209,990.0377322,29171.02581,2.917102581,2.917102581,0.4848488111,84.11120502,Retain,1.794509023,1.070590811,-0.7239182127,0.03247627647,-0.3294828299,-1.929233949,-0.06050223727,4.107262113,2,0.052,0.148,0.78,0.01,0.01
32,16,16,6.016520026,328.5457076,2.273335578,175.624084,-883119.6789,1597454.746,16,16,1.944732218,481.1167171,1.892672273,25.51019995,-883109.9083,1597320.611,935.6431806,19447.32334,1.944732334,1.944732334,0.3232320886,134.4897149,Retain,1.794509023,0.6651242907,-1.129384733,0.3814339272,-0.1832584391,-1.929233949,-0.7373453335,4.576605594,2,0.002,0.05,0.934,0.012,0.002
33,18,18,2.613232921,380.1474008,1.733549127,0,-882588.9789,1597182.15,17,17,2.491687278,379.5693795,1.690180183,0,-882593.6509,1597186.573,945.7681941,24916.8729,2.4916872900000002,2.4916872900000002,0.9534884051,6.433449599,Retain,0.9605881217,0.9129601028,-0.04762801888,-0.001521676145,-0.02533568559,0,3.000201711,1.953737187,3,0.224,0.024,0.01,0.63,0.112
34,48,48,88.91041561,150.4250898,4.001212966,0,-883716.7437,1596091.751,50,50,88.6065517,150.4413863,3.994802496,0,-883713.7842,1596096.803,13626.09367,876949.6295,87.69496295,87.69496295,0.9863294682,5.85578756,Retain,4.487629297,4.484205802,-0.003423494827,1.083309272e-4,-0.001603416486,0,4.209162949,0.09615154992,0,0.416,0.18,0.168,0.078,0.158
35,7,7,0.182319371,1082.347398,1.303701462,69.80845839,-878548.1908,1598563.882,6,6,0.182319371,1082.347398,1.303701462,69.80845839,-878548.1908,1598563.882,197.3328969,1823.19371,0.182319371,0.182319371,1,0,Retain,-1.701995344,-1.701995344,0,0,0,0,6.908754779,-5.484392664,3,0.236,0.03,0,0.568,0.166
36,15,15,0.5469561734,628.2861342,1.310776986,23.82286044,-878392.1265,1597482.394,15,15,0.5469561734,628.2861342,1.310776986,25.51018082,-878392.1265,1597482.394,343.6449797,5469.561734,0.5469561734,0.5469561734,1,0,Retain,-0.6033866016,-0.6033866016,0,0,0,0.06842920143,6.908754779,-6.033697035,3,0.144,0.016,0.002,0.63,0.208
37,19,19,3.767916335,313.3352088,1.715753493,54.04495373,-876946.8152,1597267.363,19,19,3.767916335,313.3352088,1.715753493,54.04495373,-876946.8152,1597267.363,1180.620852,37679.16335,3.767916335,3.767916335,1,0,Retain,1.326522153,1.326522153,0,0,0,0,6.908754779,-6.998651412,3,0.164,0.044,0.018,0.646,0.128
38,20,20,0.3646373163,811.7627376,1.382785242,54.04495319,-876731.8119,1597166.471,20,20,0.3646373163,811.7627376,1.382785242,34.90422547,-876731.8119,1597166.471,295.9989861,3646.373163,0.3646373163,0.3646373163,1,0,Retain,-1.008852073,-1.008852073,0,0,0,-0.4371981248,6.908754779,-5.830964299,3,0.242,0.018,0.002,0.594,0.144
39,21,21,0.3038640427,817.3194149,1.270944363,23.82252847,-876905.8184,1597058.46,21,21,0.3038640427,817.3194149,1.270944363,23.82252847,-876905.8184,1597058.46,248.3539816,3038.640427,0.3038640427,0.3038640427,1,0,Retain,-1.191174905,-1.191174905,0,0,0,0,6.908754779,-5.739802883,3,0.216,0.016,0,0.598,0.17
40,26,26,0.5469545891,802.502163,1.674236921,23.82226362,-878406.8963,1596628.411,27,27,0.5469545891,802.502163,1.674236921,23.82226362,-878406.8963,1596628.411,438.9322408,5469.545891,0.5469545891,0.5469545891,1,0,Retain,-0.6033894981,-0.6033894981,0,0,0,0,6.908754779,-6.033695587,3,0.144,0.016,0.002,0.63,0.208
41,34,34,0.1823181649,1082.353162,1.303704091,54.04401234,-880278.906,1596080.23,34,34,0.1823181649,1082.353162,1.303704091,953.2174833,-880278.906,1596080.23,197.3326422,1823.181649,0.1823181649,0.1823181649,1,0,Retain,-1.702001959,-1.702001959,0,0,0,2.870026875,6.908754779,-5.484389356,3,0.242,0.038,0,0.55,0.17
42,50,50,1.823173987,543.0332785,2.068404962,76.53620816,-877434.6419,1595253.076,52,52,2.552443536,426.5365131,1.922336243,76.53620816,-877451.6677,1595272.633,990.0441476,18231.73984,1.823173984,1.823173984,0.999999998,25.92953557,Retain,0.6005789313,0.9370511499,0.3364722187,-0.2414726302,-0.07323652088,0,6.908752741,3.527496731,4,0.012,0.002,0.004,0.076,0.906
43,63,63,253.9085781,120.7437566,5.427482579,23.82226362,-878243.9429,1596731.158,58,58,253.6047195,117.22567,5.266189191,23.82226362,-878241.5508,1596738.668,30909.59725,2508091.703,250.8091703,250.8091703,0.9877932136,7.881872226,Retain,5.536974273,5.535776832,-0.001197441,-0.02956970513,-0.03016842563,0,4.315754403,-0.1314298606,0,0.314,0.214,0.248,0.078,0.146
44,56,56,0.3038625258,974.121008,1.51476949,69.80857377,-877324.4654,1595070.826,55,55,0.3038625258,974.121008,1.51476949,69.80857377,-877324.4654,1595070.826,295.9988699,3038.625258,0.3038625258,0.3038625258,1,0,Retain,-1.191179898,-1.191179898,0,0,0,0,6.908754779,-5.739800387,3,0.216,0.016,0,0.598,0.17
45,59,59,2.127034251,347.1057015,1.428052116,69.80857377,-877482.0409,1594940.799,57,57,2.673986131,314.2703167,1.449699558,69.80857377,-877492.0466,1594955.953,738.3057157,21270.34616,2.127034616,2.127034616,1.000000172,18.1595635,Retain,0.7547286389,0.9835702922,0.2288416532,-0.09937585198,0.01504497464,0,6.908926852,3.094253026,4,0.108,0.002,0,0.15,0.74
47,79,79,32.20931066,175.7708441,2.81405526,23.82022945,-876914.2416,1594236.479,69,69,37.19264032,141.9724529,2.442461118,119.1009395,-876909.5616,1594243.464,5613.816961,319662.2181,31.96622181,31.96622181,0.9924528392,8.407371791,Retain,3.472255562,3.616110901,0.1438553392,-0.2135480796,-0.14162041,1.609402584,4.755587432,0.9654650135,4,0.172,0.026,0.102,0.044,0.656
48,84,84,0.2430884995,811.7714835,1.129044516,95.27956006,-876399.5205,1593671.04,74,74,0.2430884995,811.7714835,1.129044516,95.27956006,-876399.5205,1593671.04,197.3323119,2430.884995,0.2430884995,0.2430884995,1,0,Retain,-1.414329707,-1.414329707,0,0,0,0,6.908754779,-5.628225483,3,0.23,0.028,0,0.576,0.166
49,89,89,2.43088482,531.8319983,2.3391158,54.04101126,-876661.505,1593441.341,78,78,0.5469500195,727.7663023,1.518311326,0,-876721.6556,1593595.001,347.0250985,3646.329507,0.3646329507,0.3646329507,0.1500000937,165.0133816,Retain,0.8882553146,-0.6033978527,-1.491653167,0.3136523366,-0.432174247,-10.89751701,-1.729131561,5.234269917,2,0,0.042,0.954,0.004,0
50,89,89,2.43088482,531.8319983,2.3391158,54.04101126,-876661.505,1593441.341,82,82,1.640847599,545.3097126,1.970481782,0,-876641.7689,1593397.864,894.7700355,16408.47475,1.640847475,1.640847475,0.6750000909,47.74719969,Retain,0.8882553146,0.4952129368,-0.3930423778,0.02502626657,-0.1714949223,-10.89751701,0.7292961082,3.994178649,2,0.184,0.188,0.458,0.148,0.022
51,95,95,0.1823159798,1082.364014,1.30370935,159.2216596,-876619.3985,1592903.152,87,87,0.4254046524,799.8217166,1.471598639,95.27695075,-876582.8346,1592894.495,197.3324555,1215.442276,0.1215442276,0.1215442276,0.666667989,37.57485368,Retain,-1.702013945,-0.8547144396,0.847299505,-0.3025139809,0.1211357716,-0.5135051801,0.6916564836,5.04973357,4,0,0.004,0.002,0.174,0.82
52,98,98,9.966618575,307.9098747,2.742158816,54.04101126,-876363.6028,1592997.249,89,89,9.966616343,284.0107486,2.529319632,54.04101126,-876357.1063,1592983.742,2878.2644,97235.29371,9.723529371,9.723529371,0.9756096612,14.98786429,Retain,2.299241366,2.299241142,-2.239409519e-7,-0.08079504077,-0.08079515274,0,3.649718306,2.130051805,3,0.324,0.034,0.07,0.334,0.238
53,119,119,2.673930727,374.0829828,1.725591911,71.44683366,-881732.1279,1588227.687,106,106,2.673930727,374.0829828,1.725591911,112.6363718,-881732.1279,1588227.687,1000.271982,26739.30727,2.673930727,2.673930727,1,0,Retain,0.9835495721,0.9835495721,0,0,0,0.455205975,6.908754779,-6.827165122,3,0.142,0.02,0.002,0.716,0.12
54,120,120,1.336963523,407.1648179,1.328082615,87.80195155,-881918.5614,1587919.358,107,107,1.033108316,477.5197761,1.369176256,112.6363718,-881919.5483,1587909.568,493.3296518,10331.083,1.0331083,1.0331083,0.7727273653,9.83946084,Retain,0.2904010147,0.0325720404,-0.2578289743,0.1593875135,0.03047302638,0.2490784425,1.220678889,2.713666979,0,0.65,0.106,0.016,0.218,0.01
55,121,121,0.5469387977,634.5016081,1.32372314,102.0719609,-882303.0718,1587367.714,108,108,1.21541966,613.0416332,1.906549854,51.03603044,-882287.9855,1587381.347,347.0335408,4253.967926,0.4253967926,0.4253967926,0.7777776862,20.33343362,Retain,-0.60341837,0.1950894163,0.7985077863,-0.03440697084,0.3648469223,-0.6931364044,1.249557424,3.886389814,4,0,0,0,0.024,0.976
56,122,122,2.370065402,502.4351235,2.182002406,87.80076588,-882444.3911,1587062.454,109,109,1.458501402,646.1670632,2.201371353,51.03603044,-882420.9252,1587087.69,942.4355674,14585.0139,1.45850139,1.45850139,0.6153844484,34.46037888,Retain,0.8629175507,0.3774094713,-0.4855080794,0.2515915579,0.008837518239,-0.5425301567,0.4690299806,3.680745412,1,0.27,0.346,0.304,0.076,0.004
57,123,123,10.81722395,170.1589677,1.578729851,87.80076588,-882677.1933,1587135.669,110,110,10.81722395,170.1589677,1.578729851,98.61771955,-882677.1933,1587135.669,1840.647661,108172.2395,10.81722395,10.81722395,1,0,Retain,2.381139674,2.381139674,0,0,0,0.1161794841,6.908754779,-7.525960173,0,0.39,0.082,0.028,0.288,0.212
58,131,131,6.68475728,339.4984081,2.476142485,127.6001334,-882882.3391,1585107.64,114,114,7.596316191,317.5676995,2.469067186,127.6001334,-882874.3517,1585130.936,2269.464455,66847.57749,6.684757749,6.684757749,1.00000007,24.62710296,Retain,1.899829902,2.027663418,0.1278335163,-0.0667782357,-0.002861477532,0,6.908824983,2.82633818,4,0.064,0.002,0,0.022,0.912
59,132,132,2.126963508,302.3252408,1.243796971,127.6001334,-882915.3769,1584436.633,115,115,2.126963508,302.3252408,1.243796971,127.6001334,-882915.3769,1584436.633,643.0347548,21269.63508,2.126963508,2.126963508,1,0,Retain,0.7546953797,0.7546953797,0,0,0,0,6.908754779,-6.712738026,3,0.102,0.02,0.002,0.748,0.128
60,134,134,4.071592338,320.9047865,1.826641865,25.52160189,-882639.8838,1582793.424,118,118,4.375441726,321.9511239,1.899747867,23.81136498,-882642.7913,1582812.218,1306.593567,39500.51544,3.950051544,3.950051544,0.9701490759,19.0174947,Retain,1.404034161,1.476007481,0.07197331986,0.00325528093,0.03924194086,-0.06935942551,3.449313281,2.815759774,4,0.092,0.002,0,0.142,0.764
61,133,133,0.1823102157,1082.392977,1.303723626,69.8089967,-882777.9228,1582715.693,117,117,0.4253905273,695.8237754,1.280230706,0,-882762.0911,1582717.374,197.3312971,1823.102157,0.1823102157,0.1823102157,1,15.92067853,Retain,-1.702045561,-0.8547476443,0.8472979165,-0.441833156,-0.01818419774,-11.1535325,6.908754791,4.191069333,4,0.01,0,0,0.076,0.914
62,135,135,0.9723192324,461.9130862,1.284871725,25.52160189,-882535.9422,1582418.538,119,119,0.9723192324,461.9130862,1.284871725,25.52160189,-882535.9422,1582418.538,449.1269774,9723.192324,0.9723192324,0.9723192324,1,0,Retain,-0.02807110002,-0.02807110002,0,0,0,0,6.908754779,-6.321354786,3,0.128,0.012,0,0.706,0.154
63,137,137,0.3038480089,806.161558,1.2535606480000001,51.04594446,-883805.1864,1580763.696,121,121,0.3038480089,806.161558,1.2535606480000001,51.04594446,-883805.1864,1580763.696,244.9505842,3038.480089,0.3038480089,0.3038480089,1,0,Retain,-1.191227673,-1.191227673,0,0,0,0,6.908754779,-5.739776499,3,0.216,0.016,0,0.598,0.17
64,138,138,0.6684664303,514.0364345,1.185574287,54.02812746,-883958.0004,1580746.666,122,122,0.6684664303,514.0364345,1.185574287,54.02812746,-883958.0004,1580746.666,343.6161004,6684.664303,0.6684664303,0.6684664303,1,0,Retain,-0.4027691001,-0.4027691001,0,0,0,0,6.908754779,-6.134005786,3,0.146,0.016,0,0.646,0.192
65,139,139,0.6684665751,722.6208549,1.66665384,54.02818222,-884159.3989,1580673.424,124,124,0.6076974611,716.5219815,1.575680996,75.85223663,-884169.3718,1580673.826,435.4285889,6076.974611,0.6076974611,0.6076974611,0.9090917687,9.981028121,Retain,-0.4027688835,-0.4980781178,-0.09530923429,-0.008475753458,-0.0561303706,0.3392760642,2.292754845,3.074535673,3,0.19,0.04,0.006,0.604,0.16
66,142,142,1.154622515,430.2306968,1.30411675,51.04594446,-883803.89,1580625.851,126,126,1.154622515,430.2306968,1.30411675,51.04594446,-883803.89,1580625.851,496.7540492,11546.22515,1.154622515,1.154622515,1,0,Retain,0.1437734637,0.1437734637,0,0,0,0,6.908754779,-6.407277068,3,0.116,0.014,0,0.72,0.15
68,149,149,7.413890426,173.4687397,1.332414569,87.79398985,-883368.2181,1580546.99,136,136,11.0600638,240.8636633,2.259670789,54.02803751,-883463.6639,1580487.561,1286.078537,69885.034,6.9885034,6.9885034,0.9426229683,112.4355365,Retain,2.003355325,2.403340765,0.3999854398,0.3282336523,0.5282263722,-0.4854828021,2.782804169,4.293076222,4,0.134,0.03,0.038,0.052,0.746
69,157,157,5.226179973,209.6374912,1.351936217,47.61867287,-884465.1663,1580255.446,139,139,5.043871217,216.5351431,1.371846293,23.80930997,-884462.1173,1580243.466,996.9378273,48615.63053,4.861563053,4.861563053,0.9302326131,12.36176959,Retain,1.653680604,1.618173886,-0.0355067186,0.0323730513,0.01461969199,-0.6931272924,2.577110842,2.260214145,3,0.306,0.056,0.02,0.486,0.132
70,153,153,0.2430779336,1021.802284,1.421132937,25.523357,-884670.884,1580191.789,138,138,0.2430776785,1021.803332,1.421133649,0,-884651.5324,1580141.29,98.66543685,607.6948341,0.06076948341,0.06076948341,0.25,54.07994091,Retain,-1.414373173,-1.414374222,-1.04945589e-6,1.025788723e-6,5.010607779e-7,-10.14738845,-1.095952713,5.270033359,3,0.012,0.024,0.048,0.884,0.032
72,159,159,0.72923409,615.9021213,1.483680023,25.523357,-884606.5238,1580095.802,141,141,0.3646175195,681.2014141,1.160350984,0,-884601.681,1580066.154,248.3779699,3646.176471,0.3646176471,0.3646176471,0.5000008256,30.04056124,Retain,-0.3157604873,-1.008906367,-0.6931458793,0.1007699678,-0.2458029719,-10.14738845,3.295692529e-6,4.132826984,1,0.028,0.454,0.424,0.09,0.004
73,165,165,2.066160934,497.2578278,2.016316803,54.02714262,-884245.5504,1579843.821,145,145,3.40308855,358.8847302,1.867612075,47.61809957,-884248.9524,1579859.948,976.3673108,20053.91557,2.005391557,2.005391557,0.9705882652,16.48213826,Retain,0.7256922642,1.224683416,0.4989911523,-0.3261074087,-0.07661183251,-0.1262711383,3.464103572,3.011856746,4,0.09,0,0.006,0.028,0.876
74,166,166,1.336926939,475.8533169,1.552108246,121.7507355,-884568.9607,1579727.042,146,146,1.093848395,534.9313557,1.578235072,104.7137288,-884554.6459,1579727.077,585.1339076,10330.79232,1.033079232,1.033079232,0.7727267678,14.31474847,Retain,0.2903736511,0.08970211546,-0.2006715357,0.1170287825,0.01669301466,-0.150744232,1.2206755,3.08853834,0,0.53,0.114,0.02,0.312,0.024
75,167,167,7.413875557,261.5913342,2.009282801,127.6189118,-882588.5546,1580006.891,147,147,7.656953662,253.2868662,1.977132378,127.6189118,-882591.367,1580014.014,1939.405598,74138.75556,7.413875556,7.413875556,1,7.658383352,Retain,2.00335332,2.03561421,0.03226089078,-0.0322607877,-0.01613034231,0,6.908754745,1.606619761,4,0.14,0.024,0.014,0.224,0.598
76,178,178,0.3646159483,951.8085816,1.621296759,47.61724186,-884517.8992,1579242.995,156,156,0.3646159483,951.8085816,1.621296759,95.23454988,-884517.8992,1579242.995,347.0445886,3646.159483,0.3646159483,0.3646159483,1,0,Retain,-1.008910676,-1.008910676,0,0,0,0.69313737499999994,6.908754779,-5.830934998,3,0.204,0.022,0,0.594,0.18
77,182,182,4.922320314,424.4192393,2.656287426,54.02714262,-883858.7692,1579528.144,158,158,4.800780502,435.1639174,2.689700171,47.61809957,-883868.2967,1579545.043,2038.079074,44969.34039,4.496934039,4.496934039,0.9135801313,19.39938654,Retain,1.593780028,1.568778509,-0.02500151875,0.0250010431,0.01250028373,-0.1262711383,2.347742499,2.740767919,3,0.236,0.036,0.018,0.594,0.116
78,183,183,4.193082207,245.8432129,1.42010344,23.80850443,-884133.8629,1579225.432,162,162,4.618467118,245.3058665,1.487140258,142.8517263,-884136.6559,1579206.281,983.2236047,38284.65926,3.828465926,3.828465926,0.9130433742,19.35337701,Retain,1.433436074,1.530062857,0.09662678371,-0.002188120129,0.04612527172,1.791729366,2.341034221,2.818565502,4,0.14,0.006,0,0.08,0.774
79,188,188,8.446935035,194.5577296,1.595119171,127.6189118,-882366.1878,1579326.163,163,163,8.5684734,186.2408388,1.537877395,127.6189118,-882356.3305,1579324.842,1643.416697,80823.19369,8.082319369,8.082319369,0.9568345603,9.94539903,Retain,2.133803658,2.148089584,0.01428592595,-0.04368826115,-0.03654529818,0,3.076732493,1.802673693,4,0.202,0.016,0.02,0.246,0.516
80,11,11,32.33125647,172.1622947,2.761495895,23.82340976,-884318.5484,1598074.327,11,11,30.14342808,184.6579691,2.859956604,87.81214289,-884307.889,1598075.364,5566.223817,293533.7893,29.35337893,29.35337893,0.9078947783,10.70977953,Retain,3.476034455,3.405966925,-0.0700675296,0.07006769227,0.03503392747,1.304500506,2.278499063,1.205598383,0,0.556,0.32,0.048,0.024,0.052
81,12,12,5.894977115,241.8333966,1.656351119,0,-884975.1294,1597620.643,12,12,6.077295892,242.9735608,1.689698728,23.82311871,-884971.575,1597625.015,1425.602338,58949.76996,5.894976996,5.894976996,0.9999999798,5.634703527,Retain,1.774100652,1.804559842,0.03045919061,0.004703588882,0.01993318419,10.07845374,6.908734562,1.414436606,4,0.158,0.042,0.018,0.252,0.53
82,14,14,0.6077292038,559.9059788,1.231303818,0,-885245.1467,1597469.96,13,13,0.4861834401,601.8820388,1.183876862,23.82311871,-885257.053,1597469.609,292.6249773,4861.829563,0.4861829563,0.4861829563,0.7999993308,11.91153368,Retain,-0.4980258847,-0.7211692775,-0.2231433928,0.07229260275,-0.03927909367,10.07845374,1.382551874,3.298968981,3,0.25,0.194,0.02,0.472,0.064
83,24,24,1.276228797,429.178322,1.367719741,598.7210524,-886424.6457,1596633.71,24,24,1.154683042,430.1685875,1.30396266,598.7210524,-886426.982,1596625.837,496.7083732,11546.83045,1.154683045,1.154683045,0.9047617858,8.211912155,Retain,0.2439094769,0.1438258838,-0.1000835931,0.002304694336,-0.0477371022,0,2.241949826,2.556117773,3,0.258,0.04,0.01,0.576,0.116
84,25,25,0.8508185625,519.864181,1.352706078,23.82237505,-887480.5264,1596494.394,25,25,0.8508185625,519.864181,1.352706078,23.82237505,-887480.5264,1596494.394,442.3100951,8508.185625,0.8508185625,0.8508185625,1,0,Retain,-0.1615563782,-0.1615563782,0,0,0,0,6.908754779,-6.254612147,3,0.134,0.016,0,0.676,0.174
85,35,35,0.2430902489,811.7663655,1.12904146,102.0455062,-885686.7303,1595874.604,35,35,0.2430902489,811.7663655,1.12904146,102.0455062,-885686.7303,1595874.604,197.3324879,2430.902489,0.2430902489,0.2430902489,1,0,Retain,-1.41432251,-1.41432251,0,0,0,0,6.908754779,-5.628229081,3,0.23,0.028,0,0.576,0.166
86,36,36,0.3646357582,671.8380604,1.144430173,23.82177531,-887506.8028,1595769.882,37,37,0.3646357582,671.8380604,1.144430173,23.82177531,-887506.8028,1595769.882,244.9761805,3646.357582,0.3646357582,0.3646357582,1,0,Retain,-1.008856346,-1.008856346,0,0,0,0,6.908754779,-5.830962163,3,0.2,0.018,0,0.604,0.178
87,37,37,0.1823179812,1082.353969,1.303704407,0,-884680.5521,1595831.917,38,38,0.1215453611,1203.747407,1.183858036,51.02277728,-884684.7708,1595840.3,146.3099132,1215.453576,0.1215453576,0.1215453576,0.6666668684,9.38496195,Retain,-1.702002967,-2.107467743,-0.4054647766,0.1063012598,-0.09643112851,10.84004702,0.6916514534,3.66258159,1,0.206,0.408,0.036,0.342,0.008
88,39,39,1.2154514,657.7546499,2.045633344,0,-884631.4275,1595728.295,42,42,0.7900431435,632.9917346,1.587151966,51.02277728,-884631.672,1595686.765,500.0907799,7900.433948,0.7900433948,0.7900433948,0.6499999873,41.53103093,Retain,0.1951155307,-0.2356677229,-0.4307832537,-0.03837462466,-0.2537662515,10.84004702,0.6177233631,4.201272137,1,0.068,0.498,0.232,0.192,0.01
89,38,38,0.7292712497,611.1420373,1.472250708,34.9041823,-885265.19240000006,1595655.191,41,41,0.2430904495,811.7662273,1.129041734,23.82172226,-885322.799,1595655.621,149.6892696,1215.451473,0.1215451473,0.1215451473,0.1666665831,57.60824095,Retain,-0.3157095316,-1.414321685,-1.098612153,0.2838830023,-0.2654230742,-0.3819954662,-1.60465572,4.783902697,2,0,0.424,0.568,0.008,0
90,42,42,0.7900435946,559.8529804,1.403765584,121.8094224,-884837.1882,1595568.81,45,45,0.7900435946,559.8529804,1.403765584,121.8094224,-884837.1882,1595568.81,442.3082611,7900.435946,0.7900435946,0.7900435946,1,0,Retain,-0.235667152,-0.235667152,0,0,0,0,6.908754779,-6.21755676,3,0.14,0.016,0,0.666,0.178
91,46,46,7.535799293,255.9866705,1.982335148,23.82167817,-885534.696,1595567.666,49,49,8.265069955,250.6927067,2.033106057,23.82167817,-885542.5571,1595554.94,1929.064171,75357.99297,7.535799297,7.535799297,1,14.95866592,Retain,2.019664904,2.112038195,0.09237329143,-0.02089746188,0.02528918384,0,6.908755246,2.267890132,4,0.074,0.004,0,0.018,0.904
92,69,69,460.6554579,57.21103721,3.46388129,23.82167817,-887083.9983,1594970.391,63,63,493.7156697,64.72325192,4.056895801,23.82167817,-886941.4911,1594968.756,26854.67612,4591361.463,459.1361463,459.1361463,0.9967018484,142.5166252,Retain,6.132650384,6.201959784,0.06930940041,0.1233736794,0.1580283796,0,5.447269408,2.465505429,4,0.27,0.232,0.05,0.044,0.404
96,83,83,3.16015237,325.1521739,1.630556085,119.100095,-887457.8849,1593538.525,72,72,3.160149046,293.930479,1.47398639,119.100095,-887455.6099,1593539.083,979.8899581,30386.05728,3.038605728,3.038605728,0.9615377274,2.342363532,Retain,1.150620245,1.150619193,-1.051759302e-6,-0.1009500267,-0.1009505526,0,3.194228172,0.8486421249,3,0.17,0.032,0.04,0.616,0.142
97,87,87,0.2430887193,811.7711945,1.129044624,23.81976133,-884753.7079,1593324.218,77,77,0.3646327183,681.1207415,1.160237748,23.81976133,-884754.0832,1593336.969,197.33242,2430.887193,0.2430887193,0.2430887193,1,12.75662645,Retain,-1.414328802,-1.008864683,0.405464119,-0.1754789295,0.02725313001,0,6.908754779,3.82565859,4,0.006,0.002,0,0.364,0.628
98,88,88,0.6077213633,643.8425997,1.415881894,0,-885363.7632,1593081.641,80,80,0.1215439452,1203.722778,1.183826919,71.45878817,-885365.6184,1593063.719,146.3052154,1215.439452,0.1215439452,0.1215439452,0.1999994612,18.01753373,Retain,-0.4980387861,-2.107479393,-1.609440606,0.6257200624,-0.1790002408,11.17689017,-1.382559392,3.712785216,1,0,0.856,0.142,0.002,0
99,108,108,123.7923124,148.7421092,4.66848364,23.81976133,-883548.7773,1591942.367,81,81,0.2430883673,811.7719951,1.12904492,47.63922279,-884793.8203,1593067.793,197.3323289,2430.883673,0.2430883673,0.2430883673,0.001963679025,1678.307446,Retain,4.818605261,-1.41433025,-6.232935511,1.697005511,-1.419462245,0.6931198958,-5.820359725,5.588604,2,0,0,1,0,0
100,92,92,0.7900362394,499.5526678,1.252563803,95.277499,-885444.5061,1592723.684,84,84,0.7900362394,499.5526678,1.252563803,95.277499,-885444.5061,1592723.684,394.664711,7900.362394,0.7900362394,0.7900362394,1,0,Retain,-0.2356764619,-0.2356764619,0,0,0,0,6.908754779,-6.217552105,3,0.14,0.016,0,0.666,0.178
101,93,93,1.154668744,468.5063134,1.420166358,25.51370542,-887249.4459,1592660.232,86,86,1.154668744,468.5063134,1.420166358,25.51370542,-887249.4459,1592660.232,540.9695966,11546.68744,1.154668744,1.154668744,1,0,Retain,0.1438135014,0.1438135014,0,0,0,0,6.908754779,-6.407297087,3,0.116,0.014,0,0.72,0.15
102,97,97,0.7292635861,531.8849895,1.28131251,119.0948643,-885391.077,1592309.986,88,88,0.7292635861,531.8849895,1.28131251,119.0949143,-885391.077,1592309.986,387.8843548,7292.635861,0.7292635861,0.7292635861,1,0,Retain,-0.3157200402,-0.3157200402,0,0,0,4.196562145e-7,6.908754779,-6.177530316,3,0.144,0.016,0,0.656,0.184
103,99,99,0.6077192437,565.4525431,1.243491222,71.45685468,-885147.2522,1592283.985,91,91,0.9115796803,485.2043718,1.306823968,47.63788956,-885149.0823,1592265.212,343.6363919,5469.473875,0.5469473875,0.5469473875,0.9000001122,18.86136685,Retain,-0.4980422738,-0.09257627206,0.4054660018,-0.1530561844,0.04967681646,-0.4054583955,2.188385976,3.758554845,4,0.004,0,0.002,0.028,0.966
104,101,101,0.6077200596,733.3849047,1.612793708,25.51408629,-884008.0728,1592279.221,92,92,0.6684920125,666.7134487,1.537738171,25.51408629,-884011.3399,1592279.821,445.692718,6077.201834,0.6077201834,0.6077201834,1.000000204,3.321733343,Retain,-0.4980409313,-0.4027308308,0.09531010046,-0.09531033133,-0.0476552811,0,6.908958646,2.022173149,4,0.07,0.004,0.006,0.37,0.55
105,102,102,2.552419371,287.9269248,1.297637426,23.81891464,-884926.9785,1592233.099,93,93,2.673962581,292.65488,1.349983626,23.81891464,-884932.3135,1592234.738,734.9101631,25524.18422,2.552418422,2.552418422,0.9999996284,5.58097766,Retain,0.9370416821,0.9835614849,0.0465198028,0.01628731616,0.03954721757,0,6.908382833,1.823387235,3,0.114,0.016,0.004,0.606,0.26
106,104,104,56.09256222,146.4794873,3.094742496,0,-884853.2562,1592570.934,95,95,53.47936607,149.0562986,3.07495331,23.81891464,-884852.7185,1592561.739,7971.436166,526893.2758,52.68932758,52.68932758,0.9393282371,9.211444263,Retain,4.027003223,3.979295899,-0.04770732432,0.01743867716,-0.006414985007,10.07827726,2.724402828,0.7794185388,0,0.472,0.188,0.208,0.028,0.104
107,105,105,312.4292425,82.61043628,4.119133065,25.51370542,-887442.9619,1592874.022,96,96,315.7109305,81.88116813,4.104156442,25.51370542,-887443.1868,1592878.072,25707.86248,3120038.353,312.0038353,312.0038353,0.9986383887,4.05638229,Retain,5.74437802,5.754827018,0.01044899842,-0.008866992645,-0.003642493434,0,6.048049448,-0.8992860574,0,0.304,0.242,0.168,0.04,0.246
108,100,100,0.4861754039,706.8157103,1.390265526,239.5521904,-888779.2292,1592155.756,90,90,0.4861754039,706.8157103,1.390265526,239.5521904,-888779.2292,1592155.756,343.6364135,4861.754039,0.4861754039,0.4861754039,1,0,Retain,-0.7211858068,-0.7211858068,0,0,0,0,6.908754779,-5.974797433,3,0.154,0.016,0.004,0.616,0.21
109,103,103,0.2430875346,811.774304,1.129046198,71.45631027,-883667.854,1592054.392,94,94,0.2430875346,811.774304,1.129046198,71.45631027,-883667.854,1592054.392,197.3322142,2430.875346,0.2430875346,0.2430875346,1,0,Retain,-1.414333676,-1.414333676,0,0,0,0,6.908754779,-5.628223498,3,0.23,0.028,0,0.576,0.166
110,106,106,0.2430869665,811.7759606,1.129047182,34.90436475,-882287.5634,1591303.645,98,98,0.2430869665,811.7759606,1.129047182,34.90436475,-882287.5634,1591303.645,197.3321557,2430.869665,0.2430869665,0.2430869665,1,0,Retain,-1.414336013,-1.414336013,0,0,0,0,6.908754779,-5.62822233,3,0.23,0.028,0,0.576,0.166
111,107,107,0.2430870515,811.77599,1.129047421,129.7799321,-883710.0366,1591057.65,99,99,0.2430870515,811.77599,1.129047421,129.7799321,-883710.0366,1591057.65,197.3322319,2430.870515,0.2430870515,0.2430870515,1,0,Retain,-1.414335663,-1.414335663,0,0,0,0,6.908754779,-5.628222504,3,0.23,0.028,0,0.576,0.166
112,108,108,123.7923124,148.7421092,4.66848364,23.81976133,-883548.7773,1591942.367,100,100,122.819961,148.0079175,4.627159751,0,-883536.6989,1591934.495,18562.82345,1194775.014,119.4775014,119.4775014,0.965144758,14.41726095,Retain,4.818605261,4.810719551,-0.007885709892,-0.004948226416,-0.008891081362,-10.0783128,3.293823901,0.8315578371,0,0.378,0.152,0.222,0.098,0.15
113,109,109,7.596433796,286.1935098,2.225152228,25.51621312,-881238.2199,1589995.517,101,101,8.508005072,291.1193905,2.395411176,51.0325262,-881242.5667,1589970.096,2174.05005,75964.33915,7.596433915,7.596433915,1.000000016,25.7900084,Retain,2.0276789,2.141007493,0.1133285937,0.01706526994,0.0737295668,0.6931295444,6.908770464,2.808551412,4,0.07,0.006,0.002,0.05,0.872
115,111,111,5.287107028,254.1824147,1.648730303,25.51661734,-881429.9031,1589296.504,102,102,5.287107028,254.1824147,1.648730303,25.51661734,-881429.9031,1589296.504,1343.889631,52871.07028,5.287107028,5.287107028,1,0,Retain,1.665271221,1.665271221,0,0,0,0,6.908754779,-7.168025946,3,0.232,0.04,0.016,0.554,0.158
116,112,112,4.2539882,362.3015676,2.107965125,25.51661734,-881598.6914,1588789.041,103,103,4.557844331,348.5986939,2.099425982,25.51661734,-881607.7285,1588776.863,1541.226593,42539.88327,4.253988327,4.253988327,1.00000003,15.16495568,Retain,1.447856943,1.516849777,0.06899283444,-0.03855553808,-0.004059120856,0,6.908784789,2.56748963,4,0.144,0.004,0,0.132,0.72
117,144,144,4.740028388,416.3075869,2.556818294,0,-885499.997,1580549.398,123,123,0.6076959417,643.8010696,1.415760952,25.52297779,-885538.4414,1580653.937,391.2352973,6076.958227,0.6076958227,0.6076958227,0.1282051019,111.3839271,Retain,1.556043125,-0.498080618,-2.054123743,0.4359654015,-0.5910964698,10.14737359,-1.91029951,4.507335395,2,0,0.02,0.98,0,0
118,144,144,4.740028388,416.3075869,2.556818294,0,-885499.997,1580549.398,125,125,0.5469267945,727.8650818,1.518485165,34.90450334,-885644.878,1580574.481,398.088916,5469.26802,0.546926802,0.546926802,0.1153847102,147.0363183,Retain,1.556043125,-0.6034403164,-2.159483441,0.5586913251,-0.5210503955,10.46039978,-2.029381475,4.785029801,2,0,0.032,0.968,0,0
119,143,143,2.856172224,478.8265904,2.282787698,54.02787784,-884978.5836,1580620.069,127,127,2.856172224,478.8265904,2.282787698,54.02787784,-884978.5836,1580620.069,1367.611208,28561.72224,2.856172224,2.856172224,1,0,Retain,1.049482345,1.049482345,0,0,0,0,6.908754779,-6.860131509,3,0.114,0.022,0.006,0.748,0.11
120,144,144,4.740028388,416.3075869,2.556818294,0,-885499.997,1580549.398,128,128,2.91694016,354.5750119,1.708311066,0,-885446.4658,1580526.955,1034.274092,29169.4016,2.91694016,2.91694016,0.6153845339,58.04525161,Retain,1.556043125,1.070535177,-0.4855079482,-0.1605044559,-0.40325843,0,0.4690303409,3.855583515,2,0.07,0.326,0.504,0.088,0.012
121,146,146,3.03847917,340.3923076,1.673797584,54.02808769,-886680.8912,1580461.423,131,131,3.03847917,340.3923076,1.673797584,54.02808769,-886680.8912,1580461.423,1034.274936,30384.7917,3.03847917,3.03847917,1,0,Retain,1.111357117,1.111357117,0,0,0,0,6.908754779,-6.891068895,3,0.136,0.026,0.006,0.716,0.116
122,147,147,0.4253872435,695.8285391,1.280234529,25.52317181,-885266.6759,1580404.05,132,132,0.4253872435,695.8285391,1.280234529,25.52317181,-885266.6759,1580404.05,295.9965842,4253.872435,0.4253872435,0.4253872435,1,0,Retain,-0.8547553637,-0.8547553637,0,0,0,0,6.908754779,-5.908012654,3,0.184,0.016,0,0.604,0.196
123,150,150,0.5469260969,814.933524,1.700127824,54.0280125,-884770.7613,1580370.425,133,133,0.6684653389,595.5267341,1.373522497,0,-884781.9,1580413.686,295.9963518,3646.174447,0.3646174447,0.3646174447,0.6666667522,44.6717316,Retain,-0.603441592,-0.4027707328,0.2006708591,-0.313660263,-0.2133248334,-10.89727645,0.6916509318,4.673449023,4,0.05,0.018,0.044,0.436,0.452
125,145,145,0.5469260082,721.5999008,1.50541355,23.80961279,-884700.0578,1580485.993,135,135,2.005396187,449.6362848,1.796207524,0,-884692.7312,1580376.076,347.0426247,4861.565972,0.4861565972,0.4861565972,0.8888891549,110.1606668,Retain,-0.603441754,0.6958416409,1.299283395,-0.4730318312,0.1766098662,-10.07788668,2.071608839,5.576034805,4,0.002,0,0.008,0.002,0.988
126,164,164,14.64545546,246.2492049,2.65840623,34.90454619,-886193.87990000006,1580166.297,143,143,14.7062246,245.2316395,2.652907862,23.80915424,-886194.1136,1580164.944,3606.431762,145846.8597,14.58468597,14.58468597,0.9958506245,1.37321494,Retain,2.68413008,2.688270846,0.004140766295,-0.004140820091,-0.002070436943,-0.3825335946,5.265725497,-0.4518174814,0,0.422,0.108,0.064,0.22,0.186
127,156,156,0.486156159,601.7990661,1.183680447,191.5564944,-884984.3431,1580118.722,137,137,0.3646169755,671.7997035,1.14433536,192.4132562,-884972.4436,1580119.072,244.9495761,3646.169755,0.3646169755,0.3646169755,0.7499997044,11.90468255,Retain,-0.7212253919,-1.008907859,-0.2876824666,0.1100366235,-0.03380460977,0.004462637123,1.095951141,3.40999345,3,0.342,0.266,0.014,0.364,0.014
128,169,169,2.734623498,362.0548178,1.688955354,34.90453962,-884900.011,1579726.554,148,148,3.281548314,347.3348772,1.774936678,34.90453962,-884886.1992,1579751.833,990.0835095,27346.23506,2.734623506,2.734623506,1.000000003,28.80655163,Retain,1.005993766,1.188315358,0.1823215921,-0.04150625201,0.04965454402,0,6.908757627,3.430005622,4,0.102,0.002,0,0.122,0.774
129,172,172,1.823081781,645.6784241,2.459316468,34.90453962,-885169.8486,1579462.122,149,149,0.4861550745,909.7495298,1.789387171,34.90453962,-885043.4661,1579497.764,442.2793504,4861.551935,0.4861551935,0.4861551935,0.2666666951,131.3121835,Retain,0.6005283555,-0.7212276227,-1.321755978,0.3428677352,-0.3180102539,0,-1.009220488,5.149685949,2,0,0.222,0.774,0.004,0
130,175,175,0.303846437,817.4474727,1.27110667,56.32724607,-884703.3739,1579394.149,151,151,0.4861547663,804.7466067,1.582856325,0,-884725.1306,1579404.999,248.378502,3038.465571,0.3038465571,0.3038465571,1.000000395,24.31212718,Retain,-1.191232847,-0.7212282567,0.4700045899,-0.01565919358,0.2193431014,-10.93895139,6.909150336,4.358997784,4,0.004,0,0,0.046,0.95
131,180,180,1.64077167,452.0472016,1.633439026,0,-884748.1444,1579242.836,159,159,2.187695716,452.5697821,1.888313417,0,-884758.7213,1579264.986,741.706242,16407.71802,1.640771802,1.640771802,1.00000008,24.54566574,Retain,0.4951666619,0.7828488054,0.2876821435,0.001155363111,0.1449964349,0,6.908834903,3.525357642,4,0.006,0,0,0.09,0.904
133,189,189,3.767695996,442.4498571,2.422685578,0,-884635.3789,1579005.463,165,165,5.833854117,387.8123037,2.64237489,0,-884693.3099,1579074.245,1564.919323,35246.21668,3.524621668,3.524621668,0.9354846228,89.9274064,Retain,1.326463673,1.763677866,0.4372141925,-0.1318056716,0.08680142459,0,2.659848221,4.408146976,4,0.008,0.002,0.004,0.026,0.96
134,195,195,0.6076922474,817.4517747,1.797624825,25.52435657,-884693.235,1578807.137,168,168,1.458461979,543.5556562,1.851768291,25.52422957,-884713.6136,1578811.644,496.7591061,6076.92495,0.607692495,0.607692495,1.000000407,20.87099332,Retain,-0.4980866972,0.3773824414,0.8754691386,-0.4080598053,0.029674764,-4.975484013e-6,6.909162754,3.859816519,4,0.002,0,0,0.03,0.968
135,158,158,2.552319981,461.1996628,2.078507564,34.90461431,-886531.4893,1580118.71,140,140,2.552319981,461.1996628,2.078507564,34.90461431,-886531.4893,1580118.71,1177.129114,25523.19981,2.552319981,2.552319981,1,0,Retain,0.9370027419,0.9370027419,0,0,0,0,6.908754779,-6.803891707,3,0.11,0.022,0.002,0.744,0.122
136,199,199,149.978695,140.3736327,4.849482451,23.808234,-886285.6988,1579207.435,142,142,0.3646170741,681.2020559,1.160351369,23.8092601,-886765.87990000006,1579951.291,248.3777976,3646.168248,0.3646168248,0.3646168248,0.002431124133,885.3784397,Retain,5.01049325,-1.008907588,-6.019400839,1.579551295,-1.430149125,4.309572616e-5,-5.673435187,4.853134616,2,0,0,1,0,0
137,199,199,149.978695,140.3736327,4.849482451,23.808234,-886285.6988,1579207.435,144,144,0.1215386275,1231.811368,1.211424743,23.80905724,-886794.4249,1579707.869,149.7126631,1215.386275,0.1215386275,0.1215386275,8.10372617e-4,713.6077869,Retain,5.01049325,-2.107523145,-7.118016395,2.17193335,-1.387074848,3.457563755e-5,-6.314412199,4.637453212,2,0,0,1,0,0
139,199,199,149.978695,140.3736327,4.849482451,23.808234,-886285.6988,1579207.435,150,150,13.00466519,323.3673266,3.28958257,0,-885441.7661,1579931.992,2218.2597,83254.15719,8.325415719,8.325415719,0.05551065583,1112.296897,Retain,5.01049325,2.565308154,-2.445185097,0.8344812386,-0.3881113098,-10.07782877,-2.817273399,5.081301649,2,0,0.002,0.998,0,0
141,177,177,0.303846534,817.448578,1.271108591,34.90454993,-885980.7203,1579254.37,152,152,0.303846534,817.448578,1.271108591,34.90454993,-885980.7203,1579254.37,248.3789171,3038.46534,0.303846534,0.303846534,1,0,Retain,-1.191232527,-1.191232527,0,0,0,0,6.908754779,-5.739774072,3,0.216,0.016,0,0.598,0.17
142,190,190,6.137695553,241.1296558,1.685188029,95.23331817,-885157.1837,1578944.966,167,167,7.839235594,232.6238992,1.837326154,23.80827073,-885136.0332,1578927.87,1479.980416,60769.26246,6.076926246,6.076926246,0.99009900260000006,27.19608952,Retain,1.814449355,2.059141329,0.2446919743,-0.03591179694,0.08643419019,-1.386265331,4.509960144,2.96825023,4,0.068,0.004,0.008,0.038,0.882
143,197,197,1.944615578,614.147797,2.415932781,23.808234,-885366.3503,1578683.891,172,172,2.795385397,553.8376512,2.612151676,23.80843244,-885383.9454,1578725.284,1146.66522,15192.3158,1.51923158,1.51923158,0.7812503389,44.97743608,Retain,0.6650643115,1.027969985,0.3629056737,-0.1033640154,0.07808882147,8.33462255e-6,1.269685821,4.046015964,4,0.014,0,0.004,0.064,0.918
144,199,199,149.978695,140.3736327,4.849482451,23.808234,-886285.6988,1579207.435,173,173,141.6532749,121.4834772,4.078735958,23.80843244,-886342.9642,1579164.186,18491.18222,1377640.369,137.7640369,137.7640369,0.9185573785,71.76233874,Retain,5.01049325,4.953382345,-0.05711090513,-0.1445294094,-0.1730848619,8.33462255e-6,2.411789889,2.340492061,2,0.336,0.06,0.476,0.028,0.1
