OBJECTID,FID_RasterT_Majorit7,ID_2007,AREA_2007,ED_2007,SHAPE_2007,ENN_2007,POINT_X_2007,POINT_Y_2007,FID_RasterT_Majorit8,ID_2015,AREA_2015,ED_2015,SHAPE_2015,ENN_2015,POINT_X_2015,POINT_Y_2015,Shape_Length,Shape_Area,OVERLAP_07_15,MAX_OVERLAP_07_15,RETENTION_07_15,CENTROID_07_15,EVENT TYPE,log_area_parent,log_area_child,log_change_area,log_change_ED,log_change_shape_index,log_change_ENN,logit_retention_ratio,log_centroid_shift,Predicted_Typology,Prob_0,Prob_1,Prob_2,Prob_3,Prob_4
1,14,14,1.598499278,589.4414879,2.102286932,24.79531034,-327696.1671,2503078.752,13,13,1.537018536,419.4341535,1.466892917,49.59062067,-327689.1481,2503072.077,743.85931,11681.34088,1.168134088,1.168134088,0.7307692308,9.686615777,Retain,0.4690652377,0.4298445246,-0.03922071314,-0.3402689085,-0.3598792651,0.6931270158,0.9961889109,2.60868067,3,0.038,0.09,0.118,0.588,0.166
2,24,24,45.55722942,162.1916559,3.088177313,150.8239846,-327046.0013,2503205.958,20,20,43.71280718,165.6317927,3.089179321,221.7759977,-327037.8426,2503193.054,7488.183721,420528.2716,42.05282716,42.05282716,0.9230769231,15.26675831,Retain,3.818969325,3.77764113,-0.04132819549,0.02098851125,3.244135053e-4,0.3855522398,2.473073171,1.388623586,0,0.496,0.204,0.174,0.032,0.094
3,7,7,0.1229614829,1209.906212,1.196826841,49.59062067,-327846.8463,2503654.766,7,7,0.1229614829,1209.906212,1.196826841,49.59062067,-327846.8463,2503654.766,148.771862,1229.614829,0.1229614829,0.1229614829,1,0,Retain,-2.09588412,-2.09588412,0,0,0,0,6.908754779,-5.287448276,3,0.222,0.052,0,0.564,0.162
4,16,16,25.9448729,196.8725748,2.828824879,24.79531033,-328026.2304,2503442.479,15,15,24.03896991,187.7262835,2.596438721,49.59062067,-328020.0964,2503434.431,4661.518343,227478.7434,22.74787434,22.74787434,0.8767772512,10.11910199,Retain,3.255974014,3.17967626,-0.07629775405,-0.04757172766,-0.08572060468,0.6931270161,1.955316546,1.258901678,0,0.75,0.05,0.114,0.03,0.056
5,16,16,25.9448729,196.8725748,2.828824879,24.79531033,-328026.2304,2503442.479,8,8,0.1229614829,1209.906212,1.196826841,55.44399942,-328280.7642,2503419.211,148.771862,1229.614829,0.1229614829,0.1229614829,0.004739336493,255.595116,Retain,3.255974014,-2.09588412,-5.351858133,1.815741434,-0.8601876328,0.8046966628,-5.156665324,4.487976463,2,0,0,1,0,0
6,26,26,8.238419355,300.9716945,2.436927836,24.79531033,-327883.8542,2502645.56,22,22,7.131766009,278.1393591,2.09534751,70.13172831,-327882.543,2502621.913,1983.624827,70702.85268,7.070285268,7.070285268,0.8582089552,23.68311483,Retain,2.1088085,1.964558891,-0.1442496089,-0.07889394247,-0.1510187469,1.0396947,1.79462981,2.682765256,0,0.436,0.028,0.318,0.102,0.116
7,5,5,11.1280142,294.1208471,2.767768178,49.59062067,-329224.4244,2503942.926,3,3,0.5533266731,716.9814589,1.504505556,55.44399943,-329786.3906,2503893.077,396.7249653,5533.266731,0.5533266731,0.5533266731,0.04972375691,564.1727696,Retain,2.409465731,-0.5918067229,-3.001272454,0.8910592536,-0.6095769734,0.1115696469,-2.931410118,5.702994384,2,0,0.006,0.994,0,0
8,5,5,11.1280142,294.1208471,2.767768178,49.59062067,-329224.4244,2503942.926,6,6,9.345072702,302.476553,2.608423627,55.44399943,-329165.0759,2503958.509,2628.302895,83613.80838,8.361380838,8.361380838,0.7513812155,61.36012412,Retain,2.409465731,2.234849221,-0.1746165104,0.02801303621,-0.05929521898,0.1115696469,1.103308239,3.484408554,0,0.516,0.048,0.286,0.086,0.064
9,6,6,1.229614829,564.6228989,1.766192765,35.06586416,-329979.243,2503767.585,5,5,0.2459229658,1008.255177,1.410473959,102.2336835,-329973.0442,2503797.339,247.9531033,2459.229658,0.2459229658,0.2459229658,0.2,30.39322524,Retain,0.2067009733,-1.402736939,-1.609437912,0.5798184953,-0.224900461,1.070014346,-1.382556039,3.883267087,1,0.002,0.906,0.092,0,0
10,12,12,3.442921522,288.0729076,1.507860088,323.2912935,-329565.6926,2503409.913,12,12,3.934767453,277.2701736,1.551521355,322.3390343,-329573.9946,2503422.698,991.8124134,34429.21522,3.442921522,3.442921522,1,15.24406584,Retain,1.23632039,1.369851783,0.1335313926,-0.03822121281,0.0285444835,-0.002949851914,6.908754779,2.678460647,4,0.224,0.002,0.002,0.088,0.684
12,11,11,6.455477853,376.4152659,2.697904013,35.06586416,-330451.5346,2503456.286,11,11,5.963631921,399.1443173,2.749669104,158.7674526,-330496.3658,2503433.27,2330.759171,55947.47473,5.594747473,5.594747473,0.8666666667,50.39402338,Retain,1.86492905,1.785679678,-0.07924937165,0.05863008445,0.01900539862,1.510190224,1.865483343,3.559792846,0,0.544,0.05,0.074,0.214,0.118
13,15,15,3.504402263,297.1699468,1.569303454,35.06586416,-331159.8478,2503147.333,14,14,2.5207104,334.4456196,1.497897365,35.06586416,-331180.9084,2503112.596,793.4499307,22747.87434,2.274787434,2.274787434,0.649122807,40.62257667,Retain,1.254019968,0.9245407664,-0.3294792012,0.1181701075,-0.04656949308,-1.126782e-10,0.6138790477,3.649703563,0,0.424,0.408,0.068,0.094,0.006
14,21,21,2.459229658,483.9624848,2.140948939,198.3624827,-331925.6749,2502841.48,17,17,2.582191141,499.3263732,2.263464912,198.3624827,-331935.1207,2502838.292,1190.174896,24592.29658,2.459229658,2.459229658,1,9.969297605,Retain,0.8998481539,0.948638318,0.04879016417,0.03125254351,0.05564762559,0,6.908754779,2.4220513,3,0.12,0.016,0.002,0.568,0.294
15,22,22,2.95107559,319.2808059,1.547241288,24.79531034,-331183.8818,2502794.162,19,19,3.934767453,315.0797427,1.763092449,35.06586416,-331148.4969,2502734.628,892.6311721,27051.52624,2.705152624,2.705152624,0.9166666667,69.25649288,Retain,1.082169711,1.369851783,0.2876820724,-0.01324522674,0.1305958095,0.3465617781,2.387057016,4.269111427,4,0.034,0,0,0.052,0.914
17,37,37,138.2087068,109.7957594,3.641231882,24.79531033,-331175.8042,2501866.316,36,36,179.6467265,109.037863,4.12270304,0,-331479.2659,2501851.175,15373.09241,1260355.2,126.03552,126.03552,0.9119217082,303.8392157,Retain,4.928764911,5.190992292,0.2622273813,-0.006926718349,0.1241869723,-10.11845014,2.327134458,3.824484444,4,0.054,0.024,0.044,0.028,0.85
18,37,37,138.2087068,109.7957594,3.641231882,24.79531033,-331175.8042,2501866.316,18,18,0.4303651902,691.3749783,1.279461712,49.59062067,-331261.5148,2502604.508,297.543724,4303.651902,0.4303651902,0.4303651902,0.003113879003,743.1507107,Retain,4.928764911,-0.8431211513,-5.771886062,1.840060429,-1.045882602,0.6931270164,-5.491272783,4.718882698,2,0,0,1,0,0
19,37,37,138.2087068,109.7957594,3.641231882,24.79531033,-331175.8042,2501866.316,24,24,0.9836918634,403.3020706,1.128379167,24.79531033,-330958.6578,2502340.615,396.7249654,9222.111219,0.9222111219,0.9222111219,0.006672597865,521.6432743,Retain,4.928764911,-0.01644257797,-4.945207489,1.301063928,-1.171539816,1.502356e-10,-4.864411268,4.364968376,2,0,0,1,0,0
20,37,37,138.2087068,109.7957594,3.641231882,24.79531033,-331175.8042,2501866.316,32,32,0.3074037073,806.6041412,1.261566261,0,-330366.0498,2501306.651,247.9531034,3074.037073,0.3074037073,0.3074037073,0.002224199288,984.341447,Retain,4.928764911,-1.179593388,-6.108358298,1.994211109,-1.05996804,-10.11845014,-5.735845693,4.999956339,2,0,0,1,0,0
21,37,37,138.2087068,109.7957594,3.641231882,24.79531033,-331175.8042,2501866.316,35,35,0.1229614829,1209.906212,1.196826841,24.79531033,-330499.9445,2501150.44,148.771862,1229.614829,0.1229614829,0.1229614829,8.896797154e-4,984.5127214,Retain,4.928764911,-2.09588412,-7.02464903,2.399676217,-1.112648298,0,-6.271458241,5.000130323,2,0,0,1,0,0
22,55,55,8.484342321,222.1083867,1.825026257,24.79531034,-332082.7118,2500473.241,56,56,7.193246751,261.9739946,1.982055127,282.710035,-332076.2481,2500457.761,1785.262344,70702.85268,7.070285268,7.070285268,0.8333333333,16.77509582,Retain,2.138222385,1.973142635,-0.1650797504,0.1650797503,0.08253987516,2.433730433,1.604655121,2.323208756,0,0.786,0.064,0.026,0.088,0.036
24,2,2,9.836918633,221.8161389,1.962536528,24.79531034,-333096.3235,2504676.798,1,1,11.25097569,233.6066639,2.210422987,24.79531034,-333080.0117,2504655.589,2082.806068,94680.34184,9.468034184,9.468034184,0.9625,26.75616937,Retain,2.286142515,2.420454853,0.1343123376,0.05178994204,0.1189461108,0,3.219914246,2.716096137,4,0.09,0.008,0.002,0.024,0.876
25,25,25,12.23466755,154.0249114,1.519784889,140.2634566,-333151.6721,2502668.997,21,21,11.74282162,198.4837416,1.9186963,156.8193119,-333149.7973,2502670.808,2132.396689,111280.142,11.1280142,11.1280142,0.9095477387,2.606644915,Retain,2.504273524,2.463242128,-0.04103139668,0.2535928387,0.2330771403,0.111571023,2.298229227,0.2786756632,0,0.582,0.124,0.034,0.146,0.114
26,27,27,214.8751914,98.08490988,4.055929558,24.79531033,-333472.3027,2503717.542,23,23,211.7396736,104.4557047,4.287739094,24.79531034,-333477.0521,2503714.242,22514.14178,2078049.061,207.8049061,207.8049061,0.9670958512,5.783332143,Retain,5.370057354,5.355357565,-0.01469978912,0.06292957222,0.05557967766,1.502356e-10,3.351793712,-0.3575108267,1,0.184,0.528,0.13,0.062,0.096
27,27,27,214.8751914,98.08490988,4.055929558,24.79531033,-333472.3027,2503717.542,4,4,0.2459229658,806.6041413,1.128379167,24.79531034,-333314.2122,2503828.334,198.3624827,2459.229658,0.2459229658,0.2459229658,0.001144492132,193.0475119,Retain,5.370057354,-1.402736939,-6.772794294,2.106999486,-1.279397661,1.502356e-10,-6.144708021,3.15027778,2,0,0,1,0,0
28,30,30,39.16323231,111.4303994,1.967152457,24.79531034,-333675.8073,2502052.783,28,28,38.05657896,114.6707018,1.995549069,49.59062067,-333677.069,2502057.231,4363.974619,370114.0636,37.01140636,37.01140636,0.9450549451,4.623814374,Retain,3.667738355,3.639073972,-0.02866438289,0.02866438289,0.01433219145,0.693127016,2.827930601,0.2699320001,0,0.432,0.272,0.164,0.036,0.096
30,33,33,0.3688844487,806.6041413,1.381976598,24.79531034,-333636.5513,2501398.393,30,30,0.4303651902,691.3749782,1.279461712,24.79531033,-333648.9489,2501410.791,247.9531033,3074.037073,0.3074037073,0.3074037073,0.8333333334,17.53293208,Retain,-0.9972718311,-0.8431211512,0.1541506799,-0.1541506799,-0.07707533992,-1.5023571e-10,1.604655122,3.935138838,3,0.062,0.002,0.012,0.596,0.328
31,41,41,22.13306692,138.9151577,1.84359492,24.79531034,-333900.4836,2501157.121,44,44,23.60860472,155.4393397,2.130547255,24.79531033,-333909.106,2501178.593,3223.390343,211493.7506,21.14937506,21.14937506,0.9555555556,23.13859677,Retain,3.097072731,3.161611252,0.06453852114,0.112392187,0.1446614476,-2.2535351e-10,3.046848291,2.165373873,0,0.468,0.058,0.014,0.094,0.366
32,42,42,0.2459229658,806.6041413,1.128379167,24.79531033,-332867.8967,2500728.92,45,45,0.2459229658,806.6041413,1.128379167,24.79531033,-332867.8967,2500728.92,198.3624827,2459.229658,0.2459229658,0.2459229658,1,0,Retain,-1.402736939,-1.402736939,0,0,0,0,6.908754779,-5.634021866,3,0.226,0.024,0,0.584,0.166
33,43,43,11.8657831,221.5026916,2.152396508,0,-332968.6838,2500873.902,47,47,10.75912976,235.0674926,2.17508491,24.79531033,-332963.7482,2500876.487,2628.302895,104517.2605,10.45172605,10.45172605,0.8808290155,5.571825987,Retain,2.473658889,2.375754674,-0.09790421498,0.05943793415,0.01048582667,10.11845014,1.993082578,1.053437782,0,0.646,0.114,0.052,0.09,0.098
34,9,9,0.1844422244,1075.472188,1.302940032,123.9765517,-334698.6171,2503386.151,9,9,0.1844422244,1075.472188,1.302940032,144.5802618,-334698.6171,2503386.151,198.3624827,1844.422244,0.1844422244,0.1844422244,1,0,Retain,-1.690419011,-1.690419011,0,0,0,0.1537412004,6.908754779,-5.49018083,3,0.232,0.032,0,0.576,0.16
35,35,35,0.3688844488,806.6041411,1.381976598,49.59062067,-334210.976,2501166.97,34,34,0.5533266732,806.6041411,1.692568751,49.59062066,-334213.731,2501198.653,297.543724,3688.844488,0.3688844488,0.3688844488,1,31.80245506,Retain,-0.9972718308,-0.5918067227,0.4054651081,0,0.202732554,-1.8779833e-10,6.908754779,4.530575792,4,0.004,0.002,0,0.026,0.968
36,52,52,0.3688844487,672.1701178,1.151647165,0,-335657.3691,2500456.171,53,53,0.2459229658,806.6041413,1.128379167,89.4007628,-335644.9714,2500456.171,198.3624827,2459.229658,0.2459229658,0.2459229658,0.6666666668,12.39765516,Retain,-0.9972718311,-1.402736939,-0.405465108,0.1823215567,-0.02041099726,11.40089568,0.6916505481,3.588588871,1,0.246,0.498,0.02,0.226,0.01
37,54,54,1.844422244,403.3020707,1.545096808,247.9531033,-334315.1163,2500422.284,55,55,1.844422244,403.3020706,1.545096808,245.4610491,-334315.1163,2500424.764,743.85931,17829.41502,1.782941502,1.782941502,0.9666666667,2.479531034,Retain,0.6121660814,0.6121660814,0,0,0,-0.010101312730000001,3.338770976,1.174754566,3,0.102,0.02,0,0.744,0.134
38,56,56,0.1229614829,1209.906212,1.196826841,49.59062067,-335830.9362,2500307.399,59,59,0.1844422244,1075.472188,1.302940032,24.79531033,-335814.406,2500286.737,99.18124134,614.8074147,0.06148074147,0.06148074147,0.5,26.4612421,Retain,-2.09588412,-1.690419011,0.4054651081,-0.1177830356,0.0849495184,-0.6931270162,0,4.896025893,3,0.008,0.006,0,0.764,0.222
39,60,60,25.207104,135.745575,1.922570287,0,-335241.2312,2500261.317,61,61,23.48564324,133.0263374,1.818586369,24.79531033,-335272.0681,2500256.056,3124.209102,232397.2027,23.23972027,23.23972027,0.9219512195,31.28235575,Retain,3.227125859,3.156389308,-0.0707365511,-0.02023522711,-0.05560350266,10.11845014,2.457511247,2.401888204,0,0.682,0.03,0.128,0.046,0.114
40,60,60,25.207104,135.745575,1.922570287,0,-335241.2312,2500261.317,57,57,0.3688844487,672.1701177,1.151647165,35.06586416,-334653.159,2500319.797,247.9531033,3074.037073,0.3074037073,0.3074037073,0.01219512195,590.9728302,Retain,3.227125859,-0.997271831,-4.22439769,1.599729098,-0.5124697469,10.46501192,-4.316649808,5.340573749,2,0,0,1,0,0
41,62,62,5.225863024,218.2575912,1.407483904,1116.890435,-334208.4478,2499015.564,63,63,5.225863024,218.2575912,1.407483904,1116.890435,-334208.4478,2499015.564,1140.584275,52258.63024,5.225863024,5.225863024,1,0,Retain,1.653619956,1.653619956,0,0,0,0,6.908754779,-7.162200314,3,0.226,0.042,0.016,0.56,0.156
42,66,66,0.676288156,659.9488428,1.530986039,123.9765517,-336800.2075,2497982.276,65,65,0.4303651902,691.3749782,1.279461712,123.9765517,-336797.9533,2497957.158,297.543724,4303.651902,0.4303651902,0.4303651902,0.6363636364,25.21827088,Retain,-0.3911360274,-0.8431211512,-0.4519851238,0.04652001566,-0.1794725462,0,0.5584397574,3.995541377,1,0.066,0.636,0.082,0.216,0
43,39,39,0.6148074146,645.283313,1.427299293,89.4007628,-336587.1932,2500830.581,38,38,0.2459229659,1008.255177,1.410473959,89.4007628,-336562.3979,2500840.499,247.9531033,2459.229659,0.2459229659,0.2459229659,0.4,26.70536652,Retain,-0.4864462072,-1.402736939,-0.9162907318,0.4462871025,-0.01185826334,0,-0.404633507,4.10049003,1,0.012,0.886,0.08,0.022,0
44,40,40,1.106653346,716.9814589,2.127692162,70.13172833,-336260.7216,2500737.185,42,42,0.1844422244,1075.472188,1.302940032,74.385931,-336417.7586,2500749.583,198.3624827,1844.422244,0.1844422244,0.1844422244,0.1666666667,157.5255864,Retain,0.1013404577,-1.690419011,-1.791759469,0.4054651081,-0.4904146265,0.05889070224,-1.604655121,5.581288961,1,0,0.588,0.404,0.008,0
45,40,40,1.106653346,716.9814589,2.127692162,70.13172833,-336260.7216,2500737.185,43,43,0.799249639,558.4182516,1.408302327,74.385931,-336221.9392,2500729.873,446.315586,6148.074146,0.6148074146,0.6148074146,0.5555555555,39.46558409,Retain,0.1013404577,-0.2240819428,-0.3254224005,-0.2499417444,-0.4126529447,0.05889070224,0.2226944607,4.197149056,1,0.054,0.448,0.274,0.196,0.028
46,57,57,3.750325229,489.2516922,2.672771737,102.2336835,-337334.5076,2500381.582,52,52,1.045172605,569.3676291,1.642032879,24.79531033,-337375.5382,2500564.833,247.9531034,3688.844488,0.3688844488,0.3688844488,0.09836065575,187.7882601,Retain,1.321842564,0.04418204382,-1.27766052,0.1516492573,-0.4871810028,-1.416576124,-2.206566858,5.146764038,2,0.008,0.052,0.93,0.008,0.002
47,57,57,3.750325229,489.2516922,2.672771737,102.2336835,-337334.5076,2500381.582,54,54,1.782941502,417.2090386,1.571510633,24.79531033,-337357.9854,2500392.473,743.85931,16599.80019,1.659980019,1.659980019,0.4426229508,25.88080401,Retain,1.321842564,0.5782645298,-0.7435780342,-0.1592896773,-0.5310786944,-1.416576124,-0.2300594577,3.164983835,2,0.03,0.248,0.696,0.024,0.002
48,57,57,3.750325229,489.2516922,2.672771737,102.2336835,-337334.5076,2500381.582,58,58,0.1844422244,1075.472188,1.302940032,35.06586415,-337326.92,2500278.472,198.3624827,1844.422244,0.1844422244,0.1844422244,0.04918032787,103.389353,Retain,1.321842564,-1.690419011,-3.012261575,0.787638024,-0.7184927638,-1.070014346,-2.942752522,4.549955321,2,0,0.052,0.948,0,0
49,58,58,7.623611941,195.1461632,1.519971608,70.13172831,-336650.3813,2500389.984,60,60,6.516958595,220.6747179,1.589169162,89.4007628,-336644.737,2500399.329,1438.127999,60865.93404,6.086593404,6.086593404,0.7983870968,10.91758729,Retain,2.031250265,1.874407794,-0.1568424715,0.1229409198,0.04451968408,0.2427508346,1.372548027,1.947206403,0,0.666,0.138,0.022,0.144,0.03
50,61,61,5.533266731,241.9812424,1.605711705,70.13172831,-336909.8077,2500093.609,62,62,5.47178599,217.5112291,1.43529543,89.4007628,-336916.6365,2500093.018,1239.765517,50414.20799,5.041420799,5.041420799,0.9111111111,6.854318845,Retain,1.71077837,1.699605069,-0.0111733006,-0.1066097351,-0.1121963854,0.2427508346,2.317187475,1.642000583,3,0.31,0.028,0.118,0.386,0.158
51,67,67,0.9836918633,554.5403472,1.551521355,49.59062067,-337002.5147,2497905.354,66,66,0.7377688974,672.1701178,1.62867504,123.9765517,-336988.0507,2497904.321,495.9062067,6762.88156,0.676288156,0.676288156,0.6875,14.50078187,Retain,-0.01644257806,-0.3041246505,-0.2876820725,0.1923718927,0.04853085643,0.916278633,0.786715958,3.254857761,0,0.522,0.182,0.018,0.27,0.008
52,68,68,0.2459229659,806.6041412,1.128379167,2052.027286,-340331.2851,2496513.717,67,67,0.2459229659,806.6041412,1.128379167,2052.027286,-340331.2851,2496513.717,198.3624827,2459.229659,0.2459229659,0.2459229659,1,0,Retain,-1.402736939,-1.402736939,0,0,0,0,6.908754779,-5.634021867,3,0.226,0.024,0,0.584,0.166
53,70,70,6.578439336,293.995902,2.127148363,282.710035,-338675.6767,2494891.246,68,68,5.963631921,332.6202644,2.29139092,282.710035,-338682.1413,2494894.737,1983.624827,59636.31921,5.963631921,5.963631921,0.9065420561,7.346656652,Retain,1.883797534,1.785679678,-0.09811785596,0.1234356639,0.07437673597,0,2.26258521,1.624847615,0,0.63,0.124,0.016,0.15,0.08
54,71,71,0.7377688975,537.7360942,1.302940032,0,-338758.8491,2494385.453,69,69,0.6148074146,564.6228989,1.248886881,0,-338761.7419,2494393.718,347.1343447,6148.074146,0.6148074146,0.6148074146,0.8333333333,8.756720104,Retain,-0.3041246504,-0.4864462072,-0.1823215568,0.04879016418,-0.04237061421,0,1.604655121,2.894362877,3,0.246,0.112,0.032,0.548,0.062
55,72,72,1.537018536,451.6983191,1.579730834,0,-338877.784,2494320.324,70,70,1.537018536,451.6983191,1.579730834,0,-338877.784,2494320.324,694.2686894,15370.18536,1.537018536,1.537018536,1,0,Retain,0.4298445247,0.4298445247,0,0,0,0,6.908754779,-6.550312598,3,0.102,0.014,0,0.74,0.144
