OBJECTID,FID_RasterT_Majori20,ID_2015,AREA_2015,ED_2015,SHAPE_2015,ENN_2015,POINT_X_2015,POINT_Y_2015,FID_ChonBuri_2020_filt,ID_2020,AREA_2020,ED_2020,SHAPE_2020,ENN_2020,POINT_X_2020,POINT_Y_2020,Shape_Length,Shape_Area,OVERLAP_15_20,MAX_OVERLAP_15_20,RETENTION_15_20,CENTROID_15_20,EVENT TYPE,log_area_parent,log_area_child,log_change_area,log_change_ED,log_change_shape_index,log_change_ENN,logit_retention_ratio,log_centroid_shift,Predicted_Typology,Prob_0,Prob_1,Prob_2,Prob_3,Prob_4
1,2,2,0.2761236666,951.5205859,1.410473959,74.31334559,-2703546.891,3129276.913,3,3,0.4832164165,761.2164686,1.49270533,0,-2703558.151,3129264.714,210.1898824,2070.927499,0.2070927499,0.2070927499,0.75,16.60106529,Retain,-1.286906446,-0.7272906583,0.559615788,-0.2231435515,0.05666434257,-11.21605929,1.095952713,4.025345269,4,0.008,0,0,0.062,0.93
2,14,14,0.966432833,598.0986539,1.658646097,37.15667279,-2704062.982,3128427.708,16,16,1.03546375,507.4776457,1.456731241,58.74985815,-2704061.856,3128428.709,525.4747059,8974.019164,0.8974019164,0.8974019164,0.9285714286,1.506560328,Retain,-0.03414347781,0.03484939371,0.06899287152,-0.1643030513,-0.1298066156,0.4581354744,2.552122796,0.9999293491,3,0.226,0.012,0.014,0.414,0.334
3,15,15,0.6212782498,676.636861,1.504505556,26.2737353,-2703797.951,3128384.336,17,17,0.6212782498,676.636861,1.504505556,52.54747059,-2703803.789,3128387.255,420.3797648,5522.473332,0.5522473332,0.5522473332,0.8888888889,6.527762018,Retain,-0.47597623,-0.47597623,0,0,0,0.6931281507,2.071606168,2.686570399,3,0.148,0.018,0,0.656,0.178
4,21,21,0.1380618333,1141.824703,1.196826841,108.3293858,-2703914.723,3128219.395,24,24,1.311587416,440.7042713,1.423773641,105.0949412,-2703838.667,3128203.493,157.6424118,1380.618333,0.1380618333,0.1380618333,1,77.70030171,Retain,-1.980053627,0.2712381718,2.251291799,-0.9520088144,0.1736370848,-0.03031202681,6.908754779,5.915263767,4,0,0,0.03,0.018,0.952
5,27,27,0.4141854999,634.3470572,1.151647165,157.6424118,-2703573.164,3127930.384,28,28,1.44964925,434.9808392,1.477395127,74.31334559,-2703564.406,3127973.548,262.737353,4141.854999,0.4141854999,0.4141854999,1,44.04351679,Retain,-0.8814413381,0.3713216303,1.252762968,-0.3772942311,0.2490872531,-0.7520315854,6.908754779,4.79828648,4,0,0,0.004,0.008,0.988
6,28,28,2.001896583,446.2303437,1.781045384,78.82120589,-2702718.815,3127894.597,29,29,2.347051166,425.3856736,1.838396591,78.82120589,-2702715.404,3127875.518,840.7595295,18638.34749,1.863834749,1.863834749,0.9310344827,19.38157919,Retain,0.6940950226,0.8531597172,0.1590646946,-0.04783905953,0.031693287790000003,0,2.589367303,3.189692115,4,0.126,0,0,0.19,0.684
7,80,80,360.5484777,101.8744613,5.456852646,26.2737353,-2704564.413,3127422.458,38,38,0.4832164165,652.4712588,1.279461712,0,-2703423.029,3127598.209,262.737353,3451.545832,0.3451545832,0.3451545832,9.573042313e-4,1154.83622,Retain,5.887626421,-0.7272906583,-6.614917079,1.857025806,-1.450432733,-10.17636312,-6.23622984,4.68026641,2,0,0,1,0,0
8,36,36,4.832164165,445.8553602,2.764775679,83.08484618,-2703810.379,3127767.862,42,42,7.455338998,281.9320254,2.17156672,74.31334559,-2703789.193,3127791.717,2049.351353,42799.16832,4.279916832,4.279916832,0.8857142857,31.90444836,Retain,1.575294435,2.00893042,0.4336359851,-0.4583285977,-0.2415106051,-0.111570355,2.040109298,3.247494516,4,0.02,0.006,0.078,0.056,0.84
9,52,52,0.6903091665,532.851528,1.248886881,108.3293858,-2702469.667,3127089.624,55,55,0.6212782498,592.0572534,1.316442362,108.3293858,-2702472.587,3127091.084,367.8322942,6212.782498,0.6212782498,0.6212782498,0.9,3.263881008,Retain,-0.3706157144,-0.4759762301,-0.1053605157,0.1053605157,0.05268025783,0,2.188384741,1.940896118,0,0.44,0.048,0.002,0.386,0.124
10,59,59,0.20709275,1014.955291,1.302940032,108.3293858,-2702408.362,3126901.329,60,60,0.1380618333,1141.824703,1.196826841,108.3293858,-2702417.12,3126905.708,157.6424118,1380.618333,0.1380618333,0.1380618333,0.6666666668,9.791643022,Retain,-1.574588519,-1.980053627,-0.405465108,0.1177830356,-0.0849495184,0,0.6916505481,3.641290594,3,0.27,0.276,0.02,0.432,0.002
11,71,71,0.4141855,634.3470571,1.151647165,365.9507867,-2702811.226,3126170.044,68,68,0.1380618333,1141.824703,1.196826841,763.7481559,-2702798.089,3126183.181,157.6424118,1380.618333,0.1380618333,0.1380618333,0.3333333334,18.5783364,Retain,-0.881441338,-1.980053627,-1.098612289,0.5877866648,0.03848052055,0.7357378109,-0.6916505476,3.935135629,1,0.036,0.766,0.156,0.042,0
12,19,19,0.8283709998,444.04294,1.140072528,58.74985814,-2704453.334,3128285.079,22,22,2.208989333,428.1842636,1.795240262,0,-2704395.04,3128302.322,367.8322942,8283.709998,0.8283709998,0.8283709998,1,60.79128974,Retain,-0.1882941575,0.7925350954,0.980829253,-0.03636764417,0.4540469823,-10.98106104,6.908754779,4.773974989,4,0.002,0,0.04,0.012,0.946
13,25,25,0.8283709998,507.4776457,1.302940032,159.8168926,-2704337.292,3128033.289,27,27,4.141854999,304.4865874,1.748077489,26.27373529,-2704233.073,3128030.224,420.3797648,6903.091665,0.6903091665,0.6903091665,0.8333333333,104.2642178,Retain,-0.1882941576,1.421143755,1.609437912,-0.5108256238,0.2938933324,-1.805427153,1.604655121,5.313449845,4,0,0,0.034,0.008,0.958
14,30,30,0.3451545832,913.4597624,1.513879513,131.3686765,-2704970.927,3127686.038,31,31,0.3451545832,913.4597624,1.513879513,153.2008866,-2704970.927,3127686.038,315.2848236,3451.545832,0.3451545832,0.3451545832,1,0,Retain,-1.063762895,-1.063762895,0,0,0,0.153741265,6.908754779,-5.803508889,3,0.2,0.018,0,0.616,0.166
15,34,34,2.001896583,498.7280311,1.990580135,94.73129981,-2704543.481,3127656.322,32,32,1.173525583,402.996954,1.23152466,26.2737353,-2704437.107,3127696.239,315.2848236,5522.473332,0.5522473332,0.5522473332,0.275862069,113.6168271,Retain,0.6940950226,0.1600125367,-0.534082486,-0.2131319159,-0.4801731589,-1.282447175,-0.9628424503,4.958157854,2,0.012,0.222,0.694,0.056,0.016
16,34,34,2.001896583,498.7280311,1.990580135,94.73129981,-2704543.481,3127656.322,34,34,0.7593400831,553.6119772,1.360876479,78.82120589,-2704624.114,3127654.51,420.3797648,6212.782498,0.6212782498,0.6212782498,0.3103448276,80.65354441,Retain,0.6940950226,-0.2753055346,-0.9694005572,0.1044031197,-0.3802971589,-0.1838602593,-0.796739604,4.615492582,2,0.016,0.282,0.682,0.018,0.002
17,33,33,0.4141854999,634.3470572,1.151647165,26.2737353,-2704243.145,3127628.236,36,36,0.4141854999,634.3470572,1.151647165,26.2737353,-2704243.145,3127628.236,262.737353,4141.854999,0.4141854999,0.4141854999,1,0,Retain,-0.8814413382,-0.8814413382,0,0,0,0,6.908754779,-5.894669667,3,0.188,0.018,0,0.604,0.19
18,37,37,0.6903091664,532.8515281,1.248886881,52.54747059,-2704813.285,3127510.004,44,44,0.7593400832,553.6119771,1.360876479,141.4883947,-2704815.195,3127487.313,315.2848236,4832.164165,0.4832164165,0.4832164165,0.7,22.77126654,Retain,-0.3706157144,-0.2753055345,0.09531017997,0.03822121267,0.08587630268,0.9904887719,0.8453976225,3.883216216,3,0.012,0.004,0,0.816,0.168
19,38,38,0.8283709998,570.9123514,1.465807536,26.2737353,-2704190.597,3127518.762,45,45,2.623174833,300.480185,1.37285454,26.2737353,-2704162.249,3127495.485,472.9272354,8283.709998,0.8283709998,0.8283709998,1,36.68044229,Retain,-0.1882941575,0.9643853524,1.15267951,-0.6418538862,-0.06551413122,0,6.908754779,4.268782989,4,0.004,0,0.002,0.036,0.958
20,80,80,360.5484777,101.8744613,5.456852646,26.2737353,-2704564.413,3127422.458,57,57,0.5522473332,666.06441,1.396297981,26.2737353,-2704617.545,3127023.94,367.8322942,5522.473332,0.5522473332,0.5522473332,0.00153168677,402.0440025,Retain,5.887626421,-0.5937592657,-6.481385687,1.877645094,-1.36304775,0,-5.978337663,3.625115761,2,0,0.002,0.998,0,0
21,80,80,360.5484777,101.8744613,5.456852646,26.2737353,-2704564.413,3127422.458,73,73,379.2558561,107.3794618,5.899054909,0,-2704609.375,3127472.789,35889.92242,3511602.73,351.160273,351.160273,0.9739613249,67.48894005,Retain,5.887626421,5.938211059,0.05058463822,0.0526276489,0.077919968009999993,-10.17636312,3.585129552,1.840530283,4,0.206,0.226,0.136,0.042,0.39
28,39,39,0.1380618333,1141.824703,1.196826841,189.4625996,-2705123.315,3127457.457,47,47,1.794803833,439.1633472,1.659700209,94.73129981,-2705119.273,3127398.846,157.6424118,1380.618333,0.1380618333,0.1380618333,1,58.74985815,Retain,-1.980053627,0.5848957307,2.564949357,-0.955511445,0.3269632337,-0.6931419025,6.908754779,5.635697516,4,0,0,0.022,0.016,0.962
30,11,11,1.44964925,434.9808392,1.477395127,37.1566728,-2705243.423,3128585.351,14,14,0.2070927499,1014.955291,1.302940032,52.54747059,-2705219.652,3128512.785,157.6424118,1380.618333,0.1380618333,0.1380618333,0.09523809524,76.35995504,Retain,0.3713216303,-1.574588519,-1.945910149,0.8472978604,-0.1256572141,0.3465657077,-2.241951193,4.722175634,2,0,0.414,0.586,0,0
31,12,12,0.1380618333,1141.824703,1.196826841,26.2737353,-2705832.706,3128455.859,15,15,0.2761236666,761.2164686,1.128379167,0,-2705845.842,3128455.859,157.6424118,1380.618333,0.1380618333,0.1380618333,1,13.13686765,Retain,-1.980053627,-1.286906446,0.6931471808,-0.4054651083,-0.05889151783,-10.17636312,6.908754779,4.137890477,4,0.018,0,0,0.366,0.616
32,20,20,1.725772916,517.6271986,1.918244584,37.15667279,-2705597.293,3128296.64,18,18,0.4141854999,634.3470572,1.151647165,26.27373531,-2705491.147,3128350.764,210.1898824,2070.9275,0.20709275,0.20709275,0.12,119.1484203,Retain,0.5456750175,-0.8814413382,-1.427116356,0.203340924,-0.5102172538,-0.3465624425,-1.98526708,5.079905773,2,0,0.158,0.834,0.008,0
33,16,16,3.382514916,372.8407193,1.934364286,26.2737353,-2705739.407,3128437.896,19,19,3.313483999,396.4669107,2.0358438,0,-2705736.369,3128446.553,1261.139294,31063.91249,3.106391249,3.106391249,0.9183673469,9.175094968,Retain,1.218619491,1.198000204,-0.0206192872,0.06144128172,0.05113163812,-10.17636312,2.409280849,2.179656927,3,0.246,0.068,0.052,0.508,0.126
34,32,32,0.4832164165,652.4712588,1.279461712,37.15667279,-2705712.597,3127635.743,33,33,0.4832164165,652.4712588,1.279461712,26.2737353,-2705712.597,3127647.003,315.2848236,4141.854999,0.4141854999,0.4141854999,0.8571428572,11.26017227,Retain,-0.7272906583,-0.7272906583,0,0,0,-0.3465624428,1.785949842,3.357370999,3,0.1,0.01,0.004,0.774,0.112
35,47,47,1.725772916,426.2812224,1.579730834,131.3686765,-2705500.606,3127322.41,52,52,1.932865666,353.4219318,1.386083521,141.4883947,-2705515.544,3127307.321,630.5696471,13806.18333,1.380618333,1.380618333,0.8,21.23264985,Retain,0.5456750175,0.6590037028,0.1133286853,-0.1874366574,-0.1307723148,0.07420945809,1.382556039,3.355114615,4,0.17,0.008,0.018,0.332,0.472
36,48,48,0.3451545832,761.2164686,1.261566261,26.2737353,-2705265.193,3127228.875,51,51,0.8283709998,444.04294,1.140072528,52.54747059,-2705280.957,3127247.267,262.737353,3451.545832,0.3451545832,0.3451545832,1,24.22318706,Retain,-1.063762895,-0.1882941576,0.8754687374,-0.5389965008,-0.1012621321,0.6931281507,6.908754779,4.29159799,4,0.012,0,0,0.074,0.914
37,51,51,0.2761236666,761.2164686,1.128379167,0,-2705977.211,3127142.172,53,53,0.4141854999,761.2164686,1.381976598,26.2737353,-2705972.832,3127124.656,210.1898824,2761.236666,0.2761236666,0.2761236666,1,18.05489763,Retain,-1.286906446,-0.8814413382,0.4054651081,0,0.2027325541,10.17636312,6.908754779,4.109290536,4,0.008,0.008,0.004,0.21,0.77
38,61,61,4.417978665,297.3501831,1.763092449,26.2737353,-2705290.399,3126969.34,59,59,0.2761236666,761.2164686,1.128379167,58.74985815,-2705162.725,3126958.256,210.1898824,2761.236666,0.2761236666,0.2761236666,0.0625,128.1541776,Retain,1.485682276,-1.286906446,-2.772588722,0.9400072585,-0.4462871026,0.8046979173,-2.69324295,4.682765659,2,0,0.12,0.88,0,0
39,61,61,4.417978665,297.3501831,1.763092449,26.2737353,-2705290.399,3126969.34,61,61,2.968329416,336.3514629,1.634723993,52.54747059,-2705323.117,3126986.057,998.4019413,29683.29416,2.968329416,2.968329416,0.671875,36.74140487,Retain,1.485682276,1.087999308,-0.3976829677,0.123246122,-0.07559536187,0.6931281507,0.7151219591,3.433455339,0,0.44,0.31,0.15,0.096,0.004
41,55,55,0.4141854999,761.2164686,1.381976598,52.5474706,-2706327.528,3126980.151,63,63,5.660535165,278.49383,1.869129501,52.5474706,-2706175.225,3126893.853,315.2848236,4141.854999,0.4141854999,0.4141854999,1,175.0520506,Retain,-0.8814413381,1.73351844,2.614959778,-1.005521866,0.3019580234,0,6.908754779,6.178174686,4,0.002,0,0.076,0.004,0.918
42,62,62,0.2761236666,761.2164686,1.128379167,26.27373529,-2705714.474,3126800.613,62,62,1.2425565,549.7674495,1.728749882,26.27373529,-2705696.958,3126879.435,210.1898824,2761.236666,0.2761236666,0.2761236666,1,80.74395688,Retain,-1.286906446,0.2171709506,1.504077397,-0.3254224004,0.4266162979,0,6.908754779,5.607113673,4,0,0,0.004,0.006,0.99
44,70,70,71.93021515,129.3045249,3.093602219,52.5474706,-2706854.734,3126897.438,69,69,72.41343156,130.6186505,3.1355218,52.5474706,-2706859.034,3126893.022,9353.449766,715160.2965,71.51602965,71.51602965,0.9942418426,6.163831607,Retain,4.275696415,4.282391801,0.006695386083,0.01011173223,0.01345942527,0,4.992235488,0.2533775574,0,0.4,0.218,0.146,0.072,0.164
46,64,64,0.7593400832,553.6119771,1.360876479,26.27373529,-2705815.986,3126773.145,64,64,1.656742,507.4776457,1.842635464,26.27373529,-2705826.137,3126824.698,420.3797648,7593.400832,0.7593400832,0.7593400832,1,52.54219266,Retain,-0.2753055345,0.504853023,0.7801585575,-0.08701137698,0.3030679018,0,6.908754779,4.671653259,4,0.002,0,0,0.018,0.98
47,78,78,1.2425565,549.7674495,1.728749882,37.15667279,-2705371.456,3125713.173,71,71,0.7593400831,553.6119772,1.360876479,26.27373529,-2705340.67,3125738.916,420.3797648,7593.400831,0.7593400831,0.7593400831,0.6111111111,40.13028356,Retain,0.2171709506,-0.2753055346,-0.49247648510000003,0.006968669336,-0.2392695732,-0.3465624431,0.4510520218,4.155935636,1,0.06,0.396,0.358,0.178,0.008
49,73,73,2.830267583,334.192596,1.586008974,26.2737353,-2706825.981,3125849.312,70,70,4.348947749,302.0700272,1.777030155,52.54747059,-2706784.399,3125896.672,945.8544707,28302.67583,2.830267583,2.830267583,1,63.02413918,Retain,1.040371259,1.469933919,0.4295626597,-0.1010585927,0.1137227371,0.6931281507,6.908754779,4.195712995,4,0.02,0,0.004,0.024,0.952
51,79,79,1.587711083,397.1564184,1.411699925,26.2737353,-2707853.499,3125654.279,77,77,12.63265775,170.5457662,1.709949858,0,-2707762.892,3125596.401,630.5696471,15877.11083,1.587711083,1.587711083,1,107.5149565,Retain,0.4622934086,2.536285345,2.073991937,-0.84532652,0.1916694485,-10.17636312,6.908754779,5.018857508,4,0.002,0,0.026,0.002,0.97
53,86,86,0.6903091664,685.0948218,1.605711705,131.3686765,-2707593.046,3124824.828,81,81,1.587711083,562.6382594,1.999908227,26.2737353,-2707491.378,3124807.808,420.3797647,6212.782498,0.6212782498,0.6212782498,0.9,103.0828621,Retain,-0.3706157145,0.4622934085,0.832909123,-0.1969203562,0.2195342053,-1.609407464,2.188384741,5.393215652,4,0,0,0.008,0,0.992
55,89,89,0.3451545832,761.2164686,1.261566261,0,-2706494.804,3124774.908,83,83,0.7593400831,622.8134743,1.530986039,341.5585589,-2706463.275,3124773.953,262.737353,3451.545832,0.3451545832,0.3451545832,1,31.54295492,Retain,-1.063762895,-0.2753055346,0.7884573603,-0.2006706954,0.1935579847,12.74127735,6.908754779,4.555628358,4,0,0.002,0.006,0.032,0.96
57,92,92,1.03546375,507.4776457,1.456731241,205.2044326,-2708220.112,3124704.845,84,84,1.86383475,366.511633,1.411518368,185.783364,-2708201.234,3124730.34,525.474706,8283.709998,0.8283709998,0.8283709998,0.8,31.72369961,Retain,0.03484939373,0.6226360586,0.5877866649,-0.3254224004,-0.03152906798,-0.09942491996,1.382556039,4.012035791,4,0.008,0.002,0,0.032,0.958
58,93,93,0.1380618333,1141.824703,1.196826841,117.4997163,-2707238.35,3124659.304,86,86,0.1380618333,1141.824703,1.196826841,105.0949412,-2707225.214,3124672.441,105.0949412,690.3091667,0.06903091667,0.06903091667,0.5000000001,18.57833639,Retain,-1.980053627,-1.980053626,2.8357516e-10,-2.126812e-10,0,-0.1115707711,5.6601834e-10,4.484441773,3,0.02,0.034,0,0.938,0.008
59,102,102,2.278020249,346.0074857,1.473192003,341.5585589,-2706179.837,3124344.815,94,94,2.208989333,356.8202196,1.496033552,341.5585589,-2706183.296,3124344.84,788.2120589,22089.89333,2.208989333,2.208989333,0.9696969697,3.458469427,Retain,0.8233067541,0.7925350955,-0.03077165866,0.03077165866,0.01538582933,0,3.434299431,1.401826798,3,0.128,0.036,0.004,0.726,0.106
60,105,105,1.03546375,608.9731749,1.748077489,26.2737353,-2707447.664,3124069.021,97,97,1.2425565,634.3470572,1.994711402,26.2737353,-2707439.782,3124059.387,630.5696471,10354.6375,1.03546375,1.03546375,1,12.44733133,Retain,0.03484939375,0.2171709505,0.1823215568,0.04082199454,0.1319827729,0,6.908754779,3.076526831,4,0.058,0.002,0.004,0.278,0.658
61,108,108,0.3451545833,761.2164686,1.261566261,26.2737353,-2707466.932,3123934.149,100,100,0.3451545833,761.2164686,1.261566261,26.2737353,-2707466.932,3123934.149,262.737353,3451.545833,0.3451545833,0.3451545833,1,0,Retain,-1.063762895,-1.063762895,0,0,0,0,6.908754779,-5.803508889,3,0.204,0.018,0,0.604,0.174
62,112,112,0.2761236666,761.2164686,1.128379167,420.3797648,-2706003.485,3123857.955,104,104,0.2761236666,761.2164686,1.128379167,420.3797648,-2706003.485,3123857.955,210.1898824,2761.236666,0.2761236666,0.2761236666,1,0,Retain,-1.286906446,-1.286906446,0,0,0,0,6.908754779,-5.691937113,3,0.218,0.02,0,0.592,0.17
63,113,113,6.143751582,342.1197612,2.39215905,26.2737353,-2706687.34,3123833.895,105,105,6.143751582,342.1197612,2.39215905,26.2737353,-2706687.34,3123833.895,2101.898824,61437.51582,6.143751582,6.143751582,1,0,Retain,1.815435562,1.815435562,0,0,0,0,6.908754779,-7.243108117,3,0.272,0.062,0.016,0.444,0.206
64,120,120,4.832164165,239.2394616,1.483538169,26.2737353,-2706483.919,3123504.761,112,112,4.832164165,239.2394616,1.483538169,26.2737353,-2706483.544,3123503.635,1156.044353,47631.33249,4.763133249,4.763133249,0.9857142857,1.186926374,Retain,1.575294435,1.575294435,0,0,0,0,4.167461835,-0.04307303035,3,0.196,0.038,0.01,0.618,0.138
65,126,126,0.2070927499,1014.955292,1.302940032,111.4700184,-2707321.551,3123170.459,117,117,0.2070927499,1014.955292,1.302940032,74.31334559,-2707321.551,3123170.459,210.1898824,2070.927499,0.2070927499,0.2070927499,1,0,Retain,-1.574588519,-1.574588519,0,0,0,-0.4054606226,6.908754779,-5.548096077,3,0.274,0.026,0.002,0.56,0.138
66,124,124,10.97591575,330.3392222,3.087276963,133.970289,-2707314.115,3123419.812,130,130,24.09178991,263.9174576,3.654245497,52.54747059,-2707155.727,3123147.774,3573.228,106997.9208,10.69979208,10.69979208,0.9748427673,314.7873967,Retain,2.395703395,3.181871115,0.78616772,-0.224483679,0.168600181,-0.9358895226,3.619175737,5.126413902,4,0.02,0.002,0.012,0.01,0.956
67,127,127,0.2761236665,761.2164687,1.128379167,141.4883947,-2707106.982,3123174.838,118,118,0.4141854998,634.3470572,1.151647165,131.3686765,-2707120.119,3123174.838,210.1898824,2761.236665,0.2761236665,0.2761236665,1,13.13686765,Retain,-1.286906446,-0.8814413382,0.4054651082,-0.1823215569,0.02041099727,-0.07420945813,6.908754779,3.791316887,4,0.004,0.002,0,0.21,0.784
68,131,131,3.520576749,447.7743933,2.370070312,131.3686765,-2708442.048,3123089.577,123,123,3.796700416,429.0492823,2.358334546,78.82120589,-2708436.672,3123096.256,1576.424118,35205.76749,3.520576749,3.520576749,1,8.573749601,Retain,1.258624825,1.334132378,0.07550755249,-0.04271772967,-0.004963953428,-0.5108205491,6.908754779,2.091874322,4,0.18,0,0.006,0.152,0.662
70,129,129,0.2761236666,761.2164686,1.128379167,111.4700184,-2707448.54,3123043.469,128,128,3.451545832,471.9542105,2.473442138,26.27373529,-2707410.706,3122875.843,210.1898824,2761.236666,0.2761236666,0.2761236666,1,171.843084,Retain,-1.286906446,1.238822198,2.525728644,-0.4780358009,0.7848285212,-1.44515679,6.908754779,6.362405743,4,0.006,0,0.086,0,0.908
72,140,140,1.380618333,494.7907046,1.640036139,133.970289,-2707912.272,3122766.281,129,129,1.86383475,451.0912407,1.737253376,26.2737353,-2707901.519,3122777.326,683.1171177,13115.87416,1.311587416,1.311587416,0.95,15.4145206,Retain,0.3225314662,0.6226360586,0.3001045925,-0.09246522768,0.05758706855,-1.629017673,2.92568843,3.146474043,4,0.034,0,0,0.054,0.912
73,148,148,1.587711083,430.2527866,1.529341586,52.5474706,-2707681.006,3122552.836,131,131,7.248246248,376.983394,2.86308181,0,-2707621.071,3122612.955,630.5696471,15186.80166,1.518680166,1.518680166,0.9565217391,84.89117408,Retain,0.4622934086,1.980759543,1.518466134,-0.1321717731,0.627061294,-10.86949127,3.069347875,4.78260015,4,0,0,0.076,0.002,0.922
74,159,159,3.658638582,359.064372,1.937434984,105.0949412,-2708108.606,3122340.771,137,137,3.175422166,380.6082343,1.913259964,52.54747058,-2708119.092,3122344.931,1208.591824,30373.60333,3.037360333,3.037360333,0.8301886793,11.28077414,Retain,1.297091106,1.155440589,-0.141650517,0.05826890811,-0.0125563504,-0.6931376656,1.58229726,2.347007906,0,0.466,0.046,0.056,0.4,0.032
75,161,161,2.208989333,309.2441904,1.296562411,117.4997163,-2708347.595,3122143.594,139,139,2.001896583,314.9861249,1.257208506,117.4997163,-2708349.548,3122136.119,630.5696471,20018.96583,2.001896583,2.001896583,0.90625,7.725500249,Retain,0.7925350954,0.6940950226,-0.09844007282,0.01839736514,-0.03082267127,0,2.259176202,2.220753406,3,0.326,0.028,0.016,0.542,0.088
77,171,171,37.27669499,126.8694114,2.185096861,52.54747059,-2707282.821,3122130.408,145,145,45.2152504,151.0811312,2.865812456,26.27373529,-2707341.46,3122164.984,4834.367295,370005.7132,37.00057132,37.00057132,0.9925925926,68.07318714,Retain,3.618368332,3.811434428,0.1930660961,0.1746586841,0.2711917321,-0.6931281509,4.772214104,2.983778875,4,0.182,0.028,0.074,0.052,0.664
81,166,166,0.7593400831,692.0149715,1.701095599,26.27373529,-2707977.598,3121965.052,144,144,2.623174833,440.7042713,2.013519993,52.5474706,-2707954.655,3121880.511,525.4747059,7593.400831,0.7593400831,0.7593400831,1,87.59878922,Retain,-0.2753055346,0.9643853524,1.239690887,-0.4512335266,0.1686119169,0.6931281509,6.908754779,5.182796302,4,0.004,0,0.002,0.002,0.992
83,172,172,4.072824082,309.64737710000003,1.762829459,168.2339913,-2708395.508,3121763.404,146,146,4.003793166,288.7372812,1.629797877,157.6424118,-2708395.301,3121760.586,1261.139294,38657.31332,3.865731332,3.865731332,0.9491525424,2.825400467,Retain,1.404336637,1.387242203,-0.01709443337,-0.06991694361,-0.07846416029,-0.0650261648,2.908316642,0.9092006069,3,0.236,0.048,0.032,0.53,0.154
84,189,189,1.311587416,480.768296,1.553207608,83.08484618,-2707120.119,3121109.584,158,158,1.518680166,449.8097315,1.563713104,74.31334559,-2707129.673,3121109.961,630.5696471,13115.87416,1.311587416,1.311587416,1,9.561526116,Retain,0.2712381717,0.4178416459,0.1466034742,-0.06656076651,0.006740970576,-0.111570355,6.908754779,2.694597787,4,0.146,0.002,0.002,0.232,0.618
85,191,191,0.5522473332,570.9123514,1.196826841,83.08484618,-2707281.045,3121003.971,161,161,0.5522473332,570.9123514,1.196826841,74.31334559,-2707281.045,3121003.971,315.2848236,5522.473332,0.5522473332,0.5522473332,1,0,Retain,-0.5937592657,-0.5937592657,0,0,0,-0.111570355,6.908754779,-6.038510703,3,0.17,0.018,0.002,0.614,0.196
86,209,209,9.181111914,211.7669875,1.810093327,316.3776685,-2708039.502,3120670.437,178,178,9.250142831,210.1866369,1.803326599,316.3776685,-2708038.327,3120671.774,1944.256412,91811.11914,9.181111914,9.181111914,1,1.780012258,Retain,2.217148321,2.224638993,0.00749067173,-0.00749067173,-0.003745335865,0,6.908754779,0.04097266952,3,0.286,0.064,0.02,0.34,0.29
87,238,238,0.1380618333,1141.824703,1.196826841,224.4828928,-2707553.635,3119588.473,212,212,0.2761236666,951.5205858,1.410473959,176.2495744,-2707579.909,3119588.473,157.6424118,1380.618333,0.1380618333,0.1380618333,1,26.27373529,Retain,-1.980053627,-1.286906446,0.6931471805,-0.1823215567,0.1642520335,-0.2418972566,6.908754779,4.830999599,4,0.004,0,0,0.402,0.594
88,239,239,0.4141854999,634.3470571,1.151647165,236.4636177,-2707251.487,3119601.61,213,213,0.3451545832,761.2164686,1.261566261,236.4636177,-2707256.742,3119598.983,262.737353,3451.545832,0.3451545832,0.3451545832,0.8333333333,5.874985817,Retain,-0.8814413381,-1.063762895,-0.1823215569,0.1823215569,0.09116077842,0,1.604655121,2.783959456,0,0.542,0.086,0.016,0.306,0.05
89,242,242,0.4141854999,761.2164686,1.381976598,224.4828928,-2707842.646,3119492.136,218,218,0.3451545832,761.2164686,1.261566261,176.2495744,-2707834.764,3119493.888,262.737353,3451.545832,0.3451545832,0.3451545832,0.8333333333,8.074395689,Retain,-0.8814413381,-1.063762895,-0.1823215568,0,-0.0911607784,-0.2418972566,1.604655121,3.101907482,3,0.312,0.064,0.024,0.552,0.048
90,97,97,3.451545832,304.4865874,1.595769122,78.8212059,-2709632.939,3124515.849,89,89,3.451545832,304.4865874,1.595769122,78.8212059,-2709632.939,3124515.849,1050.949412,34515.45832,3.451545832,3.451545832,1,0,Retain,1.238822198,1.238822198,0,0,0,0,6.908754779,-6.954801435,3,0.138,0.03,0.01,0.702,0.12
91,100,100,3.106391249,456.7298812,2.27081927,153.2008866,-2708680.778,3124518.01,88,88,0.8974019164,644.1062427,1.7212584,78.82120589,-2708546.985,3124548.146,578.0221765,8974.019164,0.8974019164,0.8974019164,0.2888888889,137.1459443,Retain,1.133461682,-0.1082514499,-1.241713132,0.3437715391,-0.277085027,-0.6645618141,-0.8987362464,4.926687039,2,0.004,0.032,0.964,0,0
92,249,249,1.44964925,471.2292425,1.600511388,332.3393847,-2708418.792,3119355.763,225,225,1.44964925,471.2292425,1.600511388,332.3393847,-2708418.792,3119355.763,683.1171177,14496.4925,1.44964925,1.44964925,1,0,Retain,0.3713216303,0.3713216303,0,0,0,0,6.908754779,-6.521051151,3,0.106,0.014,0,0.732,0.148
93,100,100,3.106391249,456.7298812,2.27081927,153.2008866,-2708680.778,3124518.01,92,92,1.311587416,520.8323206,1.682641576,78.82120589,-2708753.239,3124500.279,683.1171178,13115.87416,1.311587416,1.311587416,0.4222222222,74.598029,Retain,1.133461682,0.2712381719,-0.8622235106,0.131336002,-0.2997757532,-0.6645618141,-0.3130212112,4.317761593,2,0.03,0.252,0.696,0.016,0.006
94,101,101,0.5522473331,666.0644101,1.396297981,78.8212059,-2709734.355,3124344.019,93,93,0.5522473331,666.0644101,1.396297981,78.8212059,-2709734.355,3124344.019,367.8322942,5522.473331,0.5522473331,0.5522473331,1,0,Retain,-0.5937592658,-0.5937592658,0,0,0,0,6.908754779,-6.038510703,3,0.144,0.016,0.002,0.632,0.206
95,107,107,1.794803833,351.3306778,1.327760167,52.54747059,-2709581.765,3123989.324,99,99,1.794803833,351.3306778,1.327760167,52.54747059,-2709581.765,3123989.324,630.5696471,17948.03833,1.794803833,1.794803833,1,0,Retain,0.5848957306,0.5848957306,0,0,0,0,6.908754779,-6.627838201,3,0.104,0.018,0,0.744,0.134
96,115,115,1.518680166,380.6082343,1.323141857,78.82120589,-2710185.786,3123700.313,106,106,1.656742,348.8908814,1.266811881,78.82120589,-2710182.104,3123695.934,578.0221766,15186.80166,1.518680166,1.518680166,1,5.721417306,Retain,0.417841646,0.504853023,0.087011377,-0.087011377,-0.0435056885,0,6.908754779,2.107835442,4,0.118,0,0,0.294,0.588
97,116,116,4.832164166,260.9885035,1.618405275,74.31334558,-2709895,3123750.233,107,107,4.832164166,260.9885035,1.618405275,74.31334558,-2709895,3123750.233,1261.139294,48321.64166,4.832164166,4.832164166,1,0,Retain,1.575294435,1.575294435,0,0,0,0,6.908754779,-7.123037553,3,0.196,0.038,0.01,0.618,0.138
98,119,119,23.67760441,193.0782296,2.650313546,52.5474706,-2708718.68,3123750.524,111,111,24.98919183,195.561137,2.757742594,52.5474706,-2708739.873,3123744.876,4571.629942,229182.6433,22.91826433,22.91826433,0.9679300292,21.93211045,Retain,3.16452964,3.218443404,0.05391376466,0.01277760984,0.03973449217,0,3.377566755,2.078097511,4,0.216,0.074,0.024,0.036,0.65
99,117,117,1.656742,475.7602929,1.727470747,74.31334558,-2709587.66,3123677.323,108,108,1.656742,475.7602929,1.727470747,74.31334558,-2709587.66,3123677.323,788.2120589,16567.42,1.656742,1.656742,1,0,Retain,0.504853023,0.504853023,0,0,0,0,6.908754779,-6.587816848,3,0.106,0.014,0,0.738,0.142
100,125,125,1.725772916,487.1785399,1.805406667,117.4997163,-2709173.674,3123236.318,116,116,1.725772916,487.1785399,1.805406667,117.4997163,-2709173.674,3123236.318,840.7595295,17257.72916,1.725772916,1.725772916,1,0,Retain,0.5456750175,0.5456750175,0,0,0,0,6.908754779,-6.608227845,3,0.104,0.018,0,0.742,0.136
101,128,128,0.3451545832,913.4597624,1.513879513,52.54747059,-2710120.579,3123151.192,119,119,0.3451545832,913.4597624,1.513879513,52.54747059,-2710120.579,3123151.192,315.2848236,3451.545832,0.3451545832,0.3451545832,1,0,Retain,-1.063762895,-1.063762895,0,0,0,0,6.908754779,-5.803508889,3,0.204,0.018,0,0.604,0.174
102,130,130,2.416082083,391.4827553,1.716578017,117.4997163,-2708886.464,3123081.378,120,120,2.070927499,507.4776458,2.060129078,78.82120589,-2708853.309,3123103.899,893.3070001,18638.34749,1.863834749,1.863834749,0.7714285714,40.08012898,Retain,0.88214725409999994,0.7279965743,-0.1541506798,0.2595111955,0.1824358556,-0.3992496719,1.213325324,3.822196941,0,0.504,0.098,0.046,0.322,0.03
103,132,132,10.07851383,187.6972114,1.680935838,0,-2710391.019,3123177.177,124,124,10.07851383,187.6972114,1.680935838,0,-2710391.019,3123177.177,1891.708941,100785.1383,10.07851383,10.07851383,1,0,Retain,2.310405814,2.310405814,0,0,0,0,6.908754779,-7.490593243,3,0.332,0.076,0.026,0.364,0.202
104,134,134,1.311587416,480.768296,1.553207608,0,-2710436.141,3122959.808,125,125,1.311587416,480.768296,1.553207608,0,-2710436.141,3122959.808,630.5696472,13115.87416,1.311587416,1.311587416,1,6.585445e-10,Retain,0.2712381718,0.2712381718,0,0,0,0,6.908754779,-6.471008763,3,0.108,0.016,0,0.722,0.154
105,152,152,0.6903091665,532.851528,1.248886881,131.3686765,-2708833.166,3122360.352,133,133,0.6903091665,532.851528,1.248886881,131.3686765,-2708833.166,3122360.352,367.8322942,6903.091665,0.6903091665,0.6903091665,1,0,Retain,-0.3706157144,-0.3706157144,0,0,0,0,6.908754779,-6.150082479,3,0.148,0.016,0,0.648,0.188
106,154,154,11.39010125,221.4447909,2.108260776,117.4997163,-2709072.018,3122562.66,135,135,11.73525583,228.3649406,2.206839654,83.08484618,-2709071.175,3122558.178,2574.826059,112520.3941,11.25203941,11.25203941,0.9878787879,4.560580812,Retain,2.432744667,2.46259763,0.02985296315,0.03077165866,0.04569814024,-0.3465700651,4.322341597,0.8736618423,4,0.23,0.12,0.034,0.154,0.462
107,156,156,0.1380618333,1141.824703,1.196826841,78.82120589,-2708591.448,3122202.71,136,136,0.1380618333,1141.824703,1.196826841,78.82120589,-2708591.448,3122202.71,157.6424118,1380.618333,0.1380618333,0.1380618333,1,0,Retain,-1.980053626,-1.980053626,0,0,0,0,6.908754779,-5.345363523,3,0.226,0.04,0,0.57,0.164
108,261,261,0.2070927499,1014.955291,1.302940032,105.0949412,-2707838.267,3118940.388,234,234,0.2070927499,1014.955291,1.302940032,131.3686765,-2707838.267,3118940.388,210.1898824,2070.927499,0.2070927499,0.2070927499,1,0,Retain,-1.574588519,-1.574588519,0,0,0,0.2231416482,6.908754779,-5.548096077,3,0.23,0.03,0,0.58,0.16
109,264,264,0.6212782499,507.4776457,1.128379167,105.0949412,-2707671.867,3118879.082,237,237,0.4141854999,634.3470571,1.151647165,131.3686765,-2707658.73,3118879.082,262.737353,4141.854999,0.4141854999,0.4141854999,0.6666666667,13.13686765,Retain,-0.47597623,-0.881441338,-0.405465108,0.2231435512,0.02041099726,0.2231416482,0.691650548,3.385851778,1,0.258,0.494,0.022,0.22,0.006
110,266,266,9.388204664,218.2900167,1.886775449,37.15667279,-2709182.607,3119076.328,240,240,9.319173747,219.9069798,1.893750613,37.1566728,-2709181.536,3119074.092,2049.351353,92501.42831,9.250142831,9.250142831,0.9852941176,2.479640373,Retain,2.239454078,2.232073971,-0.007380107305,0.007380107305,0.003690053651,2.1267565e-10,4.139919289,0.3611546456,3,0.306,0.09,0.024,0.388,0.192
111,267,267,0.6903091665,532.851528,1.248886881,37.15667279,-2709069.63,3118818.653,241,241,0.8974019164,526.9960167,1.408302327,37.1566728,-2709086.607,3118814.408,367.8322942,6212.782499,0.6212782499,0.6212782499,0.9,17.49936232,Retain,-0.3706157143,-0.1082514499,0.2623642644,-0.01104983612,0.1201322961,2.1267565e-10,2.188384741,3.619894385,4,0.008,0.002,0.002,0.268,0.72
112,270,270,0.7593400831,692.0149715,1.701095599,52.5474706,-2709093.037,3118656.95,257,257,2.554143916,411.4683614,1.855043924,52.5474706,-2709089.939,3118558.117,525.4747059,7593.400831,0.7593400831,0.7593400831,1,98.88170403,Retain,-0.2753055346,0.9377171053,1.21302264,-0.5198754593,0.08663586064,0,6.908754779,5.30395205,4,0.004,0,0,0.024,0.972
114,279,279,13.94424516,275.0930802,2.897825562,74.31334558,-2708652.19,3118731.065,255,255,13.80618333,220.7527759,2.313865226,78.82120589,-2708658.971,3118743.116,3468.133059,128397.505,12.8397505,12.8397505,0.9207920792,13.82800953,Retain,2.63506689,2.625116559,-0.009950330848,-0.2200660998,-0.2250412652,0.05889074831,2.441697415,1.881600023,2,0.286,0.04,0.292,0.222,0.16
115,282,282,1.173525583,447.7743933,1.368360733,0,-2709447.662,3118373.699,265,265,1.173525583,447.7743933,1.368360733,0,-2709447.662,3118373.699,525.4747059,11735.25583,1.173525583,1.173525583,1,0,Retain,0.1600125367,0.1600125367,0,0,0,0,6.908754779,-6.415396604,3,0.114,0.016,0,0.718,0.152
116,286,286,6.005689749,262.4884374,1.814624174,26.27373529,-2708657.887,3118240.963,269,269,1.44964925,507.4776457,1.723627649,37.15667279,-2708566.425,3118267.28,735.6645884,14496.4925,1.44964925,1.44964925,0.2413793104,95.17280983,Retain,1.792707311,0.3713216304,-1.421385681,0.6592456288,-0.05144721159,0.3465624431,-1.142315319,4.231716084,2,0.004,0.096,0.9,0,0
117,286,286,6.005689749,262.4884374,1.814624174,26.27373529,-2708657.887,3118240.963,271,271,2.208989333,356.8202197,1.496033552,58.74985814,-2708786.859,3118219.776,840.7595295,11735.25583,1.173525583,1.173525583,0.1954022988,130.7002494,Retain,1.792707311,0.7925350954,-1.000172216,0.3070250353,-0.1930610726,0.8046979174,-1.411419387,4.548925467,2,0.006,0.1,0.888,0.004,0.002
118,288,288,1.380618333,380.6082343,1.261566261,26.27373529,-2708609.839,3118054.087,273,273,0.6212782498,507.4776457,1.128379167,58.74985814,-2708643.995,3118038.323,315.2848236,6212.782498,0.6212782498,0.6212782498,0.45,37.61826407,Retain,0.3225314663,-0.47597623,-0.7985076963,0.2876820725,-0.1115717756,0.8046979174,-0.2002674698,4.038615471,1,0.022,0.8,0.174,0.004,0
119,292,292,1.656742,507.4776457,1.842635464,52.5474706,-2708313.384,3117932.133,276,276,0.4141854999,634.3470572,1.151647165,74.31334558,-2708328.71,3117920.091,262.737353,4141.854999,0.4141854999,0.4141854999,0.25,19.49127323,Retain,0.504853023,-0.8814413382,-1.386294361,0.2231435513,-0.4700036292,0.3465680164,-1.095952713,3.289956574,2,0.004,0.478,0.514,0.004,0
120,294,294,8.835957331,202.1981245,1.695504692,83.08484618,-2709089.828,3117982.902,278,278,8.835957331,202.1981245,1.695504692,83.08484618,-2709089.828,3117982.902,1786.614,88359.57331,8.835957331,8.835957331,1,0,Retain,2.178829457,2.178829457,0,0,0,0,6.908754779,-7.424805064,3,0.29,0.072,0.022,0.39,0.226
121,299,299,0.5522473332,666.06441,1.396297981,108.3293858,-2709267.996,3117690.196,280,280,0.5522473332,666.06441,1.396297981,108.3293858,-2709267.996,3117690.196,367.8322942,5522.473332,0.5522473332,0.5522473332,1,0,Retain,-0.5937592657,-0.5937592657,0,0,0,0,6.908754779,-6.038510703,3,0.144,0.016,0.002,0.632,0.206
122,405,405,728.9664798,112.8128573,8.592260717,0,-2710640.112,3115749.475,285,285,1.725772916,456.7298811,1.692568751,26.2737353,-2709434.309,3117396.193,788.2120589,17257.72916,1.725772916,1.725772916,0.002367424242,2040.990188,Retain,6.59162775,0.5456750175,-6.045952732,1.3983618310000001,-1.624614536,10.17636312,-5.692238787,4.897741913,2,0,0,1,0,0
123,304,304,0.6212782498,676.636861,1.504505556,224.4828928,-2708083.489,3117530.364,283,283,0.6212782498,676.636861,1.504505556,342.5675967,-2708083.489,3117530.364,420.3797647,6212.782498,0.6212782498,0.6212782498,1,4.6566128e-10,Retain,-0.47597623,-0.47597623,0,0,0,0.4226679624,6.908754779,-6.097401755,3,0.158,0.018,0,0.628,0.196
124,167,167,7.110184415,236.4944368,1.778920048,78.82120589,-2708802.148,3122008.973,141,141,7.110184415,236.4944368,1.778920048,78.82120589,-2708802.148,3122008.973,1681.519059,71101.84415,7.110184415,7.110184415,1,0,Retain,1.961528181,1.961528181,0,0,0,0,6.908754779,-7.316154426,3,0.274,0.066,0.016,0.416,0.228
125,309,309,1.932865666,353.4219319,1.386083521,334.4100551,-2708877.644,3117379.603,286,286,1.794803833,380.6082343,1.438406848,293.7492907,-2708871.364,3117376.427,683.1171177,17948.03833,1.794803833,1.794803833,0.9285714286,7.037144957,Retain,0.6590037028,0.5848957306,-0.07410797215,0.07410797215,0.03705398607,-0.1296408851,2.552122796,2.194207727,3,0.352,0.036,0.008,0.506,0.098
126,312,312,0.3451545832,761.2164687,1.261566261,52.5474706,-2708060.718,3117055.685,287,287,0.4141854999,634.3470572,1.151647165,78.82120589,-2708065.973,3117053.058,262.737353,3451.545832,0.3451545832,0.3451545832,1,5.874985816,Retain,-1.063762895,-0.8814413382,0.1823215569,-0.1823215569,-0.09116077842,0.4054587647,6.908754779,2.875120235,4,0.128,0.008,0.006,0.424,0.434
127,174,174,9.802390164,251.9519297,2.225249691,131.3686765,-2709260.873,3121804.163,148,148,9.319173748,270.6547444,2.330769985,131.3686765,-2709253.157,3121802.084,2417.183647,89049.88248,8.904988248,8.904988248,0.9084507042,7.991487034,Retain,2.28262625,2.232073971,-0.05055227916,0.07160568836,0.04632954878,0,2.285099366,1.509553797,0,0.466,0.122,0.016,0.262,0.134
128,176,176,12.21847225,189.2289526,1.865911782,78.82120589,-2710819.965,3121731.193,151,151,11.73525583,205.9762209,1.990482825,26.2737353,-2710815.442,3121745.083,2312.088706,115281.6308,11.52816308,11.52816308,0.9435028249,14.60826534,Retain,2.502948925,2.46259763,-0.04035129553,0.0848030581,0.06462741033,-1.098586915,2.798922859,2.00254642,0,0.424,0.194,0.066,0.194,0.122
129,175,175,0.1380618333,1141.824703,1.196826841,58.74985815,-2710089.051,3121493.319,150,150,0.1380618333,1141.824703,1.196826841,58.74985815,-2710089.051,3121493.319,157.6424118,1380.618333,0.1380618333,0.1380618333,1,0,Retain,-1.980053627,-1.980053627,0,0,0,0,6.908754779,-5.345363523,3,0.226,0.04,0,0.57,0.164
130,190,190,53.29186765,163.6812614,3.370734154,58.74985815,-2709923.41,3121644.563,159,159,55.01764057,156.6367639,3.277477742,52.54747059,-2709921.453,3121651.802,8670.332648,529467.1307,52.94671307,52.94671307,0.9935233161,7.49898097,Retain,3.975783743,4.007653871,0.03187012876,-0.0439914893,-0.02805642492,-0.1115697666,4.890474173,0.5993735548,4,0.272,0.096,0.154,0.07,0.408
132,188,188,3.796700416,249.1253897,1.369355543,26.2737353,-2710375.196,3121150.566,157,157,6.143751582,248.0368268,1.734315311,26.2737353,-2710383.376,3121180.839,945.8544707,37276.69499,3.727669499,3.727669499,0.9818181818,31.35819903,Retain,1.334132378,1.815435562,0.4813031845,-0.004379112423,0.2362724798,0,3.93646128,3.350806408,4,0.006,0,0.006,0.008,0.98
133,197,197,0.6903091665,532.851528,1.248886881,26.27373529,-2709445.344,3120902.16,166,166,0.4141854999,761.2164686,1.381976598,26.2737353,-2709458.481,3120932.813,262.737353,2761.236666,0.2761236666,0.2761236666,0.4,33.34913444,Retain,-0.3706157144,-0.8814413382,-0.5108256237,0.356674944,0.1012621321,1.4178214e-10,-0.4046335071,4.264734604,1,0.02,0.93,0.01,0.04,0
134,207,207,6.281813415,209.1254035,1.478578464,26.27373529,-2709496.304,3120725.173,176,176,7.041153498,208.9613835,1.564166604,26.2737353,-2709497.892,3120741.684,1313.686765,62818.13415,6.281813415,6.281813415,1,16.58714388,Retain,1.837658699,1.951772006,0.1141133068,-7.846214605e-4,0.05627203192,1.4178214e-10,6.908754779,2.462223809,4,0.054,0.012,0.002,0.034,0.898
135,195,195,0.6212782498,507.4776457,1.128379167,58.74985815,-2710194.146,3120928.434,168,168,0.9664328331,489.3534441,1.357074079,26.2737353,-2710186.639,3120926.557,315.2848236,6212.782498,0.6212782498,0.6212782498,1,7.737813273,Retain,-0.4759762301,-0.03414347776,0.4418327523,-0.03636764417,0.184548732,-0.8046979173,6.908754779,2.85660141,4,0.008,0.002,0,0.012,0.978
136,211,211,1.656742,475.7602929,1.727470747,37.1566728,-2711169.558,3120543.085,180,180,1.656742,475.7602929,1.727470747,37.1566728,-2711169.558,3120543.085,788.212059,16567.42,1.656742,1.656742,1,0,Retain,0.504853023,0.504853023,0,0,0,0,6.908754779,-6.587816848,3,0.106,0.014,0,0.738,0.142
137,215,215,1.380618333,418.6690577,1.387722887,83.08484618,-2711467.108,3120462.075,182,182,1.380618333,418.6690577,1.387722887,83.08484618,-2711467.108,3120462.075,578.0221765,13806.18333,1.380618333,1.380618333,1,0,Retain,0.3225314662,0.3225314662,0,0,0,0,6.908754779,-6.496656069,3,0.108,0.016,0,0.72,0.156
138,219,219,0.5522473332,570.9123515,1.196826841,315.2848236,-2709461.765,3120189.485,189,189,0.5522473332,570.9123515,1.196826841,315.2848236,-2709461.765,3120189.485,315.2848236,5522.473332,0.5522473332,0.5522473332,1,0,Retain,-0.5937592657,-0.5937592657,0,0,0,0,6.908754779,-6.038510703,3,0.144,0.016,0.002,0.632,0.206
139,220,220,1.587711083,529.5418912,1.882266567,316.3776685,-2708653.134,3120283.014,190,190,1.587711083,529.5418912,1.882266567,316.3776685,-2708653.134,3120283.014,840.7595295,15877.11083,1.587711083,1.587711083,1,4.6566128e-10,Retain,0.4622934086,0.4622934086,0,0,0,0,6.908754779,-6.566536575,3,0.102,0.014,0,0.74,0.144
140,229,229,0.5522473331,761.2164687,1.595769122,74.31334559,-2709777.05,3119769.105,202,202,0.6212782498,761.2164687,1.692568751,58.74985815,-2709759.169,3119804.502,367.8322942,4141.854998,0.4141854998,0.4141854998,0.75,39.65649004,Retain,-0.5937592658,-0.4759762301,0.1177830357,0,0.05889151782,-0.23499825,1.095952712,4.54952441,3,0.014,0.002,0.006,0.69,0.288
141,230,230,1.518680166,380.6082343,1.323141857,37.15667279,-2708839.854,3119785.526,203,203,1.518680166,380.6082343,1.323141857,52.5474706,-2708839.854,3119785.526,578.0221765,15186.80166,1.518680166,1.518680166,1,0,Retain,0.417841646,0.417841646,0,0,0,0.3465657079,6.908754779,-6.544311159,3,0.114,0.014,0,0.732,0.14
142,243,243,11.39010125,170.6970263,1.625117682,37.15667279,-2709141.922,3119675.734,219,219,10.3546375,157.3180702,1.428042484,52.5474706,-2709165.091,3119677.103,1681.519059,101475.4475,10.14754475,10.14754475,0.8909090909,23.20909301,Retain,2.432744667,2.337434487,-0.0953101798,-0.08162052836,-0.1292756183,0.3465657079,2.092057741,2.500579837,0,0.558,0.028,0.228,0.068,0.118
143,241,241,8.904988247,259.6397257,2.185661413,0,-2709555.225,3119625.745,222,222,9.457235581,283.372554,2.458300425,37.15667279,-2709580.261,3119610.144,2364.636177,85598.33664,8.559833664,8.559833664,0.9612403101,29.49847502,Retain,2.186611597,2.246780118,0.06016852147,0.08746747734,0.1175517381,10.52292556,3.186410639,2.863431612,4,0.208,0.036,0.008,0.138,0.61
146,257,257,3.865731332,285.4561757,1.583253092,0,-2710678.802,3119156.833,232,232,8.835957331,261.6681611,2.194182542,26.2737353,-2710702.789,3119240.757,1103.496882,38657.31332,3.865731332,3.865731332,1,87.2840298,Retain,1.352150883,2.178829457,0.8266785732,-0.08701137699,0.3263279096,10.17636312,6.908754779,4.365468469,4,0.012,0,0.01,0.006,0.972
148,316,316,0.7593400832,484.41048,1.19076692,83.08484618,-2708837.465,3116910.941,289,289,0.7593400832,484.41048,1.19076692,52.5474706,-2708837.465,3116910.941,367.8322942,7593.400832,0.7593400832,0.7593400832,1,0,Retain,-0.2753055345,-0.2753055345,0,0,0,-0.4581383715,6.908754779,-6.197737569,3,0.19,0.018,0.002,0.634,0.156
149,315,315,1.587711083,529.5418912,1.882266567,26.2737353,-2709480.185,3117004.508,290,290,1.863834749,451.0912407,1.737253376,78.82120589,-2709481.835,3116967.911,788.2120589,14496.4925,1.44964925,1.44964925,0.9130434783,36.63424948,Retain,0.4622934085,0.6226360586,0.1603426501,-0.1603426501,-0.08017132504,1.098586915,2.341035518,3.942229116,4,0.106,0.004,0.004,0.234,0.652
150,318,318,0.5522473333,666.0644099,1.396297981,52.5474706,-2708082.394,3116918.405,291,291,0.4141855,761.2164685,1.381976598,78.82120589,-2708083.489,3116904.173,315.2848236,4141.855,0.4141855,0.4141855,0.7500000001,14.27364986,Retain,-0.5937592655,-0.8814413379,-0.2876820724,0.1335313926,-0.0103096436,0.4054587647,1.095952713,3.527729803,3,0.256,0.272,0.008,0.444,0.02
151,321,321,0.3451545833,761.2164686,1.261566261,0,-2709532.047,3116708.872,294,294,0.3451545833,761.2164686,1.261566261,0,-2709532.047,3116708.872,262.737353,3451.545833,0.3451545833,0.3451545833,1,0,Retain,-1.063762895,-1.063762895,0,0,0,0,6.908754779,-5.803508889,3,0.204,0.018,0,0.604,0.174
152,325,325,1.44964925,471.2292425,1.600511388,83.08484618,-2708811.647,3116702.116,296,296,1.311587416,520.8323206,1.682641576,83.08484618,-2708808.552,3116699.745,683.1171177,13115.87416,1.311587416,1.311587416,0.9047619048,3.89845868,Retain,0.3713216303,0.2712381718,-0.1000834586,0.1000834586,0.05004172928,0,2.241951194,1.747541871,0,0.46,0.076,0.008,0.386,0.07
153,332,332,0.5522473332,570.9123514,1.196826841,105.0949412,-2707773.678,3116327.246,299,299,0.5522473332,570.9123514,1.196826841,105.0949412,-2707773.678,3116327.246,315.2848236,5522.473332,0.5522473332,0.5522473332,1,0,Retain,-0.5937592656,-0.5937592656,0,0,0,0,6.908754779,-6.038510703,3,0.144,0.016,0.002,0.632,0.206
154,333,333,0.5522473332,570.9123514,1.196826841,236.4636177,-2707448.54,3116317.393,300,300,0.5522473332,570.9123514,1.196826841,236.4636177,-2707448.54,3116317.393,315.2848236,5522.473332,0.5522473332,0.5522473332,1,0,Retain,-0.5937592656,-0.5937592656,0,0,0,0,6.908754779,-6.038510703,3,0.144,0.016,0.002,0.632,0.206
155,335,335,0.3451545833,761.2164686,1.261566261,315.2848236,-2708344.475,3116151.868,304,304,0.6212782498,676.636861,1.504505556,315.2848236,-2708360.823,3116158.291,262.737353,3451.545833,0.3451545833,0.3451545833,1,17.5644112,Retain,-1.063762895,-0.4759762301,0.5877866648,-0.1177830356,0.1761102968,0,6.908754779,3.970178086,4,0,0,0,0.02,0.98
156,338,338,2.070927499,355.234352,1.442090354,105.0949412,-2707871.547,3116121.216,305,305,2.070927499,355.234352,1.442090354,105.0949412,-2707871.547,3116121.216,735.6645883,20709.27499,2.070927499,2.070927499,1,0,Retain,0.7279965743,0.7279965743,0,0,0,0,6.908754779,-6.699388623,3,0.104,0.02,0.002,0.744,0.13
157,341,341,0.6212782498,592.0572533,1.316442362,210.1898824,-2707817.832,3115807.974,306,306,0.6212782498,592.0572533,1.316442362,210.1898824,-2707817.832,3115807.974,367.8322942,6212.782498,0.6212782498,0.6212782498,1,0,Retain,-0.47597623,-0.47597623,0,0,0,0,6.908754779,-6.097402221,3,0.146,0.016,0,0.638,0.2
158,340,340,4.417978665,321.1381977,1.904139844,26.2737353,-2709185.481,3115958.592,307,307,5.729566082,265.9671999,1.795907712,37.15667279,-2709174.218,3115925.978,1366.234235,41418.54999,4.141854999,4.141854999,0.9375,34.50441263,Retain,1.485682276,1.7456398,0.2599575244,-0.1884985605,-0.05851979824,0.3465624428,2.69324295,3.370640004,4,0.048,0.002,0.006,0.052,0.892
160,347,347,0.6212782498,592.0572533,1.316442362,83.08484618,-2708317.033,3115571.511,313,313,0.4141854999,634.3470572,1.151647165,83.08484618,-2708302.437,3115581.728,262.737353,4141.854999,0.4141854999,0.4141854999,0.6666666667,17.81732284,Retain,-0.47597623,-0.8814413381,-0.4054651081,0.06899287149,-0.1337396826,0,0.6916505477,3.690580359,1,0.116,0.588,0.05,0.242,0.004
161,353,353,0.8283709998,634.3470572,1.62867504,83.08484618,-2708217.047,3115410.949,320,320,0.6212782498,676.636861,1.504505556,83.08484618,-2708203.18,3115405.111,420.3797648,6212.782498,0.6212782498,0.6212782498,0.75,15.04574803,Retain,-0.1882941576,-0.47597623,-0.2876820724,0.06453852112,-0.0793025151,0,1.095952713,3.377673912,1,0.184,0.396,0.042,0.368,0.01
162,361,361,0.6903091665,532.851528,1.248886881,176.2495744,-2707304.035,3115056.254,327,327,0.8974019165,526.9960167,1.408302327,191.2756802,-2707299.993,3115073.433,367.8322942,6903.091665,0.6903091665,0.6903091665,1,17.64811772,Retain,-0.3706157144,-0.1082514499,0.2623642645,-0.01104983621,0.120132296,0.08181426616,6.908754779,3.628358594,4,0.008,0.002,0.002,0.268,0.72
163,363,363,1.03546375,659.7209394,1.893750613,176.2495744,-2707619.32,3114932.767,331,331,0.9664328331,652.4712588,1.809432105,191.2756802,-2707626.826,3114934.269,630.5696471,9664.328331,0.9664328331,0.9664328331,0.9333333333,7.655445084,Retain,0.03484939378,-0.0341434777,-0.06899287148,-0.01104983619,-0.04554627193,0.08181426616,2.625239572,2.590488034,3,0.206,0.02,0.006,0.618,0.15
164,255,255,2.623174833,400.6402466,1.830472721,157.6424118,-2709710.156,3119160.488,231,231,2.623174833,400.6402466,1.830472721,157.6424118,-2709710.156,3119160.488,1050.949412,26231.74833,2.623174833,2.623174833,1,0,Retain,0.9643853524,0.9643853524,0,0,0,0,6.908754779,-6.817583012,3,0.11,0.022,0.002,0.742,0.124
165,260,260,0.8283709998,697.7817628,1.791542544,0,-2710402.146,3119036.725,233,233,0.9664328331,598.0986539,1.658646097,0,-2710406.212,3119044.231,578.0221766,7593.400832,0.7593400832,0.7593400832,0.9166666667,8.53730251,Retain,-0.1882941575,-0.03414347771,0.1541506798,-0.1541506798,-0.07707533991,0,2.387057016,2.81107424,4,0.158,0,0.016,0.406,0.42
166,367,367,0.2761236666,951.5205858,1.410473959,189.4625996,-2707323.74,3114760.674,337,337,0.2761236666,951.5205858,1.410473959,210.1898824,-2707323.74,3114760.674,262.737353,2761.236666,0.2761236666,0.2761236666,1,0,Retain,-1.286906446,-1.286906446,0,0,0,0.1038191619,6.908754779,-5.691937113,3,0.216,0.02,0,0.594,0.17
167,263,263,1.44964925,471.2292425,1.600511388,0,-2710335.523,3118912.863,236,236,1.44964925,471.2292425,1.600511388,0,-2710335.523,3118912.863,683.1171177,14496.4925,1.44964925,1.44964925,1,0,Retain,0.3713216303,0.3713216303,0,0,0,0,6.908754779,-6.521051151,3,0.106,0.014,0,0.732,0.148
168,281,281,1.86383475,592.0572533,2.280145056,0,-2709719.272,3118433.402,264,264,1.86383475,592.0572533,2.280145056,0,-2709719.272,3118433.402,1103.496882,18638.3475,1.86383475,1.86383475,1,0,Retain,0.6226360586,0.6226360586,0,0,0,0,6.908754779,-6.646708365,3,0.104,0.018,0,0.744,0.134
169,334,334,0.1380618333,1141.824703,1.196826841,26.2737353,-2710154.735,3116120.34,303,303,0.4832164165,652.4712588,1.279461712,0,-2710115.324,3116146.614,105.0949412,690.3091665,0.06903091665,0.06903091665,0.5,47.3656499,Retain,-1.980053627,-0.7272906583,1.252762969,-0.559615788,0.0667656963,-10.17636312,1.415048e-10,5.420310149,4,0,0.002,0.008,0.116,0.874
170,348,348,2.139958416,368.3305493,1.519971608,52.54747059,-2710567.911,3115572.829,314,314,2.139958416,368.3305493,1.519971608,52.54747059,-2710567.911,3115572.829,788.2120589,21399.58416,2.139958416,2.139958416,1,0,Retain,0.7607863972,0.7607863972,0,0,0,0,6.908754779,-6.715783535,3,0.102,0.02,0.002,0.75,0.126
171,350,350,1.932865666,353.4219319,1.386083521,58.74985815,-2709799.101,3115524.489,316,316,2.139958416,343.7751794,1.418640168,52.5474706,-2709795.802,3115528.757,683.1171177,19328.65666,1.932865666,1.932865666,1,5.39455985,Retain,0.6590037028,0.7607863971,0.1017826943,-0.02767472215,0.023216625,-0.1115697665,6.908754779,1.928439457,4,0.154,0,0,0.228,0.618
174,366,366,15.18680166,217.984716,2.3963722,26.2737353,-2710553.021,3115104.621,322,322,4.141854999,380.6082343,2.185096861,0,-2710878.139,3115320.743,315.2848236,4832.164165,0.4832164165,0.4832164165,0.03181818182,390.397085,Retain,2.720426739,1.421143755,-1.299282984,0.5573456394,-0.09229585267,-10.17636312,-3.385469544,5.179318523,2,0.002,0.008,0.982,0.002,0.006
175,357,357,8.214679081,281.4581901,2.27564367,26.2737353,-2710084.635,3115242.93,326,326,8.697895498,277.904425,2.312052135,26.27373529,-2710085.297,3115259.354,2259.541236,76624.31748,7.662431748,7.662431748,0.9327731092,16.43750172,Retain,2.105922686,2.1630811,0.05715841384,-0.01270665127,0.01587255566,-1.4178225e-10,2.616394705,2.319029849,4,0.11,0.012,0.008,0.058,0.812
176,355,355,0.4141854999,634.3470572,1.151647165,26.2737353,-2710325.514,3115213.896,323,323,0.4141854999,634.3470572,1.151647165,26.27373529,-2710325.514,3115213.896,262.737353,4141.854999,0.4141854999,0.4141854999,1,0,Retain,-0.8814413381,-0.8814413381,0,0,0,-1.4178225e-10,6.908754779,-5.894669667,3,0.188,0.018,0,0.604,0.19
177,362,362,0.20709275,1014.955291,1.302940032,37.1566728,-2710001.472,3114999.327,328,328,0.1380618333,1141.824703,1.196826841,37.1566728,-2710010.229,3115003.706,157.6424118,1380.618333,0.1380618333,0.1380618333,0.6666666668,9.791643022,Retain,-1.574588519,-1.980053627,-0.405465108,0.1177830356,-0.0849495184,0,0.6916505481,3.641290594,3,0.27,0.276,0.02,0.432,0.002
178,366,366,15.18680166,217.984716,2.3963722,26.2737353,-2710553.021,3115104.621,329,329,11.39010125,239.8985234,2.283949175,0,-2710536.978,3115158.881,2627.37353,109068.8483,10.90688483,10.90688483,0.7181818182,56.58127157,Retain,2.720426739,2.432744667,-0.2876820725,0.09579106466,-0.04804997158,-10.17636312,0.9333099781,3.247847286,2,0.394,0.118,0.436,0.03,0.022
179,359,359,24.29888266,235.7175997,3.277783237,37.15667279,-2709311.96,3115442.448,345,345,58.95240282,206.7941695,4.479031463,0,-2709522.966,3115051.854,5885.316707,223660.1699,22.36601699,22.36601699,0.9204545455,443.9443112,Retain,3.190430368,4.076730386,0.8863000182,-0.1309105288,0.3122394803,-10.52292556,2.437131771,5.072851141,4,0.022,0.002,0.028,0.006,0.942
182,405,405,728.9664798,112.8128573,8.592260717,0,-2710640.112,3115749.475,371,371,891.2581648,98.52007738,8.297009225,0,-2710648.447,3115717.579,83130.09848,7063933.701,706.3933701,706.3933701,0.9690340909,32.96648312,Retain,6.59162775,6.792634133,0.2010063829,-0.1354699573,-0.03496676584,0,3.412661222,0.7720727836,4,0.088,0.074,0.06,0.022,0.756
207,380,380,1.44964925,398.7324359,1.354278867,357.3614358,-2707740.679,3114485.113,342,342,1.44964925,398.7324359,1.354278867,357.3614358,-2707740.679,3114485.113,578.0221765,14496.4925,1.44964925,1.44964925,1,0,Retain,0.3713216304,0.3713216304,0,0,0,0,6.908754779,-6.521051151,3,0.106,0.014,0,0.732,0.148
212,386,386,0.3451545832,761.2164686,1.261566261,157.6424118,-2709600.359,3114249.65,357,357,1.794803833,439.1633473,1.659700209,26.2737353,-2709582.776,3114208.42,262.737353,3451.545832,0.3451545832,0.3451545832,1,44.82236891,Retain,-1.063762895,0.5848957307,1.648658626,-0.550046337,0.2742829759,-1.791727753,6.908754779,4.906976021,4,0,0,0.008,0.004,0.988
213,390,390,13.46102875,218.6057551,2.262537494,108.3293858,-2708447.279,3114394.358,358,358,21.95183149,165.1696111,2.183034476,26.27373529,-2708495.028,3114459.063,2890.110883,133229.6691,13.32296691,13.32296691,0.9897435897,80.41632206,Retain,2.599798751,3.088850575,0.4890518242,-0.2802970104,-0.03577109825,-1.416577843,4.477517995,3.659695169,4,0.036,0.002,0.016,0.04,0.906
214,393,393,1.932865666,434.9808392,1.705948949,83.08484618,-2709485.693,3114007.181,360,360,2.278020249,415.2089829,1.767830404,26.2737353,-2709502.271,3114014.46,840.7595295,19328.65666,1.932865666,1.932865666,1,18.10527442,Retain,0.6590037028,0.8233067541,0.1643030513,-0.04652001564,0.03563151001,-1.151266522,6.908754779,3.139121623,4,0.126,0,0.002,0.154,0.718
217,392,392,5.798596999,244.676722,1.662069518,78.82120589,-2709054.992,3114107.584,359,359,18.77640933,291.0533556,3.557737905,0,-2708993.668,3114426.747,1366.234235,52463.49665,5.246349665,5.246349665,0.9047619048,325.0003822,Retain,1.757615991,2.932601259,1.174985267,0.1735687657,0.7610613994,-11.27495004,2.241951193,5.477386383,4,0.09,0.014,0.08,0.02,0.796
218,394,394,2.485112999,380.6082343,1.692568751,78.82120589,-2709217.638,3113769.571,361,361,2.554143916,370.3215253,1.669539531,78.82120589,-2709217.757,3113767.065,945.8544707,24851.12999,2.485112999,2.485112999,1,2.507872481,Retain,0.9103181311,0.9377171053,0.02739897419,-0.02739897419,-0.0136994871,0,6.908754779,1.037039319,3,0.116,0.008,0.002,0.65,0.224
219,395,395,0.6212782498,592.0572534,1.316442362,423.651252,-2708559.335,3113527.998,362,362,1.2425565,422.8980381,1.329807601,421.2000187,-2708525.763,3113525.079,367.8322942,6212.782498,0.6212782498,0.6212782498,1,33.69868233,Retain,-0.47597623,0.2171709505,0.6931471806,-0.3364722366,0.01010135365,-0.005802759325,6.908754779,4.327841469,4,0,0,0,0.032,0.968
220,169,169,0.9664328331,543.726049,1.507860088,0,-2712446.18,3121825.494,142,142,0.9664328331,543.726049,1.507860088,0,-2712446.18,3121825.494,525.474706,9664.328331,0.9664328331,0.9664328331,1,0,Retain,-0.03414347773,-0.03414347773,0,0,0,0,6.908754779,-6.318318597,3,0.128,0.012,0,0.702,0.158
221,170,170,2.623174833,380.6082343,1.738949085,0,-2712251.103,3121861.151,143,143,1.518680166,484.41048,1.683998727,0,-2712280.519,3121868.317,735.6645883,15186.80166,1.518680166,1.518680166,0.5789473684,30.27667993,Retain,0.9643853524,0.417841646,-0.5465437064,0.2411620568,-0.03210979636,0,0.3178073296,3.500583072,1,0.13,0.648,0.19,0.032,0
222,178,178,15.18680166,197.2242669,2.168146276,58.74985814,-2711865.155,3121525.444,153,153,15.11777075,191.1730857,2.096841946,74.31334558,-2711863.788,3121522.892,2942.658353,150487.3983,15.04873983,15.04873983,0.9909090909,2.89596715,Retain,2.720426739,2.715870922,-0.004555816538,-0.03116226607,-0.03344017434,0.2349982499,4.587996532,0.2758159527,0,0.492,0.094,0.05,0.198,0.166
223,181,181,2.692205749,448.9225327,2.077880637,74.31334559,-2713084.93,3121310.413,154,154,2.692205749,468.4409038,2.168223274,37.15667279,-2713111.878,3121298.287,1103.496883,20018.96583,2.001896583,2.001896583,0.7435897436,29.5501539,Retain,0.9903608388,0.9903608388,0,0.04255961445,0.04255961444,-0.6931337243,1.062162246,3.463307316,3,0.046,0.016,0.012,0.838,0.088
224,196,196,0.5522473332,666.06441,1.396297981,153.2008866,-2712828.088,3120898.876,167,167,0.5522473332,666.06441,1.396297981,153.2008866,-2712828.088,3120898.876,367.8322942,5522.473332,0.5522473332,0.5522473332,1,0,Retain,-0.5937592657,-0.5937592657,0,0,0,0,6.908754779,-6.038510703,3,0.144,0.016,0.002,0.632,0.206
225,198,198,22.15892424,184.9684877,2.45621936,52.54747059,-2712137.174,3121077.154,170,170,22.22795516,184.3940514,2.452402389,52.54747059,-2712138.076,3121077.753,4098.702706,221589.2424,22.15892424,22.15892424,1,1.082176629,Retain,3.098240316,3.101350738,0.003110422413,-0.003110422413,-0.001555211207,0,6.908754779,-0.8968571682,0,0.5,0.136,0.056,0.132,0.176
226,201,201,0.966432833,543.726049,1.507860088,78.82120589,-2711984.513,3120783.928,172,172,0.2070927499,1014.955292,1.302940032,58.74985815,-2712059.581,3120797.065,105.0949412,690.3091664,0.06903091664,0.06903091664,0.07142857142,76.20862261,Retain,-0.03414347781,-1.574588519,-1.540445041,0.6241543092,-0.1460682114,-0.2938889981,-2.552122796,4.922924418,1,0,0.608,0.388,0.004,0
227,202,202,2.692205749,292.7755648,1.355139546,52.54747059,-2711724.085,3120836.139,173,173,2.968329416,265.5406286,1.290571573,52.54747059,-2711716.8,3120831.893,788.2120589,26922.05749,2.692205749,2.692205749,1,8.43213437,Retain,0.9903608388,1.087999308,0.09763846955,-0.09763846955,-0.04881923478,0,6.908754779,2.209353038,4,0.178,0,0,0.2,0.622
228,206,206,0.3451545833,761.2164685,1.261566261,183.9161471,-2712527.253,3120655.187,175,175,0.3451545833,761.2164685,1.261566261,183.9161471,-2712527.253,3120655.187,262.737353,3451.545833,0.3451545833,0.3451545833,1,0,Retain,-1.063762895,-1.063762895,0,0,0,0,6.908754779,-5.803508889,3,0.204,0.018,0,0.604,0.174
229,210,210,0.20709275,1014.955291,1.302940032,0,-2712234.739,3120525.57,179,179,0.20709275,1014.955291,1.302940032,0,-2712234.739,3120525.57,210.1898824,2070.9275,0.20709275,0.20709275,1,0,Retain,-1.574588519,-1.574588519,0,0,0,0,6.908754779,-5.548096077,3,0.236,0.028,0,0.57,0.166
230,213,213,0.20709275,1014.955291,1.302940032,0,-2712287.287,3120473.022,181,181,0.20709275,1014.955291,1.302940032,0,-2712287.287,3120473.022,210.1898824,2070.9275,0.20709275,0.20709275,1,0,Retain,-1.574588519,-1.574588519,0,0,0,0,6.908754779,-5.548096077,3,0.236,0.028,0,0.57,0.166
233,287,287,131.2277725,169.3816761,5.473616583,0,-2713039.684,3119401.337,267,267,190.9395154,168.9757454,6.586691864,0,-2713011.477,3119762.168,19022.18436,1139010.125,113.9010125,113.9010125,0.8679642294,361.9326967,Retain,4.876934535,5.251956705,0.3750221697,-0.002399420631,0.1851116642,0,1.876683917,4.025358712,4,0.024,0.024,0.032,0.014,0.906
234,287,287,131.2277725,169.3816761,5.473616583,0,-2713039.684,3119401.337,229,229,0.20709275,1014.955291,1.302940032,37.15667279,-2713390.783,3119229.399,210.1898824,2070.9275,0.20709275,0.20709275,0.001578116781,390.9394165,Retain,4.876934535,-1.574588519,-6.451523054,1.790445236,-1.435316291,10.52292556,-5.960117793,4.102452836,2,0,0,1,0,0
239,253,253,0.8283709998,570.9123514,1.465807536,26.2737353,-2713235.33,3119227.209,230,230,0.3451545832,761.2164686,1.261566261,0,-2713199.861,3119199.622,210.1898824,2070.9275,0.20709275,0.20709275,0.25,44.93500097,Retain,-0.1882941576,-1.063762895,-0.8754687373,0.2876820725,-0.1500522962,-10.17636312,-1.095952713,4.471751298,2,0.004,0.422,0.562,0.01,0.002
240,259,259,0.4141854999,634.3470571,1.151647165,189.4625996,-2713964.427,3119010.451,235,235,1.03546375,659.7209394,1.893750613,111.4700184,-2713895.239,3118975.419,262.737353,3451.545833,0.3451545833,0.3451545833,0.8333333334,77.5508018,Retain,-0.8814413381,0.03484939374,0.9162907318,0.03922071321,0.4973660791,-0.5304322874,1.604655121,5.364031735,4,0,0,0.032,0.036,0.932
241,287,287,131.2277725,169.3816761,5.473616583,0,-2713039.684,3119401.337,260,260,1.104494666,475.7602929,1.410473959,0,-2714534.238,3118407.797,367.8322942,6212.782498,0.6212782498,0.6212782498,0.004734350342,1794.662647,Retain,4.876934535,0.09938791488,-4.77754662,1.032759534,-1.356013776,0,-5.157539474,5.626470575,2,0,0,1,0,0
242,287,287,131.2277725,169.3816761,5.473616583,0,-2713039.684,3119401.337,270,270,3.451545832,334.9352462,1.755346034,52.54747059,-2714796.253,3118191.761,893.3070001,20018.96583,2.001896583,2.001896583,0.01525512888,2132.746661,Retain,4.876934535,1.238822198,-3.638112337,0.6817826114,-1.137273557,10.86949127,-4.104989087,5.799064085,2,0,0,1,0,0
243,280,280,0.5522473332,570.9123515,1.196826841,78.82120589,-2714920.134,3118350.323,262,262,2.139958416,368.3305493,1.519971608,37.15667279,-2714941.216,3118398.527,315.2848236,5522.473332,0.5522473332,0.5522473332,1,52.61257634,Retain,-0.5937592657,0.7607863971,1.354545663,-0.438254931,0.2390179005,-0.7520244725,6.908754779,4.832218768,4,0,0,0.012,0.01,0.978
244,182,182,0.4141854999,761.2164686,1.381976598,37.1566728,-2713351.373,3121213.066,155,155,2.001896583,341.2349687,1.361975882,0,-2713310.754,3121171.239,315.2848236,4141.854999,0.4141854999,0.4141854999,1,58.30379571,Retain,-0.8814413382,0.6940950226,1.575536361,-0.8023464726,-0.01457829215,-10.52292556,6.908754779,5.078769961,4,0.006,0.002,0.004,0.018,0.97
245,183,183,0.2761236666,761.2164686,1.128379167,37.1566728,-2713438.952,3121125.487,162,162,1.173525583,671.6615899,2.052541099,0,-2713444.361,3121047.438,210.1898824,2761.236666,0.2761236666,0.2761236666,1,78.23567534,Retain,-1.286906446,0.1600125367,1.446918983,-0.1251631429,0.5982963485,-10.52292556,6.908754779,5.575556698,4,0,0,0.032,0.022,0.946
246,185,185,0.1380618333,1141.824703,1.196826841,78.82120589,-2713136.804,3121125.487,156,156,0.6212782499,592.0572534,1.316442362,26.2737353,-2713136.804,3121129.866,157.6424118,1380.618333,0.1380618333,0.1380618333,1,4.378955883,Retain,-1.980053627,-0.47597623,1.504077397,-0.6567795365,0.09525916198,-1.098586916,6.908754779,3.039430409,4,0.014,0,0.004,0.034,0.948
247,200,200,0.6903091665,532.851528,1.248886881,37.15667279,-2713268.173,3120810.202,169,169,0.5522473332,666.06441,1.396297981,26.2737353,-2713235.33,3120820.054,262.737353,3451.545832,0.3451545832,0.3451545832,0.5,34.28823121,Retain,-0.3706157144,-0.5937592657,-0.2231435513,0.2231435513,0.1115717757,-0.3465624428,0,4.292504146,3,0.056,0.318,0.05,0.552,0.024
248,205,205,0.5522473332,570.9123515,1.196826841,78.8212059,-2714053.101,3120714.959,174,174,0.4141854999,634.3470572,1.151647165,94.73129981,-2714043.248,3120718.244,262.737353,4141.854999,0.4141854999,0.4141854999,0.75,10.38560577,Retain,-0.5937592657,-0.8814413382,-0.2876820725,0.1053605157,-0.03848052057,0.1838602593,1.095952713,3.209761645,3,0.312,0.266,0.012,0.396,0.014
249,217,217,0.20709275,1014.955291,1.302940032,183.9161471,-2714590.617,3120280.348,186,186,0.20709275,1014.955291,1.302940032,183.9161471,-2714590.617,3120280.348,210.1898824,2070.9275,0.20709275,0.20709275,1,0,Retain,-1.574588519,-1.574588519,0,0,0,0,6.908754779,-5.548096077,3,0.236,0.028,0,0.57,0.166
250,231,231,0.1380618333,1141.824703,1.196826841,185.783364,-2713438.952,3119693.568,204,204,0.5522473332,666.06441,1.396297981,26.27373529,-2713402.826,3119739.547,105.0949412,690.3091663,0.06903091663,0.06903091663,0.4999999999,58.47381971,Retain,-1.980053627,-0.5937592657,1.386294361,-0.5389965007,0.1541506798,-1.955978825,-5.6601878e-10,5.630987986,4,0,0,0.016,0.074,0.91
251,234,234,0.1380618333,1141.824703,1.196826841,185.783364,-2713215.625,3119627.884,214,214,1.656742,380.6082343,1.381976598,26.2737353,-2713148.846,3119601.61,157.6424118,1380.618333,0.1380618333,0.1380618333,1,71.76178872,Retain,-1.980053627,0.504853023,2.48490665,-1.098612289,0.1438410362,-1.955978825,6.908754779,5.835757835,4,0,0,0.014,0.018,0.968
252,253,253,0.8283709998,570.9123514,1.465807536,26.2737353,-2713235.33,3119227.209,227,227,0.3451545832,761.2164686,1.261566261,0,-2713257.663,3119267.933,210.1898824,2761.236666,0.2761236666,0.2761236666,0.3333333333,46.44584099,Retain,-0.1882941576,-1.063762895,-0.8754687374,0.2876820725,-0.1500522962,-10.17636312,-0.6916505478,4.504820476,2,0.008,0.462,0.518,0.01,0.002
254,399,399,5.039256915,250.2629486,1.584801506,78.82120589,-2709571.854,3112857.718,366,366,15.67001808,248.149862,2.771046763,26.27373529,-2709708.95,3112792.372,1261.139294,50392.56915,5.039256915,5.039256915,1,151.8725746,Retain,1.617258634,2.75174921,1.134490576,-0.008479313458,0.5587659747,-1.098586916,6.908754779,4.786784055,4,0.01,0.002,0.054,0.008,0.926
256,408,408,0.3451545832,913.4597623,1.513879513,52.54747059,-2710246.693,3108579.778,373,373,0.4832164165,761.2164686,1.49270533,242.2318706,-2710231.68,3108583.531,315.2848236,3451.545832,0.3451545832,0.3451545832,1,15.47562654,Retain,-1.063762895,-0.7272906584,0.3364722366,-0.1823215567,-0.01408543848,1.528163546,6.908754779,3.843577311,4,0.008,0.004,0,0.12,0.868
257,409,409,4.279916832,270.1090695,1.576347273,111.4700184,-2709889.031,3108251.356,374,374,5.177318749,233.439717,1.498381037,94.73129981,-2709906.185,3108246.627,1156.044353,42799.16832,4.279916832,4.279916832,1,17.79417935,Retain,1.453933578,1.644287306,0.1903537285,-0.1459019659,-0.05072510167,-0.1627096151,6.908754779,2.724325751,4,0.09,0.002,0.006,0.074,0.828
258,410,410,0.966432833,543.726049,1.507860088,111.4700184,-2710119.078,3108033.66,375,375,1.311587416,440.7042713,1.423773641,94.73129981,-2710125.004,3108046.006,525.4747059,9664.32833,0.966432833,0.966432833,1,13.69535701,Retain,-0.03414347781,0.2712381717,0.3053816496,-0.2100714697,-0.05738064497,-0.1627096151,6.908754779,3.206566567,4,0.058,0,0.002,0.07,0.87
259,411,411,1.173525583,492.5518326,1.505196806,183.9161471,-2709835.586,3107785.384,378,378,1.173525583,492.5518326,1.505196806,183.9161471,-2709835.586,3107785.384,578.0221766,11735.25583,1.173525583,1.173525583,1,0,Retain,0.1600125366,0.1600125366,0,0,0,0,6.908754779,-6.415396604,3,0.114,0.016,0,0.718,0.152
260,412,412,8.145648164,296.745403,2.389141607,157.6424118,-2710186.13,3107545.751,380,380,8.904988248,253.7388229,2.13598729,58.74985814,-2710188.646,3107548.381,2417.183647,80075.86331,8.007586331,8.007586331,0.9830508475,3.640399867,Retain,2.097483817,2.186611597,0.0891277799,-0.1565690607,-0.1120051707,-0.9870298354,4.004134668,0.8159912208,4,0.124,0.014,0.078,0.054,0.73
261,413,413,4.348947749,241.6560218,1.421624124,222.9400368,-2710487.744,3106781.904,382,382,5.867627915,259.7091481,1.774653618,0,-2710534.777,3106777.4,1050.949412,43489.47749,4.348947749,4.348947749,1,47.2478578,Retain,1.469933919,1.769450449,0.2995165301,0.07204702634,0.2218052914,-12.31466261,6.908754779,3.692826463,4,0.036,0,0.018,0.008,0.938
262,415,415,0.3451545832,761.2164686,1.261566261,242.2318706,-2711723.277,3105542.534,384,384,0.3451545832,761.2164686,1.261566261,242.2318706,-2711723.277,3105542.534,262.737353,3451.545832,0.3451545832,0.3451545832,1,0,Retain,-1.063762895,-1.063762895,0,0,0,0,6.908754779,-5.803508889,3,0.204,0.018,0,0.604,0.174
263,416,416,0.2761236666,761.2164686,1.128379167,52.54747059,-2712860.93,3105492.614,385,385,0.2761236666,761.2164686,1.128379167,52.54747059,-2712860.93,3105492.614,210.1898824,2761.236666,0.2761236666,0.2761236666,1,0,Retain,-1.286906446,-1.286906446,0,0,0,0,6.908754779,-5.691937113,3,0.218,0.02,0,0.592,0.17
264,417,417,0.4832164166,652.4712588,1.279461712,108.3293858,-2713380.774,3105137.919,386,386,0.4832164166,652.4712588,1.279461712,108.3293858,-2713380.774,3105137.919,315.2848236,4832.164166,0.4832164166,0.4832164166,1,0,Retain,-0.7272906582,-0.7272906582,0,0,0,0,6.908754779,-5.971745007,3,0.154,0.016,0.004,0.616,0.21
265,419,419,80.97326523,136.9281116,3.475829885,0,-2713221.83,3105559.978,388,388,113.6939197,127.5626869,3.836960657,37.15667278,-2712844.028,3105712.352,11507.89606,780739.6673,78.07396673,78.07396673,0.9641943734,407.3715627,Retain,4.394119041,4.733509923,0.3393908815,-0.07084814928,0.09884729148,10.52292556,3.266678774,4.385033577,4,0.02,0.018,0.038,0.022,0.902
267,418,418,0.2761236666,761.2164685,1.128379167,37.15667278,-2714253.438,3104835.771,387,387,0.2761236666,761.2164685,1.128379167,37.15667278,-2714253.438,3104835.771,210.1898824,2761.236666,0.2761236666,0.2761236666,1,0,Retain,-1.286906446,-1.286906446,0,0,0,0,6.908754779,-5.691937113,3,0.218,0.02,0,0.592,0.17
268,422,422,0.4141854999,761.2164686,1.381976598,108.3293858,-2713942.532,3104608.065,389,389,0.4141854999,761.2164686,1.381976598,108.3293858,-2713942.532,3104608.065,315.2848236,4141.854999,0.4141854999,0.4141854999,1,0,Retain,-0.8814413382,-0.8814413382,0,0,0,0,6.908754779,-5.894669667,3,0.188,0.018,0,0.604,0.19
269,421,421,1.104494666,570.9123515,1.692568751,78.82120589,-2714760.849,3104687.981,391,391,6.903091665,289.2622581,2.143920417,58.74985815,-2714763.148,3104581.441,630.5696471,11044.94666,1.104494666,1.104494666,1,106.5647975,Retain,0.09938791485,1.931969379,1.832581464,-0.6799019538,0.2363887781,-0.2938889981,6.908754779,5.191433597,4,0,0,0.066,0.002,0.932
271,425,425,5.936658832,247.83792,1.703467567,37.15667279,-2714442.242,3104528.735,390,390,3.451545832,304.4865874,1.595769122,58.74985815,-2714397.943,3104582.492,1050.949412,34515.45832,3.451545832,3.451545832,0.5813953488,69.65790676,Retain,1.781146489,1.238822198,-0.5423242908,0.2058520542,-0.06531009122,0.4581354744,0.3278365494,3.925402269,2,0.122,0.422,0.444,0.01,0.002
272,425,425,5.936658832,247.83792,1.703467567,37.15667279,-2714442.242,3104528.735,392,392,0.6903091665,532.851528,1.248886881,58.74985815,-2714547.704,3104370.726,367.8322942,6212.782498,0.6212782498,0.6212782498,0.1046511628,189.9710238,Retain,1.781146489,-0.3706157144,-2.151762203,0.7654678422,-0.3104132595,0.4581354744,-2.138186914,4.928668517,2,0,0.024,0.976,0,0
273,426,426,1.44964925,434.9808392,1.477395127,58.74985815,-2716419.77,3102217.781,396,396,2.692205749,409.8857908,1.897195365,26.2737353,-2716400.81,3102189.197,630.5696471,14496.4925,1.44964925,1.44964925,1,34.29981741,Retain,0.3713216304,0.9903608388,0.6190392084,-0.05942342046,0.2500961837,-0.8046979172,6.908754779,3.921873313,4,0.004,0.002,0.004,0.01,0.98
274,427,427,0.4141854999,634.3470571,1.151647165,26.27373529,-2716171.42,3102142.713,394,394,0.4141854999,634.3470571,1.151647165,26.27373529,-2716171.42,3102142.713,262.737353,4141.854999,0.4141854999,0.4141854999,1,0,Retain,-0.8814413381,-0.8814413381,0,0,0,0,6.908754779,-5.894669667,3,0.188,0.018,0,0.604,0.19
276,430,430,21.05442958,162.2264605,2.099851103,26.27373529,-2715950.42,3102339.55,395,395,19.46671849,170.0589983,2.116611049,26.27373529,-2715957.97,3102366.692,3257.943177,191215.6391,19.12156391,19.12156391,0.9081967213,28.17184033,Retain,3.047110969,2.968706264,-0.07840470567,0.04715216217,0.007949809333,0,2.282079516,2.387167863,0,0.688,0.084,0.088,0.064,0.076
277,431,431,2.070927499,431.3559989,1.751109716,83.08484618,-2716375.48,3101707.445,401,401,2.070927499,431.3559989,1.751109716,83.08484618,-2716375.48,3101707.445,893.3070001,20709.27499,2.070927499,2.070927499,1,0,Retain,0.7279965743,0.7279965743,0,0,0,0,6.908754779,-6.699388623,3,0.104,0.02,0.002,0.744,0.13
278,432,432,0.8283709998,570.9123514,1.465807536,83.08484618,-2716598.369,3101531.848,402,402,0.8283709998,570.9123514,1.465807536,83.08484618,-2716598.369,3101531.848,472.9272354,8283.709998,0.8283709998,0.8283709998,1,0,Retain,-0.1882941575,-0.1882941575,0,0,0,0,6.908754779,-6.241243257,3,0.136,0.016,0,0.672,0.176
279,434,434,0.3451545832,913.4597624,1.513879513,52.5474706,-2715412.109,3101233.642,404,404,0.3451545832,913.4597624,1.513879513,26.2737353,-2715412.109,3101233.642,315.2848236,3451.545832,0.3451545832,0.3451545832,1,0,Retain,-1.063762895,-1.063762895,0,0,0,-0.6931281508,6.908754779,-5.803508889,3,0.246,0.018,0.002,0.588,0.146
280,435,435,9.940451997,195.5903426,1.739584549,26.2737353,-2715882.957,3101351.946,405,405,10.07851383,192.9110229,1.7276285,26.2737353,-2715880.07,3101350.722,1944.256412,98023.90164,9.802390164,9.802390164,0.9861111111,3.135855745,Retain,2.296612492,2.310405814,0.01379332213,-0.01379332213,-0.006896661065,0,4.194167385,0.56727964,4,0.202,0.04,0.018,0.222,0.518
281,436,436,1.794803833,380.6082343,1.438406848,37.15667279,-2715562.072,3101228.185,406,406,1.794803833,380.6082343,1.438406848,37.15667279,-2715562.072,3101228.185,683.1171177,17948.03833,1.794803833,1.794803833,1,0,Retain,0.5848957307,0.5848957307,0,0,0,0,6.908754779,-6.627838201,3,0.104,0.018,0,0.744,0.134
282,437,437,1.518680166,415.2089829,1.44342748,26.2737353,-2716000.641,3101086.986,407,407,1.518680166,415.2089829,1.44342748,26.2737353,-2716000.641,3101086.986,630.5696471,15186.80166,1.518680166,1.518680166,1,0,Retain,0.417841646,0.417841646,0,0,0,0,6.908754779,-6.544311159,3,0.102,0.014,0,0.74,0.144
283,438,438,0.8974019165,526.9960167,1.408302327,78.82120589,-2715388.261,3101016.984,408,408,1.311587416,480.7682959,1.553207608,26.2737353,-2715376.986,3101047.513,472.9272354,8974.019165,0.8974019165,0.8974019165,1,32.54425923,Retain,-0.1082514499,0.2712381718,0.3794896217,-0.09180754922,0.0979372616,-1.098586915,6.908754779,4.10912238,4,0.006,0,0.002,0.07,0.922
284,439,439,0.4832164165,652.4712588,1.279461712,37.15667279,-2715475.166,3100697.657,409,409,0.4832164165,652.4712588,1.279461712,37.15667279,-2715475.166,3100697.657,315.2848236,4832.164165,0.4832164165,0.4832164165,1,0,Retain,-0.7272906583,-0.7272906583,0,0,0,0,6.908754779,-5.971745007,3,0.154,0.016,0.004,0.616,0.21
286,441,441,1.380618333,532.851528,1.766192765,26.27373531,-2715330.661,3100693.716,410,410,1.44964925,507.4776457,1.723627649,26.27373531,-2715328.784,3100693.904,735.6645883,13806.18333,1.380618333,1.380618333,1,1.886055512,Retain,0.3225314662,0.3713216303,0.04879016416,-0.04879016416,-0.02439508208,0,6.908754779,1.046116894,3,0.148,0.002,0.002,0.546,0.302
287,442,442,2.830267583,315.6263406,1.497897365,131.3686765,-2715762.896,3100688.045,411,411,2.899298499,308.1114278,1.479957827,131.3686765,-2715761.05,3100687.648,893.3070001,28302.67583,2.830267583,2.830267583,1,1.888319723,Retain,1.040371259,1.064468811,0.02409755158,-0.02409755158,-0.01204877579,0,6.908754779,0.6883961426,3,0.128,0.008,0.002,0.652,0.21
288,443,443,0.2761236666,761.2164687,1.128379167,26.27373531,-2715278.113,3100579.426,412,412,0.6903091665,685.0948217,1.605711705,26.27373531,-2715243.958,3100608.327,210.1898824,2761.236666,0.2761236666,0.2761236666,1,44.74255897,Retain,-1.286906446,-0.3706157144,0.916290732,-0.1053605157,0.3527848503,0,6.908754779,5.016765667,4,0.002,0,0.002,0.032,0.964
289,446,446,0.2761236666,761.2164686,1.128379167,205.2044326,-2715094.197,3100369.236,414,414,0.6903091664,608.9731749,1.427299293,148.6266912,-2715091.57,3100390.255,210.1898824,2761.236666,0.2761236666,0.2761236666,1,21.1825626,Retain,-1.286906446,-0.3706157144,0.9162907318,-0.2231435513,0.2350018146,-0.3225671256,6.908754779,4.269043698,4,0,0,0,0.006,0.994
