OBJECTID,FID_RasterT_RasterC6,ID_1996,AREA_1996,ED_1996,SHAPE_1996,ENN_1996,POINT_X_1996,POINT_Y_1996,FID_cotabato_2007_Project,ID_2007,AREA_2007,ED_2007,SHAPE_2007,ENN_2007,POINT_X_2007,POINT_Y_2007,Shape_Length,Shape_Area,OVERLAP_96_07,MAX_OVERLAP_96_07,RETENTION_96_07,CENTROID_96_07,EVENT TYPE,log_area_parent,log_area_child,log_change_area,log_change_ED,log_change_shape_index,log_change_ENN,logit_retention_ratio,log_centroid_shift,Predicted_Typology,Prob_0,Prob_1,Prob_2,Prob_3,Prob_4
1,1,1,1.983663067,348.867392,1.386083521,1110.591445,-85916.0763,2566690.816,1,1,1.025204103,527.2059184,1.505845838,1164.506572,-85924.1625,2566725.342,516.971951,9817.2772,0.98172772,0.98172772,0.4949064872,35.46098885,Retain,0.6849451692,0.02489171801,-0.6600534512,0.412899325,0.08287259938,0.04740470605,-0.02033408521,3.798353745,1,0.134,0.644,0.218,0.004,0
2,2,2,1.062676643,400.7502349,1.165384993,79.85023392,-86782.83157,2565769.876,2,2,1.025223868,431.1168942,1.231400893,73.6061127,-86816.53644,2565777.549,335.3604525,6600.461444,0.6600461444,0.6600461444,0.6211166387,34.56704552,Retain,0.06079086011,0.02491099654,-0.03587986356,0.07304089205,0.05510096027,-0.08142366647,0.4932633354,4.084899228,3,0.024,0.072,0.004,0.872,0.028
4,4,4,0.4959157666,644.0628775,1.279461712,79.85023392,-86538.718,2565299.14,6,6,0.7236943299,542.8196845,1.302651492,109.8837827,-86562.44109,2565265.534,259.7297442,1941.20749,0.194120749,0.194120749,0.391438954,41.13554424,Retain,-0.701349192,-0.3233861721,0.3779630199,-0.1710191652,0.01796234472,0.3192670598,-0.4403581073,4.63993642,4,0.002,0.002,0.014,0.216,0.766
5,5,5,18.91564424,205.4407805,2.52053245,26.61674464,-86997.14123,2565224.004,7,7,22.25361156,172.1440301,2.290800586,49.07294291,-87091.4148,2565252.965,2847.586081,137406.991,13.7406991,13.7406991,0.7264198315,98.62166845,Retain,2.939989317,3.102504313,0.1625149951,-0.1768263091,-0.09556881151,0.6117501146,0.9742605245,3.693671423,4,0.104,0.004,0.108,0.082,0.702
6,5,5,18.91564424,205.4407805,2.52053245,26.61674464,-86997.14123,2565224.004,3,3,0.3015383775,814.5565445,1.261791514,24.53574562,-86723.83676,2565408.619,221.4279546,2718.596635,0.2718596635,0.2718596635,0.01437221276,329.8153078,Retain,2.939989317,-1.198857982,-4.1388473,1.377486028,-0.6919376217,-0.08140626996,-4.16173134,4.900906141,2,0,0,1,0,0
7,5,5,18.91564424,205.4407805,2.52053245,26.61674464,-86997.14123,2565224.004,4,4,0.2412307547,814.4113637,1.128379612,24.53574562,-86740.82974,2565332.51,196.5363062,1953.474359,0.1953474359,0.1953474359,0.01032729488,278.3329864,Retain,2.939989317,-1.422001315,-4.361990632,1.377307779,-0.8036875369,-0.08140626996,-4.471168923,4.731192067,2,0,0,1,0,0
8,6,6,0.4959157666,858.7505034,1.705948949,75.28352251,-86808.68784,2564892.284,8,8,0.8443161516,581.8205921,1.508122796,69.45993615,-86832.60519,2564876.581,373.2664656,2947.87071,0.294787071,0.294787071,0.5944297213,28.61185568,Retain,-0.701349192,-0.1692282674,0.5321209246,-0.3893162905,-0.1232558282,-0.08051004453,0.3815265643,4.276895655,4,0.004,0.006,0.004,0.098,0.888
9,7,7,6.305214748,312.3825567,2.212747121,26.61674464,-86958.5619,2564657.775,9,9,0.1809257165,1086.341805,1.303502028,73.73688943,-86849.6858,2564706.529,196.5112593,1446.655224,0.1446655224,0.1446655224,0.02294378989,119.2937164,Retain,1.841377029,-1.709668738,-3.551045766,1.246342609,-0.5291802744,1.018938686,-3.709858148,4.433273469,2,0,0.022,0.978,0,0
10,7,7,6.305214748,312.3825567,2.212747121,26.61674464,-86958.5619,2564657.775,11,11,2.352036279,563.8006249,2.439173141,24.53689702,-87095.92107,2564640.407,1129.300279,16603.26308,1.660326308,1.660326308,0.2633258937,138.4528014,Retain,1.841377029,0.8552814549,-0.9860955738,0.5904721071,0.09742432022,-0.08135934556,-1.026319349,4.582213135,2,0.026,0.182,0.786,0.004,0.002
11,11,11,22.59958994,270.8832897,3.63268351,26.61674464,-87055.14006,2564085.295,13,13,12.06184468,378.6859564,3.710061711,0,-87108.70689,2564122.31,4174.98788,94898.38624,9.489838624,9.489838624,0.4199119829,65.11125395,Retain,3.117931762,2.490047138,-0.6278846238,0.3350191879,0.02107687605,-10.18933336,-0.3224784927,3.189511826,2,0.048,0.296,0.626,0.018,0.012
12,11,11,22.59958994,270.8832897,3.63268351,26.61674464,-87055.14006,2564085.295,12,12,0.2412359402,814.4025799,1.12837957,122.686382,-87008.31335,2564301.224,196.4631721,2412.359402,0.2412359402,0.2412359402,0.01067435033,220.9485282,Retain,3.117931762,-1.421979819,-4.539911581,1.100766751,-1.169189039,1.528061425,-4.440639673,4.411333358,2,0,0.024,0.976,0,0
13,11,11,22.59958994,270.8832897,3.63268351,26.61674464,-87055.14006,2564085.295,14,14,2.894860297,407.2832714,1.954814021,0,-87358.31112,2563848.852,735.6998837,12750.82156,1.275082156,1.275082156,0.05642058816,384.4708307,Retain,3.117931762,1.062936853,-2.054994909,0.4078208793,-0.6196765751,-10.18933336,-2.800336844,4.965269586,2,0.004,0.006,0.99,0,0
14,13,13,3.542255476,405.7596128,2.154288314,0,-86826.48304,2563667.153,20,20,3.43765639,300.0292119,1.569241705,24.53809626,-86815.81937,2563698.869,1111.400137,24467.20549,2.446720549,2.446720549,0.6907239088,33.46053143,Retain,1.264763664,1.234789957,-0.02997370736,-0.3018810546,-0.3168679082,10.10802289,0.8017243825,3.450379574,3,0.1,0.084,0.192,0.468,0.156
15,13,13,3.542255476,405.7596128,2.154288314,0,-86826.48304,2563667.153,24,24,0.180930031,1085.419976,1.302411454,24.53809626,-86895.47663,2563504.063,196.4461096,905.4946643,0.09054946643,0.09054946643,0.02556265832,177.0832695,Retain,1.264763664,-1.709644891,-2.974408556,0.983961368,-0.5032429099,10.10802289,-3.603379519,5.116608829,2,0,0.118,0.882,0,0
16,14,14,1.41690219,450.8440143,1.513879513,150.567045,-86529.9725,2563486.16,26,26,0.1206203007,1221.261865,1.196503759,191.7765794,-86575.86092,2563468.149,147.3089734,1206.203007,0.1206203006,0.1206203006,0.08512958866,49.29620317,Retain,0.3484729326,-2.115107678,-2.463580611,0.9965185056,-0.2352717999,0.2419211516,-2.364021875,4.295995825,2,0,0.492,0.504,0.004,0
17,15,15,1.629437519,359.3684172,1.294058265,0,-87630.16985,2563371.823,30,30,1.266512492,387.7445836,1.230964552,49.07639543,-87642.97477,2563369.921,473.614436,11219.07835,1.121907835,1.121907835,0.6885246115,12.94540292,Retain,0.4882348749,0.2362670537,-0.2519678212,0.07599873911,-0.04998517151,10.80115383,0.7914766818,2.889065488,3,0.31,0.276,0.06,0.34,0.014
18,17,17,14.94831811,309.821716,3.379115906,0,-87244.44918,2563530.866,15,15,0.4824773267,610.9654266,1.197154376,24.53784716,-87252.443,2563711.636,294.7096823,4201.680793,0.4201680794,0.4201680794,0.02810805044,180.9468541,Retain,2.704598792,-0.7288213506,-3.433420143,0.6790433503,-1.037666721,10.10801274,-3.509258244,4.418274438,2,0,0.012,0.988,0,0
19,17,17,14.94831811,309.821716,3.379115906,0,-87244.44918,2563530.866,16,16,0.3618585986,814.6194731,1.382354097,24.53789673,-87104.96297,2563707.961,211.8406104,2230.817934,0.2230817934,0.2230817934,0.014923538,225.4307079,Retain,2.704598792,-1.016501755,-3.721100548,0.9667240779,-0.8938261959,10.10801476,-4.125935507,4.638082812,2,0,0.014,0.986,0,0
20,17,17,14.94831811,309.821716,3.379115906,0,-87244.44918,2563530.866,19,19,0.1206194492,1221.929634,1.197153766,24.53789673,-87031.06817,2563650.912,147.3884795,1206.194492,0.1206194492,0.1206194492,0.008069098367,244.8319723,Retain,2.704598792,-2.115114737,-4.819713529,1.372189533,-1.037667231,10.10801476,-4.695788225,4.720641779,2,0,0,1,0,0
21,17,17,14.94831811,309.821716,3.379115906,0,-87244.44918,2563530.866,21,21,1.206197033,488.5715349,1.513674018,0,-87365.18442,2563598.443,593.8255402,11426.85259,1.142685259,1.142685259,0.07644239641,138.3609539,Retain,2.704598792,0.187472462,-2.51712633,0.4554888765,-0.8030742887,0,-2.479780969,4.149938652,2,0,0.018,0.982,0,0
22,17,17,14.94831811,309.821716,3.379115906,0,-87244.44918,2563530.866,22,22,1.748985618,589.6667126,2.199858764,0,-87499.26008,2563627.596,955.6884599,13633.93428,1.363393428,1.363393428,0.09120714572,272.5533414,Retain,2.704598792,0.5590359729,-2.14556282,0.6435604611,-0.4292209487,0,-2.289179311,4.827903559,2,0,0.026,0.974,0,0
23,17,17,14.94831811,309.821716,3.379115906,0,-87244.44918,2563530.866,25,25,0.4221709403,698.2407924,1.279806918,34.73032665,-87492.26034,2563463.826,263.0669212,2662.947124,0.2662947124,0.2662947124,0.01781435948,256.7190015,Retain,2.704598792,-0.8623449752,-3.566943768,0.8125669959,-0.9709048879,10.45539734,-3.956177573,4.768051549,2,0,0.002,0.998,0,0
24,17,17,14.94831811,309.821716,3.379115906,0,-87244.44918,2563530.866,27,27,0.1809304112,1086.297071,1.303465262,172.0454769,-87165.48915,2563380.614,196.5441757,1809.304112,0.1809304112,0.1809304112,0.01210373033,169.7354883,Retain,2.704598792,-1.70964279,-4.414241582,1.254532987,-0.9525878047,12.05551993,-4.323692495,4.354312712,2,0,0,1,0,0
25,21,21,0.2833804381,751.4066905,1.128379167,26.61674464,-86939.87037,2562977.78,37,37,0.241242346,814.3917301,1.128379518,122.8879815,-86955.443,2562976.315,169.399083,1748.233418,0.1748233418,0.1748233418,0.6169209949,15.64132838,Retain,-1.26096498,-1.421953266,-0.1609882857,0.08049445407,3.112204931e-7,1.529703273,0.4755123356,3.95282803,3,0.03,0.072,0.002,0.892,0.004
26,22,22,3.825635914,445.2780388,2.456847285,26.61674464,-86859.52723,2563190.714,34,34,1.206204453,529.1931248,1.639531349,98.15318496,-86915.67714,2563257.396,605.4743031,9193.941379,0.9193941379,0.9193941379,0.2403245261,87.17378482,Retain,1.341724706,0.1874786137,-1.154246092,0.1726545473,-0.4044684986,1.304961473,-1.148064211,4.369417714,2,0.006,0.094,0.892,0.006,0.002
27,22,22,3.825635914,445.2780388,2.456847285,26.61674464,-86859.52723,2563190.714,38,38,0.241242093,814.3921568,1.128379518,122.8879815,-86783.40048,2562976.797,196.4594565,1702.724258,0.1702724258,0.1702724258,0.04450826728,227.0586198,Retain,1.341724706,-1.421954314,-2.76367902,0.6037431218,-0.7780963881,1.529703273,-3.045378138,5.326715216,2,0,0.122,0.878,0,0
28,23,23,1.133521752,469.6291815,1.410473959,26.61674464,-87179.42107,2562924.546,39,39,0.5427961612,633.6289427,1.316886842,147.4654803,-87183.32591,2562925.235,343.8004992,5424.905511,0.5424905511,0.5424905511,0.478588567,3.965060811,Retain,0.1253293812,-0.6110214233,-0.7363508045,0.2995201114,-0.06865529082,1.712022813,-0.08552687905,1.887473615,1,0.116,0.65,0.212,0.022,0
29,24,24,2.762959271,404.6036025,1.897195365,3990.736852,-82347.11696,2562942.632,40,40,2.050562717,455.0820029,1.838320614,3983.158541,-82380.26025,2562931.782,893.2464218,16769.84104,1.676984104,1.676984104,0.6069521622,34.87405404,Retain,1.016302305,0.7181142516,-0.2981880536,0.1175698002,-0.03152422661,-0.00190078015,0.4336238805,3.61598558,1,0.25,0.546,0.082,0.12,0.002
30,25,25,7.722116938,351.5756074,2.756017626,59.51685035,-87596.86442,2562990.356,35,35,0.1206208169,1221.912524,1.197143789,98.31079221,-87570.19228,2563085.012,147.3880868,1206.208169,0.1206208169,0.1206208169,0.01562017486,98.34201585,Retain,2.044088541,-2.115103399,-4.15919194,1.245747765,-0.8338482046,0.501867708,-4.082409866,4.138782201,2,0,0.016,0.984,0,0
31,25,25,7.722116938,351.5756074,2.756017626,59.51685035,-87596.86442,2562990.356,36,36,1.14589848,428.695712,1.29454538,98.31079221,-87771.31855,2563076.694,377.595112,6018.855578,0.6018855578,0.6018855578,0.07794307735,194.6499088,Retain,2.044088541,0.1361890282,-1.907899513,0.1983225837,-0.7556271729,0.501867708,-2.458963851,4.821528415,2,0.002,0.036,0.958,0.002,0.002
32,26,26,0.9209864238,462.4041172,1.251824291,0,-87299.19642,2562626.644,41,41,0.6634203155,518.1905847,1.190635888,104.1921896,-87308.62531,2562635.122,326.5203477,5998.951843,0.5998951843,0.5998951843,0.6513615932,12.68009164,Retain,-0.08230998357,-0.4103465297,-0.3280365461,0.1139038774,-0.05011439569,11.55400205,0.6236995021,3.153631972,1,0.328,0.42,0.026,0.22,0.006
33,27,27,0.5667608762,563.5550179,1.196826841,106.4669786,-87009.73932,2562568.547,42,42,0.24124481,1017.826518,1.410255555,220.8558688,-87009.60704,2562571.267,239.7190904,2340.849636,0.2340849636,0.2340849636,0.4130224464,2.722769767,Retain,-0.5678177994,-1.421943052,-0.8541252525,0.5911598035,0.1640971772,0.7296705702,-0.3507685822,1.858290707,1,0.09,0.708,0.166,0.032,0.004
34,28,28,2.479578833,343.5002013,1.525847126,59.51685035,-87776.77687,2562613.13,43,43,2.291818037,385.7297668,1.647283276,132.1773112,-87791.98985,2562610.392,844.0461368,18723.02944,1.872302944,1.872302944,0.7550890977,15.45739939,Retain,0.9080887205,0.8293454051,-0.0787433154,0.1159493406,0.0765776829,0.7978755797,1.123189939,2.856473088,0,0.584,0.024,0,0.38,0.012
37,35,35,5.384228324,346.0425548,2.265094429,0,-87514.58192,2562331.623,44,44,0.2412445851,814.3879382,1.128379501,49.07894486,-87445.67918,2562508.692,131.2108295,1007.044037,0.1007044037,0.1007044037,0.01870359086,190.0026851,Retain,1.683473999,-1.421943984,-3.105417984,0.8558750768,-0.696833915,10.80120578,-3.909092209,4.97767141,2,0,0.036,0.964,0,0
38,35,35,5.384228324,346.0425548,2.265094429,0,-87514.58192,2562331.623,45,45,0.6031135505,896.1354671,1.963216869,24.53969729,-87388.79237,2562381.246,548.2492837,5118.929558,0.5118929558,0.5118929558,0.09507266872,135.2237709,Retain,1.683473999,-0.5056497906,-2.18912379,0.9515298343,-0.1430320607,10.10808813,-2.243854224,4.637566307,2,0.002,0.042,0.956,0,0
41,38,38,11.33521752,206.6368399,1.962536528,26.61674464,-87158.95945,2562007.766,48,48,24.84841044,158.144778,2.223817943,24.53969729,-87258.48104,2562061.485,2319.015443,106257.6453,10.62576453,10.62576453,0.9374116123,113.0943135,Retain,2.427914474,3.212793784,0.78487931,-0.2674519255,0.1249877295,-0.08124523196,2.691757802,4.086638651,4,0.014,0.006,0.002,0.016,0.962
43,40,40,1.133521752,516.5920997,1.551521355,376.4176126,-86384.24582,2561626.98,49,49,1.085617921,588.1977102,1.728848348,280.1867059,-86391.93248,2561652.741,538.144811,6205.019675,0.6205019675,0.6205019675,0.5474107278,26.88360098,Retain,0.1253293813,0.08214933692,-0.04318004437,0.1298095457,0.1082195235,-0.2952420987,0.1898324077,3.801253921,3,0.1,0.138,0.022,0.678,0.062
44,41,41,0.3542255476,751.4066904,1.261566261,286.671113,-86878.65186,2561489.904,51,51,1.025310252,479.1860057,1.368758547,280.1867059,-86840.68908,2561491.974,266.0949121,3194.015365,0.3194015365,0.3194015365,0.9016897245,38.01916968,Retain,-1.037821428,0.02499525133,1.06281668,-0.4498581942,0.08155014574,-0.02287934266,2.207129844,4.729392457,4,0.002,0,0,0.018,0.98
45,50,50,2.621269052,345.2409118,1.576787335,143.3355565,-88799.80532,2560850.239,57,57,1.507827502,586.3496453,2.031082503,132.3200354,-88802.02832,2560851.295,840.178147,13826.84838,1.382684838,1.382684838,0.5274868053,2.461325428,Retain,0.9636585716,0.4106698743,-0.5529886973,0.5296738075,0.2531794588,-0.07996435068,0.1098380603,0.9916418566,1,0.27,0.53,0.182,0.016,0.002
46,52,52,0.5667608762,657.4808541,1.396297981,53.23348928,-86746.89897,2560372.666,60,60,0.1206272052,1221.280685,1.196556443,418.503573,-86763.7689,2560351.007,114.8052779,806.7421418,0.08067421418,0.08067421418,0.1423425955,27.45368196,Retain,-0.5678177992,-2.115050438,-1.547232638,0.6192396844,-0.1543766348,2.061981336,-1.790132474,4.168810559,1,0,0.936,0.062,0.002,0
47,55,55,1.558592409,409.8581948,1.44342748,292.784191,-87250.80234,2560248.354,63,63,1.749101959,449.3075464,1.676279153,418.503573,-87272.68892,2560212.904,590.9958672,11547.34214,1.154734214,1.154734214,0.7408827397,41.66173419,Retain,0.4437831123,0.55910249,0.1153193776,0.09189637837,0.1495560672,0.3572486132,1.048058667,4.080080452,3,0.04,0.008,0.002,0.502,0.448
48,59,59,0.6376059858,584.4274258,1.316442362,26.61674464,-88553.14083,2559944.95,66,66,0.2412567036,814.3674222,1.128379415,98.17109987,-88544.36652,2559953.296,196.472404,2118.842807,0.2118842807,0.2118842807,0.3323122515,12.11006796,Retain,-0.4500347636,-1.421893752,-0.9718589887,0.3317790342,-0.1541504602,1.305143975,-0.6962374647,3.291502067,1,0.034,0.846,0.118,0.002,0
49,62,62,0.8501413143,563.5550178,1.465807536,109.7436496,-88292.88822,2559890.237,67,67,0.1809427647,1085.822887,1.30294076,0,-88245.24137,2559909.153,55.54161165,79.22323153,0.007922323153,0.007922323153,0.009318830904,51.26432195,Retain,-0.1623526912,-1.709574515,-1.547221823,0.6558284354,-0.1177824764,-11.60591158,-4.565431184,4.590555827,2,0.002,0.328,0.664,0.006,0
50,62,62,0.8501413143,563.5550178,1.465807536,109.7436496,-88292.88822,2559890.237,70,70,0.9047135874,760.0047071,2.039233263,0,-88302.4761,2559871.358,485.608024,5236.560455,0.5236560455,0.5236560455,0.6159635306,21.17464927,Retain,-0.1623526912,-0.1001368633,0.06221582785,0.2990596622,0.3301675761,-11.60591158,0.4714718591,3.706393191,3,0.12,0.08,0.068,0.534,0.198
51,42,42,1.55859241,580.6324426,2.044855597,0,-88905.87992,2561484.822,50,50,0.1206244173,1221.27515,1.196537192,172.0350067,-88831.477,2561523.15,132.810227,653.1733119,0.06531733119,0.06531733119,0.04190789766,83.69446997,Retain,0.4437831124,-2.11507355,-2.558856663,0.743532869,-0.5358954623,12.05545908,-3.106931207,4.777658241,2,0,0.278,0.722,0,0
53,43,43,0.4250706571,751.4066904,1.381976598,0,-89091.39056,2561380.775,53,53,1.447498002,441.0977632,1.497058977,0,-89078.9774,2561414.051,273.1972227,3635.808897,0.3635808897,0.3635808897,0.8553422439,35.5158736,Retain,-0.8554998718,0.36983655,1.225336422,-0.5326805008,0.07998771002,0,1.77141038,4.570122775,4,0,0,0,0.026,0.974
54,44,44,0.4250706571,626.172242,1.151647165,26.61674464,-89228.91041,2561234.383,54,54,0.361875866,678.5509579,1.151482511,24.54110155,-89236.17517,2561239.767,230.5534897,3134.298751,0.3134298751,0.3134298751,0.7373594714,9.042452076,Retain,-0.8554998718,-1.016454038,-0.1609541658,0.08033409999,-1.429829286e-4,-0.08118801185,1.029844254,3.2021558470000002,3,0.222,0.036,0,0.72,0.022
57,46,46,1.558592409,375.7033452,1.323141857,26.61674464,-89053.48186,2561097.67,56,56,4.101270007,359.2495406,2.052345486,0,-89039.91097,2561108.602,585.4833338,15383.74279,1.538374279,1.538374279,0.9870279549,17.42643672,Retain,0.4437831123,1.411296684,0.9675135713,-0.04478261028,0.4389741754,-10.18933336,4.258652439,3.208519174,4,0.018,0,0.046,0.004,0.932
58,47,47,13.95648658,167.826875,1.768661112,26.61674464,-89411.64719,2561202.497,55,55,14.59565934,154.7894089,1.668200201,24.54110155,-89429.00925,2561233.126,2305.814472,127929.0116,12.79290116,12.79290116,0.9166276264,35.20788906,Retain,2.635944388,2.680724179,0.0447797911,-0.08086740113,-0.05847750558,-0.08118801185,2.386551652,2.81569133,4,0.264,0.024,0.054,0.108,0.55
60,51,51,1.629437519,457.3779855,1.646983246,59.51685036,-89264.20652,2560545.819,59,59,0.8443883638,581.9347547,1.508483218,88.52448661,-89307.96104,2560564.667,442.1703914,6226.695868,0.6226695868,0.6226695868,0.3821377497,47.64136072,Retain,0.488234875,-0.1691427435,-0.6573776185,0.2408481854,-0.08784062389,0.3970142213,-0.4794881279,4.191969802,1,0.048,0.568,0.37,0.014,0
62,73,73,11.33521752,253.599758,2.408567557,0,-89156.21342,2559927.002,75,75,9.589956815,297.0649726,2.595104437,101.317682,-89153.46913,2559917.669,2777.315184,81151.19627,8.115119627,8.115119627,0.7159209438,9.727605,Retain,2.427914474,2.260716386,-0.1671980885,0.1581936095,0.07459456522,11.5260261,0.9221990426,1.633478221,0,0.786,0.07,0.07,0.054,0.02
63,77,77,0.3542255477,751.4066903,1.261566261,26.61674464,-86724.27474,2559562.851,82,82,0.4222026657,698.0265077,1.279462227,34.73180551,-86758.04734,2559560.395,203.0461977,1389.289103,0.1389289103,0.1389289103,0.3922046595,33.86182722,Retain,-1.037821428,-0.8622698299,0.1755515985,-0.07368995826,0.01408584096,0.2661065588,-0.4371519146,4.613593528,3,0,0.002,0.01,0.922,0.066
64,78,78,1.133521752,563.5550178,1.692568751,26.61674464,-86555.59112,2559655.677,83,83,0.542831703,633.3359633,1.316321029,24.54319559,-86611.38954,2559564.7,180.3729642,1219.072519,0.1219072519,0.1219072519,0.1075473423,106.7252315,Retain,0.1253293812,-0.6109559463,-0.7362853275,0.1167360644,-0.2514065994,-0.08110269078,-2.107906936,5.179967224,1,0.014,0.426,0.422,0.134,0.004
65,82,82,0.4959157668,644.0628774,1.279461712,26.61674464,-86725.03521,2559443.456,88,88,0.120629298,1221.807457,1.197082935,24.57479603,-86748.9765,2559455.235,107.3896263,715.4731371,0.07154731371,0.07154731371,0.1442731175,26.68163916,Retain,-0.7013491917,-2.115033089,-1.413683897,0.6402902068,-0.06655174191,-0.07981602805,-1.774503638,4.207052674,1,0.004,0.85,0.132,0.014,0
66,85,85,2.337888614,364.3183954,1.571404804,155.2009576,-87842.82327,2559388.149,86,86,0.4825170392,814.2335747,1.5955132,77.6228278,-87815.13057,2559532.001,266.0196998,2073.570791,0.2073570791,0.2073570791,0.08869416526,146.4935203,Retain,0.8492482204,-0.7287390444,-1.577987265,0.8042190738,0.01522544137,-0.6928527817,-2.319569559,5.134728857,2,0.004,0.07,0.916,0.006,0.004
67,85,85,2.337888614,364.3183954,1.571404804,155.2009576,-87842.82327,2559388.149,90,90,0.3618890776,678.5493137,1.15150074,77.6228278,-87879.13537,2559353.88,234.2861968,3203.847984,0.3203847984,0.3203847984,0.1370402321,49.9291417,Retain,0.8492482204,-1.01641753,-1.86566575,0.6219289593,-0.3109039158,-0.6928527817,-1.833981023,4.058365695,2,0,0.306,0.694,0,0
68,86,86,0.9918315334,483.0471581,1.357074079,266.1674464,-86409.43667,2559213.412,96,96,1.085671375,452.4226367,1.329806919,265.5823171,-86435.62116,2559201.128,416.2672567,6877.47083,0.687747083,0.687747083,0.6934111892,28.92236778,Retain,-0.008202011322,0.08219857462,0.09040058594,-0.06549750485,-0.02029721188,-0.002200762015,0.8143004154,3.941115791,3,0.032,0.004,0.002,0.738,0.224
69,97,97,0.5667608762,563.5550178,1.196826841,159.7004678,-86833.40339,2558905.418,103,103,0.4825231106,610.8952055,1.197073575,171.809073,-86845.72962,2558902.729,277.0777621,4366.193408,0.4366193408,0.4366193408,0.7703766423,12.61609058,Retain,-0.5678177993,-0.7287264618,-0.1609086624,0.0806604667,2.061354769e-4,0.0730833937,1.207390872,3.391326132,3,0.15,0.034,0.002,0.76,0.054
70,106,106,2.833804381,281.7775089,1.338093087,155.2009576,-86861.35097,2558608.641,111,111,0.241262296,814.3579556,1.128379376,34.73210792,-86869.68538,2558681.764,196.4567901,2307.009595,0.2307009595,0.2307009595,0.08141033343,73.59597737,Retain,1.041620113,-1.421870572,-2.463490685,1.061282234,-0.1704631085,-1.49703387,-2.412216721,4.350158843,2,0.002,0.064,0.932,0.002,0
71,106,106,2.833804381,281.7775089,1.338093087,155.2009576,-86861.35097,2558608.641,114,114,0.3015785516,814.455683,1.261719315,34.73210792,-86960.46509,2558629.966,193.6854187,1616.765323,0.1616765323,0.1616765323,0.05705282036,101.3822476,Retain,1.041620113,-1.198724761,-2.240344874,1.061402232,-0.05877020444,-1.49703387,-2.788716919,4.670462753,2,0.004,0.086,0.908,0,0.002
72,113,113,0.3542255476,751.4066905,1.261566261,155.2009576,-86612.48441,2558402.361,119,119,0.3618958916,678.7102698,1.151784726,171.8136367,-86659.98279,2558387.815,126.5941712,942.3712515,0.09423712516,0.09423712516,0.2660370654,49.67584676,Retain,-1.037821429,-1.016398701,0.02142272792,-0.1017527019,-0.09104133795,0.101688981,-1.012432599,4.996814622,3,0.002,0.024,0.01,0.956,0.008
73,114,114,2.267043505,305.258968,1.296562411,159.7004678,-86309.38623,2558420.494,121,121,2.352322351,313.2510525,1.355301829,196.5915977,-86318.53643,2558412.997,654.0202487,19616.14417,1.961614417,1.961614417,0.8652742714,11.8293424,Retain,0.8184765618,0.8554030745,0.03692651265,0.02584446203,0.04430771836,0.2078273089,1.853565421,2.633794283,3,0.12,0.012,0.002,0.706,0.16
74,123,123,0.2833804381,751.4066904,1.128379167,59.51685035,-86647.08618,2558160.149,123,123,0.3618978623,678.5479664,1.151512429,54.89723625,-86671.61833,2558154.606,159.7531432,1418.298708,0.1418298708,0.1418298708,0.5004928067,25.15059378,Retain,-1.26096498,-1.016393255,0.2445717245,-0.1019918656,0.0202939967,-0.08079505203,0.001967292995,4.427768699,3,0,0.002,0.004,0.854,0.14
75,133,133,2.833804381,432.058847,2.051742734,59.51685035,-86447.46059,2557934.572,138,138,2.774559658,460.3264727,2.163007637,54.89723625,-86475.48302,2557934.78,1091.742987,20958.00651,2.095800651,2.095800651,0.7395713921,28.02319193,Retain,1.041620113,1.020492053,-0.0211280603,0.06337416212,0.05281013197,-0.08079505203,1.041260803,3.384623021,3,0.062,0.024,0.004,0.862,0.048
76,134,134,1.346057081,514.1203671,1.682641576,79.85023392,-86090.23586,2557907.29,137,137,1.14601562,557.212001,1.682715899,73.63618397,-86083.10877,2557910.792,638.5909656,10433.91755,1.043391755,1.043391755,0.7751467377,7.941065718,Retain,0.2971796382,0.1362912484,-0.1608883897,0.08048836438,4.416950821e-5,-0.08101521238,1.234456091,2.495948531,3,0.404,0.064,0.016,0.5,0.016
77,135,135,3.04633971,366.9660581,1.806800203,26.61674463,-88391.72094,2557898.005,126,126,0.3618984595,678.7058292,1.151781277,54.9356058,-88256.23696,2558015.14,126.1807057,970.8072829,0.09708072829,0.09708072829,0.03186799161,179.0993382,Retain,1.113940775,-1.016391605,-2.13033238,0.6149184334,-0.4502477565,0.7246018139,-3.38390155,5.203340753,2,0,0.26,0.74,0,0
78,135,135,3.04633971,366.9660581,1.806800203,26.61674463,-88391.72094,2557898.005,130,130,0.3618993284,678.704483,1.151780375,49.14719983,-88378.89508,2557941.155,245.52851,3080.1783139999998,0.3080178314,0.3080178314,0.1011107955,45.01604233,Retain,1.113940775,-1.016389204,-2.130329979,0.6149164499,-0.4502485395,0.6132621351,-2.176213195,3.822435692,2,0,0.484,0.514,0.002,0
79,135,135,3.04633971,366.9660581,1.806800203,26.61674463,-88391.72094,2557898.005,132,132,0.2412663052,814.351174,1.128379355,49.14719983,-88489.40591,2557916.295,189.0334641,2229.991376,0.2229991376,0.2229991376,0.0732023211,99.38245011,Retain,1.113940775,-1.421853955,-2.535794729,0.7971223315,-0.4707750331,0.6132621351,-2.526018259,4.614380158,2,0,0.26,0.74,0,0
80,138,138,2.125353286,400.7502349,1.648103262,0,-87839.51634,2557841.635,133,133,0.1206327704,1221.764124,1.197057707,24.5453984,-87875.03365,2557905.768,144.3169271,1168.675831,0.1168675831,0.1168675831,0.05498736795,73.31124691,Retain,0.7539380407,-2.115004304,-2.868942344,1.114712719,-0.3197584533,10.10832042,-2.827129829,4.490123597,2,0,0.272,0.728,0,0
81,138,138,2.125353286,400.7502349,1.648103262,0,-87839.51634,2557841.635,140,140,1.08570048,497.6325229,1.462712049,24.5453984,-87915.66491,2557791.108,362.0186877,5085.868588,0.5085868588,0.5085868588,0.239295209,91.38726333,Retain,0.7539380407,0.08222538234,-0.6717126583,0.2165235212,-0.119332808,10.10832042,-1.153690862,4.710512983,2,0.028,0.374,0.57,0.026,0.002
82,143,143,2.125353286,375.7033452,1.545096808,0,-86789.04215,2557518.685,149,149,2.412681897,366.4338269,1.605612198,0,-86814.78119,2557503.137,754.6982801,17034.95912,1.703495912,1.703495912,0.8015118818,30.07102551,Retain,0.7539380407,0.8807389489,0.1268009082,-0.02498190558,0.03841854853,0,1.391991984,3.598991277,4,0.11,0,0,0.28,0.61
83,145,145,1.41690219,563.5550178,1.892349392,119.0337007,-87595.97312,2557410.888,151,151,1.568245632,532.5449107,1.881301276,109.7975104,-87611.8159,2557405.214,782.6195211,10337.42882,1.033742882,1.033742882,0.729579564,16.82805332,Retain,0.3484729326,0.449957563,0.1014846304,-0.05659773127,-0.005855416062,-0.08076809093,0.9901690993,3.221235234,3,0.048,0.002,0.004,0.48,0.466
84,150,150,0.9209864238,578.0051465,1.564780364,119.0337007,-87600.17038,2557139.499,154,154,0.3015869588,814.2569566,1.261429039,109.7975104,-87605.15871,2557189.793,195.6680061,1385.978809,0.1385978809,0.1385978809,0.1504885168,50.54082308,Retain,-0.08230998352,-1.198696884,-1.1163869,0.3426932151,-0.215500235,-0.08076809093,-1.725328088,4.536321108,1,0,0.62,0.372,0.008,0
85,153,153,1.41690219,488.4143488,1.640036139,95.96803758,-88403.79132,2557099.472,157,157,1.326984233,481.2243261,1.563779524,49.14599912,-88406.67216,2557105.401,622.0405944,10848.95275,1.084895275,1.084895275,0.7656811334,6.591929876,Retain,0.3484729326,0.2829088737,-0.06556405887,-0.0148305852,-0.04761261463,-0.669209825,1.181129509,2.284126321,3,0.21,0.014,0.02,0.688,0.068
86,155,155,16.50691052,257.9937135,2.956903083,0,-86453.51504,2557408.654,159,159,17.67292562,269.6102382,3.197316824,0,-86458.99254,2557411.71,4502.700785,148055.563,14.8055563,14.8055563,0.8969307905,6.272291706,Retain,2.803779113,2.872033842,0.06825472977,0.04404213582,0.0781695007,0,2.15503684,1.006776597,4,0.152,0.042,0.006,0.02,0.78
87,156,156,6.02183431,221.0019678,1.529873808,464.8414612,-85596.66418,2557104.091,162,162,6.031751115,203.5905412,1.41050416,466.8868937,-85594.8558,2557109.247,1302.539353,55950.63462,5.595063462,5.595063462,0.9291294271,5.464271261,Retain,1.795391915,1.797037369,0.001645453642,-0.08206077982,-0.081238053,0.004390617561,2.560456842,1.373082742,3,0.292,0.046,0.042,0.384,0.236
88,64,64,0.4250706572,626.1722419,1.151647165,26.61674463,-88563.49179,2559823.696,69,69,0.2412574442,1017.824346,1.410289473,24.54289997,-88562.32499,2559787.58,142.7054575,1149.563324,0.1149563324,0.1149563324,0.2704405266,36.13397126,Retain,-0.8554998716,-1.421890683,-0.566390811,0.4857971538,0.2026017483,-0.08111473517,-0.9900675823,4.587376008,1,0.032,0.722,0.072,0.168,0.006
89,96,96,52.7796066,165.4103319,3.389930351,26.61674463,-88611.91998,2559330.589,100,100,31.48440628,196.5698634,3.111428016,24.54350039,-88624.77771,2559277.561,6424.83466,304655.3579,30.46553579,30.46553579,0.5772217292,54.56425422,Retain,3.966124877,3.449492385,-0.5166324927,0.1725886605,-0.0857275859,-0.08109027216,0.3107470374,2.588699815,2,0.18,0.374,0.438,0.004,0.004
90,96,96,52.7796066,165.4103319,3.389930351,26.61674463,-88611.91998,2559330.589,74,74,0.723773439,678.7263435,1.628887515,24.54289997,-88541.57155,2559691.513,614.2879804,3941.807597,0.3941807597,0.3941807597,0.007468429288,367.7155434,Retain,3.966124877,-0.3232768651,-4.289401742,1.411788771,-0.7329121001,-0.08111473517,-4.764920791,4.496614883,2,0,0,1,0,0
91,96,96,52.7796066,165.4103319,3.389930351,26.61674463,-88611.91998,2559330.589,80,80,0.6031450884,814.471195,1.784356779,24.54316,-88548.20285,2559575.323,503.7637874,4467.944653,0.4467944653,0.4467944653,0.00846528601,252.8920059,Retain,3.966124877,-0.5055975002,-4.471722378,1.594109816,-0.6417513731,-0.08110414087,-4.652630986,4.122269002,2,0,0.002,0.998,0,0
92,96,96,52.7796066,165.4103319,3.389930351,26.61674463,-88611.91998,2559330.589,92,92,0.3618896236,678.7213219,1.151793507,24.54350039,-88677.63564,2559290.249,245.6167439,3561.109378,0.3561109378,0.3561109378,0.00674713134,77.10941565,Retain,3.966124877,-1.016416021,-4.982540898,1.411781373,-1.079489076,-0.08109027216,-4.854668944,2.934540868,2,0,0.006,0.994,0,0
93,96,96,52.7796066,165.4103319,3.389930351,26.61674463,-88611.91998,2559330.589,95,95,0.3015754654,814.2582533,1.261407011,24.57450113,-89060.66805,2559173.797,218.3819536,2015.159807,0.2015159807,0.2015159807,0.0038180652279999998,475.3511507,Retain,3.966124877,-1.198734994,-5.164859872,1.593848334,-0.9885816021,-0.07982802719,-5.332560793,4.753358404,2,0,0,1,0,0
94,118,118,6.376059857,275.5157865,1.962536528,53.23348928,-88659.01633,2558385.8,122,122,6.212547334,292.5588687,2.057042153,245.6342285,-88675.52441,2558384.622,1677.471369,51577.05078,5.157705078,5.157705078,0.8089172928,16.55007631,Retain,1.852550329,1.826571011,-0.02597931876,0.06002097875,0.04703131937,1.529141144,1.439006089,2.452540912,3,0.316,0.094,0.016,0.454,0.12
95,127,127,4.250706571,363.1799004,2.112260299,26.61674464,-89243.54962,2558148.171,125,125,3.679295741,307.0744119,1.661579195,69.46453342,-89252.36098,2558113.087,1071.050559,29538.04788,2.953804788,2.953804788,0.6948973632,36.17447696,Retain,1.447085221,1.302721359,-0.1443638621,-0.1678082025,-0.2399901336,0.9592526225,0.8212817226,3.43720379,2,0.214,0.084,0.366,0.294,0.042
96,131,131,1.346057081,435.024926,1.423773641,106.4669786,-88988.65926,2557931.105,131,131,1.266645454,620.4134946,1.969717021,69.46453342,-88987.51122,2557984.415,486.5007397,6388.742666,0.6388742666,0.6388742666,0.4746264298,53.32252917,Retain,0.2971796382,0.2363720308,-0.0608076074,0.3549828518,0.3245790481,-0.4270135617,-0.1013784355,4.400152805,3,0.12,0.3,0.068,0.388,0.124
97,140,140,0.9918315333,644.0628775,1.809432105,95.96803758,-89120.54223,2557566.976,148,148,1.326973582,518.2220254,1.683999948,49.09120249,-89131.73334,2557548.504,589.5354114,8200.359362,0.8200359362,0.8200359362,0.826789539,21.59788254,Retain,-0.008202011432,0.2829008474,0.2911028588,-0.2173925863,-0.07184115686,-0.6703254008,1.558494828,3.649107528,4,0.048,0,0.002,0.068,0.882
98,144,144,0.1416902191,1127.110036,1.196826841,53.23348928,-89069.20994,2557348.338,150,150,0.1206342756,1221.296411,1.196606917,34.73254208,-89089.8354,2557350.025,89.79905714,486.6267301,0.04866267301,0.04866267301,0.3434441229,20.69429584,Retain,-1.95411216,-2.114991826,-0.1608796657,0.08025606025,-1.83772613e-4,-0.4270006304,-0.6465978649,4.579327443,3,0.01,0.076,0,0.896,0.018
99,149,149,0.8501413143,563.5550178,1.465807536,59.51685035,-88696.57551,2557142.059,155,155,0.5428569035,633.3306316,1.316340502,77.63086284,-88712.42866,2557134.281,328.5227215,4481.117256,0.4481117256,0.4481117256,0.5271026335,17.65807779,Retain,-0.1623526912,-0.6109095233,-0.4485568321,0.116727646,-0.10755077,0.265701673,0.1082998744,3.524791262,1,0.156,0.778,0.028,0.038,0
101,159,159,0.6376059856,584.4274259,1.316442362,0,-88857.75469,2556943.172,164,164,0.9650831419,508.9102631,1.410323173,73.71865297,-88879.83935,2556957.886,367.2243138,4814.62751,0.4814627511,0.4814627511,0.7551101494,26.53706838,Retain,-0.4500347638,-0.03554102396,0.4144937398,-0.1383609082,0.06888596169,11.2080247,1.123303392,4.07596257,4,0.002,0.006,0.006,0.104,0.882
102,161,161,3.117184819,324.4710709,1.616040819,37.64176126,-88657.25532,2556884.36,167,167,2.895253004,356.2840657,1.710152061,77.63086284,-88662.0592,2556885.38,1009.010998,26106.7376,2.61067376,2.61067376,0.837510097,4.911012864,Retain,1.136930293,1.063072501,-0.07385779216,0.0935319678,0.05660307172,0.7238372749,1.63487539,1.595583606,0,0.536,0.054,0.004,0.386,0.02
103,163,163,2.762959271,308.2694115,1.445482183,266.1674464,-87942.77566,2556836.478,169,169,2.593665777,340.8475604,1.548503758,312.5932598,-87956.86183,2556834.643,846.9407035,21546.06778,2.1546067779999998,2.1546067779999998,0.7798185086,14.20515897,Retain,1.016302305,0.9530722331,-0.06323007198,0.1004612272,0.06884619121,0.1607766896,1.261359147,2.717889391,0,0.512,0.026,0.002,0.446,0.014
104,167,167,0.2833804381,751.4066904,1.128379167,346.0176803,-88483.64156,2556270.36,178,178,0.2412739374,814.3382635,1.128379313,347.4981901,-88484.71515,2556271.699,196.4785992,2412.739374,0.2412739374,0.2412739374,0.8514135238,1.71595085,Retain,-1.26096498,-1.421822321,-0.1608573416,0.0804287998,1.290065314e-7,0.004269571329,1.740197104,1.743397389,3,0.428,0.032,0,0.462,0.078
105,174,174,0.3542255476,751.4066904,1.261566261,26.61674464,-89327.39236,2555815.214,187,187,0.3015948075,814.4149443,1.261690207,24.5480021,-89336.09083,2555824.945,218.651341,2259.701714,0.2259701714,0.2259701714,0.6379273684,13.05195588,Retain,-1.037821429,-1.198670859,-0.1608494309,0.08052295871,9.824327543e-5,-0.08090687942,0.5651878822,3.660290269,3,0.08,0.052,0,0.862,0.006
106,175,175,2.337888614,523.7076933,2.258894405,26.61674464,-89526.93729,2555823.118,188,188,2.231801952,528.2388554,2.226143919,24.5480021,-89532.43482,2555836.453,1166.311234,18290.8692,1.82908692,1.82908692,0.782367008,14.42395831,Retain,0.8492482205,0.8028093093,-0.04643891116,0.00861486761,-0.01460458797,-0.08090687942,1.276206818,2.816700755,3,0.146,0.01,0.018,0.804,0.022
107,176,176,0.4959157667,644.0628775,1.279461712,191.9360752,-89006.47047,2555705.705,189,189,0.4825535834,712.4925135,1.396201647,191.83614,-89017.57553,2555717.849,295.7101931,3103.823871,0.3103823871,0.3103823871,0.6258772315,16.45577288,Retain,-0.7013491919,-0.7286633106,-0.02731411869,0.1009730475,0.08731598813,-5.208019557e-4,0.5134973635,3.723776656,3,0.022,0.052,0.004,0.902,0.02
108,183,183,0.4959157667,751.4066904,1.49270533,159.7004678,-88823.95565,2555469.957,195,195,0.8444719991,523.4166587,1.356860612,147.4296031,-88831.69178,2555467.638,372.6115072,4889.627374,0.4889627374,0.4889627374,0.9859794148,8.076125532,Retain,-0.701349192,-0.1690437,0.5323054919,-0.3615692196,-0.09541647359,-0.07994866873,4.185227578,3.012075597,4,0.048,0.002,0,0.04,0.91
109,184,184,0.3542255476,901.6880285,1.513879513,133.0837232,-88624.7103,2555410.639,196,196,0.3015974776,977.0436595,1.513641029,138.9326125,-88637.11423,2555429.268,245.0057545,1515.400806,0.1515400807,0.1515400807,0.427806751,22.38024707,Retain,-1.037821429,-1.198662006,-0.1608405776,0.08026274453,-1.575442744e-4,0.04301026879,-0.2902165645,4.199499081,3,0.006,0.042,0,0.946,0.006
110,185,185,0.3542255476,751.4066905,1.261566261,214.5910557,-88033.81857,2555399.993,197,197,0.3015973189,814.2548785,1.261447486,226.5287951,-88042.45536,2555421.142,196.7892611,1892.629322,0.1892629322,0.1892629322,0.534300627,22.84465087,Retain,-1.037821429,-1.198662532,-0.1608411038,0.08032639849,-9.415342999e-5,0.05413767161,0.1371431991,4.220036423,3,0.004,0.016,0.002,0.968,0.01
111,186,186,0.8501413142,688.7894662,1.791542544,133.0837232,-88361.64814,2555296.631,198,198,0.8444741492,756.3001118,1.960570268,138.9326125,-88387.15398,2555295.314,555.6882946,6456.143219,0.645614322,0.645614322,0.759420006,25.53979814,Retain,-0.1623526913,-0.1690411539,-0.006688462646,0.09350261057,0.09015837925,0.04301026879,1.146670264,3.893818389,3,0.106,0.034,0.004,0.812,0.044
112,192,192,1.771127738,480.9002819,1.805406667,170.4303227,-89229.44274,2555090.174,206,206,1.990555174,468.8674157,1.866088473,186.9857166,-89229.30043,2555095.344,867.7306628,15228.20554,1.522820554,1.522820554,0.8598027804,5.171988814,Retain,0.5716164839,0.6884135819,0.116797098,-0.02533990159,0.03305864743,0.0927051638,1.807707785,1.93000733,4,0.156,0.002,0.002,0.272,0.568
113,94,94,37.12283739,233.7391041,4.017418032,53.23348929,-90054.48665,2559743.693,98,98,33.65541952,243.7103492,3.988380133,0,-90059.42213,2559762.829,8176.002651,286857.7867,28.68577867,28.68577867,0.7727259197,19.7621087,Retain,3.614232343,3.516174099,-0.09805824464,0.04177487335,-0.007254248966,-10.88246176,1.220670689,1.749065774,0,0.466,0.078,0.372,0.048,0.036
114,94,94,37.12283739,233.7391041,4.017418032,53.23348929,-90054.48665,2559743.693,84,84,0.1206293708,1221.283998,1.19657043,0,-90029.87878,2559507.246,127.680152,724.1961052,0.07241961052,0.07241961052,0.001950810219,237.7238927,Retain,3.614232343,-2.115032486,-5.729264829,1.653452489,-1.211179926,-10.88246176,-5.824724233,4.236362863,2,0,0.002,0.998,0,0
115,94,94,37.12283739,233.7391041,4.017418032,53.23348929,-90054.48665,2559743.693,102,102,0.3618925691,814.3586694,1.381976394,54.89552002,-90400.84387,2558904.846,273.3476476,2350.598419,0.2350598419,0.2350598419,0.006331947083,907.5391284,Retain,3.614232343,-1.016407882,-4.630640225,1.248195341,-1.067124771,0.03074347784,-4.910167954,5.575986555,2,0,0.006,0.994,0,0
116,100,100,0.4959157667,644.0628775,1.279461712,383.8721503,-90892.45695,2558812.259,108,108,0.4222082841,698.0217478,1.279462015,24.54410502,-90887.94614,2558805.246,284.0163308,3793.615033,0.3793615033,0.3793615033,0.764971652,8.338428914,Retain,-0.701349192,-0.8622565224,-0.1609073304,0.08045390238,2.371601853e-7,-2.749799714,1.177193245,3.044034277,3,0.298,0.034,0.014,0.612,0.042
117,107,107,2.833804381,394.4885125,1.873330322,0,-89978.17177,2558661.875,116,116,1.387260782,424.7527851,1.411270806,24.54450327,-90025.28172,2558659.428,518.1836578,10510.51068,1.051051068,1.051051068,0.3708975379,47.17342822,Retain,1.041620113,0.3273311422,-0.7142889709,0.07391729688,-0.2832271886,10.10828395,-0.527264064,3.905406857,1,0.014,0.494,0.462,0.026,0.004
118,107,107,2.833804381,394.4885125,1.873330322,0,-89978.17177,2558661.875,118,118,0.2412634173,814.3560602,1.128379372,24.54450327,-89965.52383,2558501.129,177.3085722,1961.696823,0.1961696823,0.1961696823,0.06922484968,161.2420235,Retain,1.041620113,-1.421865925,-2.463486038,0.7248076701,-0.5069353488,10.10828395,-2.585389298,5.134467576,2,0,0.182,0.818,0,0
119,124,124,0.4959157667,644.0628775,1.279461712,95.96803759,-90128.17614,2558120.224,124,124,0.4222141336,698.0170019,1.279462179,104.1967085,-90131.17051,2558120.203,293.6859889,4184.331025,0.4184331025,0.4184331025,0.8437584174,2.994439761,Retain,-0.7013491919,-0.862242668,-0.1608934761,0.08044710332,3.652901065e-7,0.08226452309,1.681267325,2.020130591,3,0.362,0.026,0.002,0.516,0.094
120,151,151,4.604932119,242.7621615,1.46956121,26.61674464,-91071.40337,2557162.431,156,156,4.463490133,275.122619,1.63967832,24.5729866,-91081.36723,2557158.487,1127.190579,38321.02628,3.832102628,3.832102628,0.8321735324,10.71603961,Retain,1.527127929,1.495931001,-0.03119692794,0.1251346806,0.1095362166,-0.07988965702,1.596370574,2.18063594,0,0.458,0.052,0.008,0.436,0.046
121,157,157,5.455073433,302.5143819,1.993156475,26.61674464,-91556.49287,2557161.675,160,160,5.609520753,306.4596178,2.047534382,24.57290754,-91574.60927,2557160.276,1629.052179,45290.26846,4.529026846,4.529026846,0.8302412243,18.17035143,Retain,1.696546081,1.724465289,0.02791920771,0.01295717441,0.02691677826,-0.07989287413,1.582668142,2.623938159,3,0.192,0.018,0.012,0.406,0.372
122,158,158,2.196198395,315.1060315,1.317308727,26.61674464,-91325.1937,2557064.14,161,161,2.171430662,316.6408638,1.316239782,24.5729866,-91348.39955,2557074.811,634.9059137,15775.77237,1.577577237,1.577577237,0.7183218241,25.54187647,Retain,0.7867278634,0.7753862417,-0.0113416217,0.004859019685,-8.117911632e-4,-0.07988965702,0.933999794,3.419359482,3,0.026,0.004,0.002,0.96,0.008
123,170,170,0.2125353286,1001.875587,1.302940032,59.51685036,-91061.02966,2556079.607,182,182,0.1809564018,1085.781134,1.302939755,54.90092203,-91084.75567,2556088.25,141.2961127,482.7354115,0.04827354115,0.04827354115,0.2271318442,25.251165,Retain,-1.548647052,-1.709499151,-0.1608520984,0.080425837,-2.122010395e-7,-0.08072791599,-1.221477792,4.575600364,3,0.012,0.048,0,0.934,0.006
124,173,173,311.4351015,105.1217276,5.233248258,0,-90171.84915,2556808.883,186,186,248.5095632,76.69118196,3.410452869,24.5455365,-89969.95086,2556802.748,21034.63451,2387337.714,238.7337714,238.7337714,0.7665602568,201.991463,Retain,5.741190975,5.515481328,-0.2257096461,-0.3153322554,-0.4281870785,10.10832604,1.186018391,3.009999841,2,0.072,0.094,0.684,0.044,0.106
125,173,173,311.4351015,105.1217276,5.233248258,0,-90171.84915,2556808.883,127,127,2.050758358,383.2802998,1.548348832,49.09045465,-89592.64954,2558026.47,784.5596128,17083.05275,1.708305275,1.708305275,0.005485268896,1348.328674,Retain,5.741190975,0.7182096556,-5.022981319,1.293647586,-1.217843074,10.80144026,-5.03372664,4.908391282,2,0,0,1,0,0
126,173,173,311.4351015,105.1217276,5.233248258,0,-90171.84915,2556808.883,134,134,0.3015832764,814.25614,1.261420073,24.57357001,-90035.02897,2557894.666,220.3287777,2433.007562,0.2433007562,0.2433007562,7.812245796e-4,1094.369557,Retain,5.741190975,-1.198709094,-6.939900069,2.047155995,-1.422794039,10.10946745,-6.330672937,4.699704099,2,0,0,1,0,0
127,173,173,311.4351015,105.1217276,5.233248258,0,-90171.84915,2556808.883,135,135,0.2412667199,1017.820119,1.410310726,73.63560604,-89478.36531,2557870.504,245.5661215,2412.667199,0.2412667199,0.2412667199,7.746934072e-4,1268.053162,Retain,5.741190975,-1.421852236,-7.16304321,2.270299491,-1.311222114,11.20689755,-6.334352881,4.847008304,2,0,0,1,0,0
128,173,173,311.4351015,105.1217276,5.233248258,0,-90171.84915,2556808.883,139,139,0.1206332954,1221.293095,1.196598807,24.54550182,-89336.83815,2557791.139,147.3286107,1206.332954,0.1206332954,0.1206332954,3.873464965e-4,1289.213013,Retain,5.741190975,-2.114999951,-7.856190926,2.452546501,-1.475548962,10.10832463,-6.580974818,4.863557475,2,0,0,1,0,0
129,173,173,311.4351015,105.1217276,5.233248258,0,-90171.84915,2556808.883,141,141,1.990450076,468.8260363,1.865874523,24.5455365,-89920.75571,2557828.501,896.8312354,17612.22688,1.761222688,1.761222688,0.005655183632,1050.08082,Retain,5.741190975,0.688360782,-5.052830192,1.495112786,-1.031302311,10.10832604,-5.007693182,4.658392819,2,0,0,1,0,0
130,173,173,311.4351015,105.1217276,5.233248258,0,-90171.84915,2556808.883,144,144,0.5428511816,633.3312647,1.31633488,24.54550182,-89317.43108,2557688.922,377.7550769,4976.683631,0.4976683631,0.4976683631,0.001597984173,1226.579866,Retain,5.741190975,-0.6109200637,-6.352111038,1.795874621,-1.380180898,10.10832463,-5.95242129,4.81375525,2,0,0,1,0,0
131,173,173,311.4351015,105.1217276,5.233248258,0,-90171.84915,2556808.883,147,147,0.3619023487,814.3473617,1.381975878,49.09130364,-89377.09849,2557549.657,174.1841492,1549.360359,0.1549360359,0.1549360359,4.974906013e-4,1086.45065,Retain,5.741190975,-1.016380858,-6.757571833,2.04726802,-1.331517897,10.80145755,-6.504466887,4.692441753,2,0,0,1,0,0
132,173,173,311.4351015,105.1217276,5.233248258,0,-90171.84915,2556808.883,163,163,0.1206355476,1221.733035,1.197041026,24.57280578,-90968.48595,2556939.558,47.10589348,127.5773836,0.01275773837,0.01275773837,4.0964356e-5,807.2832563,Retain,5.741190975,-2.114981282,-7.856172256,2.452906661,-1.475179467,10.10943635,-6.868566306,4.3954453000000004,2,0,0,1,0,0
133,173,173,311.4351015,105.1217276,5.233248258,0,-90171.84915,2556808.883,172,172,3.317484771,340.4882444,1.749450501,24.5468056,-91050.79979,2556747.406,1139.592441,28683.79334,2.868379334,2.868379334,0.009210199239,881.0979961,Retain,5.741190975,1.199206897,-4.541984078,1.175261611,-1.095730428,10.10837774,-4.576124044,4.482939443,2,0,0,1,0,0
134,173,173,311.4351015,105.1217276,5.233248258,0,-90171.84915,2556808.883,173,173,0.4825446717,712.4952481,1.396194113,49.14501273,-91194.80952,2556607.512,309.0463304,3358.731817,0.3358731817,0.3358731817,0.001078469254,1042.592066,Retain,5.741190975,-0.7286817787,-6.469872753,1.913654253,-1.321282123,10.802551,-6.176045119,4.651235678,2,0,0,1,0,0
135,173,173,311.4351015,105.1217276,5.233248258,0,-90171.84915,2556808.883,177,177,21.47322668,132.6712631,1.734285472,24.54710751,-91531.6746,2556616.379,3009.121193,197911.0931,19.79110931,19.79110931,0.0635481011,1373.383799,Retain,5.741190975,3.066806888,-2.674384086,0.2327553728,-1.10443667,10.10839004,-2.675754749,4.926803084,2,0,0.026,0.972,0,0.002
136,173,173,311.4351015,105.1217276,5.233248258,0,-90171.84915,2556808.883,185,185,14.35583614,307.9698677,3.291679485,24.54710751,-91801.33892,2556156.547,4132.720459,118090.0527,11.80900527,11.80900527,0.0379180292,1755.214782,Retain,5.741190975,2.664156559,-3.077034415,1.074882957,-0.4636342509,10.10839004,-3.20868091,5.172116537,2,0,0.044,0.956,0,0
137,178,178,0.2833804381,751.4066904,1.128379167,293.9915537,-90586.36438,2555578.325,191,191,0.4825540929,610.7498845,1.196827235,271.4013775,-90580.60398,2555593.652,208.7909442,2305.645864,0.2305645864,0.2305645864,0.8136220973,16.373579199999998,Retain,-1.26096498,-0.7286622548,0.532302725,-0.207259516,0.0588918465,-0.07995193185,1.469596874,3.998577516,4,0,0,0,0.054,0.946
138,181,181,5.455073433,331.7899672,2.186042586,79.85023392,-89900.37828,2555641.41,193,193,5.308090293,342.4034688,2.225370746,73.64360861,-89902.82006,2555654.483,1777.674854,46295.42662,4.629542662,4.629542662,0.8486673404,13.29898971,Retain,1.696546081,1.669232127,-0.02731395371,0.03148763522,0.01783065837,-0.08091439018,1.718778229,2.311855164,3,0.31,0.03,0.028,0.546,0.086
139,182,182,0.4250706571,751.4066904,1.381976598,95.96803758,-90231.47446,2555485.166,194,194,0.6031936549,651.4656768,1.427299092,88.5686394,-90227.0562,2555481.146,319.4074813,3697.748995,0.3697748995,0.3697748995,0.8699139621,5.973729754,Retain,-0.8554998718,-0.5055169814,0.3499828904,-0.1427223253,0.03226911991,-0.08023648583,1.893689306,2.787653746,4,0.024,0,0.002,0.022,0.952
140,189,189,1.700282629,469.6291815,1.727470747,186.3172125,-89881.02065,2555193.491,201,201,1.809592156,461.4908952,1.751251651,196.3877756,-89852.69143,2555179.465,758.2190673,13972.85446,1.397285446,1.397285446,0.8217959901,31.61108428,Retain,0.5307944893,0.5931014917,0.06230700237,-0.01748108272,0.01367241846,0.05264021182,1.524183407,3.76050716,3,0.078,0,0.002,0.508,0.412
141,190,190,0.1416902191,1127.110036,1.196826841,37.64176126,-91171.93277,2555112.532,202,202,0.1809594823,1085.772053,1.302939948,54.90302975,-91180.15779,2555106.037,130.9356891,809.4908562,0.08094908562,0.08094908562,0.5713103287,10.48003196,Retain,-1.95411216,-1.709482127,0.2446300329,-0.03736556213,0.08494945433,0.3774460758,0.2866181234,3.898988167,3,0.016,0.02,0,0.892,0.072
142,193,193,0.2833804382,939.2583628,1.410473959,79.85023392,-91052.15741,2555045.99,207,207,0.2412794685,1017.632621,1.41008818,73.71411793,-91073.47805,2555036.795,194.8648085,397.4445719,0.03974445719,0.03974445719,0.1402512377,23.21884476,Retain,-1.26096498,-1.421799397,-0.1608344176,0.08014366127,-2.735475832e-4,-0.07995742138,-1.807262532,4.347854723,3,0.002,0.04,0,0.956,0.002
143,196,196,0.3542255476,901.6880286,1.513879513,53.23348928,-90514.49917,2554920.891,210,210,0.1206400909,1221.675366,1.197007063,49.14240922,-90471.08941,2554903.538,90.61581154,122.8331126,0.01228331126,0.01228331126,0.03467652558,46.74987301,Retain,-1.037821429,-2.114943621,-1.077122192,0.3037098529,-0.2348512433,-0.07996373859,-3.299005712,4.936108587,1,0.012,0.612,0.312,0.064,0
144,196,196,0.3542255476,901.6880286,1.513879513,53.23348928,-90514.49917,2554920.891,212,212,0.1206400921,1221.308151,1.196647267,49.14240922,-90557.0525,2554891.012,88.47563545,437.8783242,0.04378783242,0.04378783242,0.1236156814,51.99553983,Retain,-1.037821429,-2.114943611,-1.077122183,0.3034092238,-0.2351518675,-0.07996373859,-1.951710664,5.042452832,1,0.01,0.6,0.322,0.068,0
146,160,160,5.667608762,234.8145908,1.576957826,26.61674464,-91869.62418,2557012.635,165,165,5.428583989,235.2648693,1.546305961,24.57290754,-91891.56492,2557016.75,1270.199373,47324.58192,4.732458192,4.732458192,0.8350008603,22.32343365,Retain,1.734767294,1.691678324,-0.04308896923,0.001915755419,-0.0196287292,-0.07989287413,1.616647036,2.810663054,0,0.462,0.014,0.044,0.412,0.068
147,162,162,1.55859241,546.477593,1.924569974,37.64176126,-92174.9001,2556820.843,168,168,1.38730974,566.5370527,1.882392156,54.89940241,-92191.96229,2556817.482,780.0221113,11502.44728,1.150244728,1.150244728,0.7380022646,17.3899915,Retain,0.4437831123,0.3273664328,-0.1164166795,0.03604917872,-0.02215916104,0.3773800068,1.033155564,3.206425729,3,0.19,0.036,0.028,0.73,0.016
148,164,164,0.4959157667,644.0628775,1.279461712,37.64176126,-92287.93484,2556622.081,171,171,0.3015900547,977.2102882,1.513880541,0,-92292.0064,2556616.541,284.3045171,2620.939731,0.2620939731,0.2620939731,0.5285050219,6.875734108,Retain,-0.701349192,-1.198686619,-0.4973374265,0.4169055103,0.168236797,-10.53589595,0.1139155306,2.851183385,1,0.242,0.404,0.172,0.16,0.022
149,165,165,0.3542255476,751.4066904,1.261566261,59.51685036,-91973.09678,2556544.513,174,174,1.447634118,407.1352583,1.381857269,77.6970093,-91984.19981,2556605.181,253.3135624,2668.991589,0.2668991589,0.2668991589,0.7534723587,61.67637213,Retain,-1.037821429,0.3699305811,1.40775201,-0.6128015767,0.09107442811,0.2665533632,1.114496384,5.213192781,4,0.002,0,0,0.026,0.972
150,166,166,1.133521752,516.5920997,1.551521355,26.61674464,-92376.34046,2556469.986,175,175,1.146047119,599.9956172,1.81194238,0,-92390.41727,2556483.177,573.3602019,7059.992257,0.7059992257,0.7059992257,0.6228369453,19.29136379,Retain,0.1253293812,0.1363187337,0.01098935248,0.149668763,0.1551634392,-10.18933336,0.5005635644,3.469409611,3,0.144,0.022,0.088,0.666,0.08
151,168,168,1.841972848,404.6036025,1.549053529,26.61674464,-92227.38906,2556276.502,179,179,2.050828318,407.1811788,1.64492998,24.54720884,-92250.84851,2556288.886,660.38801779999994,14483.04261,1.448304261,1.448304261,0.7862788332,26.52706383,Retain,0.610837197,0.7182437693,0.1074065723,0.006350414405,0.06005370055,-0.08093919309,1.299242197,3.545149529,4,0.06,0.006,0.002,0.38,0.552
152,171,171,0.7084510952,525.9846833,1.248886881,106.4669786,-92316.45279,2556070.735,184,184,0.4825495769,712.5952209,1.396397115,101.2178928,-92317.42908,2556076.423,338.7493703,4591.549228,0.4591549228,0.4591549228,0.6481109648,5.771984523,Retain,-0.344674248,-0.7286716134,-0.3839973654,0.3036414534,0.1116427707,-0.05055884231,0.6094500205,2.497891262,0,0.458,0.33,0.054,0.152,0.006
153,172,172,3.683945695,419.0537312,2.268931527,106.4669786,-92598.99977,2556158.775,180,180,1.930191901,407.117656,1.595567751,69.46581454,-92625.13383,2556261.147,770.143451,14558.01749,1.455801749,1.455801749,0.3951745952,105.6557014,Retain,1.303984378,0.6576194285,-0.6463649491,-0.0288969238,-0.3520793984,-0.4269951192,-0.4247368228,4.580567927,2,0.042,0.248,0.662,0.042,0.006
154,172,172,3.683945695,419.0537312,2.268931527,106.4669786,-92598.99977,2556158.775,183,183,0.1809559612,1085.783375,1.302940857,69.46581454,-92559.02969,2556067.521,196.4789742,1809.559612,0.1809559612,0.1809559612,0.04912014892,99.62344258,Retain,1.303984378,-1.709501586,-3.013485963,0.9520578614,-0.5546851204,-0.4269951192,-2.944015719,4.521780296,2,0,0.09,0.91,0,0
155,177,177,2.408733724,464.1041323,2.031912022,84.16953696,-92065.1594,2555582.239,190,190,2.593732252,454.6197815,2.065408538,34.73305186,-92055.14592,2555598.802,1090.867702,16378.38599,1.637838599,1.637838599,0.6799583459,19.35458885,Retain,0.8791011837,0.9530978623,0.07399667864,-0.02064752553,0.01635081378,-0.8851244153,0.7519302599,3.095795558,4,0.104,0.008,0.012,0.356,0.52
156,179,179,0.141690219,1127.110036,1.196826841,84.16953696,-92369.68627,2555538.4,192,192,0.9651092534,712.5902542,1.974800308,34.73305186,-92358.81315,2555533.175,112.9129424,171.5642933,0.01715642933,0.01715642933,0.1210840765,12.06338933,Retain,-1.954112161,-0.03551396814,1.918598192,-0.4585055685,0.5007935277,-0.8851244153,-1.975116402,4.039679106,4,0.006,0.02,0.136,0.14,0.698
157,194,194,0.9918315333,483.0471581,1.357074079,26.61674464,-91968.53391,2554985.152,209,209,0.8444798873,581.6103699,1.507724057,49.09821559,-91989.45663,2554974.473,345.2184189,5417.44913,0.541744913,0.541744913,0.5462065832,23.49015327,Retain,-0.008202011407,-0.1690343592,-0.1608323477,0.1856864712,0.1052702973,0.6122649738,0.1849831103,3.733089842,3,0.21,0.29,0.026,0.46,0.014
158,200,200,4.038171243,355.9294849,2.017675869,112.9252838,-88858.3773,2554918.743,216,216,4.101765516,347.3137462,1.984277716,122.7856273,-88863.84431,2554906.378,1419.418759,34030.4031,3.40304031,3.40304031,0.8427181774,13.51981525,Retain,1.395791927,1.411417495,0.0156255678,-0.02450409603,-0.01669131213,0.08371286157,1.673441394,2.478699348,3,0.154,0.006,0.006,0.55,0.284
159,201,201,0.9918315334,536.7190646,1.507860088,133.0837232,-88122.41431,2554867.277,217,217,0.965122514,559.8723198,1.551583983,122.8556943,-88135.12788,2554850.424,488.0484249,6234.091747,0.6234091747,0.6234091747,0.6285434105,21.11137661,Retain,-0.008202011337,-0.03550022815,-0.02729821681,0.04223395707,0.02858484867,-0.07996735289,0.5248743188,3.626325386,3,0.01,0.018,0.002,0.956,0.014
160,203,203,1.983663067,322.0314388,1.279461712,186.3172125,-89582.53287,2554757.008,219,219,1.688967993,349.0225756,1.279555998,196.5684163,-89593.09896,2554750.022,578.4550119,15972.00547,1.597200547,1.597200547,0.8051773379,12.66656375,Retain,0.6849451692,0.5241176875,-0.1608274817,0.08048742997,7.368913176e-5,0.05355960089,1.415094276,2.768937049,0,0.46,0.066,0.01,0.442,0.022
161,204,204,4.53408701,316.9996975,1.904139844,133.0837232,-87847.33501,2554880.051,220,220,5.06689214,329.5996734,2.092920204,122.8556943,-87849.12172,2554850.577,1476.295937,38298.05913,3.829805913,3.829805913,0.8446696996,29.52863701,Retain,1.511623742,1.62272764,0.1111038971,0.03897798754,0.0945299361,-0.07996735286,1.688157778,3.201947475,4,0.048,0.004,0.002,0.072,0.874
162,208,208,0.6376059857,584.4274259,1.316442362,0,-88848.88244,2554630.473,222,222,0.5428837505,633.3249257,1.316361192,24.54950066,-88866.29004,2554610.856,284.7612367,3596.101823,0.3596101823,0.3596101823,0.5640006374,26.22670936,Retain,-0.4500347638,-0.6108600694,-0.1608253056,0.08035099228,-6.166051079e-5,10.10848753,0.2568951228,4.064198786,3,0.058,0.112,0.008,0.808,0.014
163,209,209,0.2125353286,1001.875587,1.302940032,0,-88789.73412,2554580.197,224,224,0.3016025297,814.253801,1.261456714,24.54950066,-88796.79876,2554559.774,175.8171569,1539.562182,0.1539562182,0.1539562182,0.7243794209,21.61037763,Retain,-1.548647052,-1.198645255,0.3500017972,-0.2073569973,-0.03235609874,10.10848753,0.9640480405,4.419908387,3,0.004,0.012,0.004,0.652,0.328
164,211,211,2.90464949,403.1938339,1.938455413,106.4669786,-89204.56582,2554636.676,226,226,3.438262973,357.1414659,1.868120516,98.28355507,-89204.44105,2554627.257,1155.443972,26125.38015,2.612538015,2.612538015,0.8994331412,9.420423136,Retain,1.066312726,1.234966394,0.1686536685,-0.1212854573,-0.03695862303,-0.0799773747,2.182158626,2.282194733,4,0.21,0.002,0,0.122,0.666
165,212,212,0.9209864238,462.4041172,1.251824291,53.23348929,-88976.05133,2554500.347,227,227,0.78416695,501.0684487,1.251688874,49.14190171,-88983.33996,2554490.5,375.1367611,7035.122679,0.7035122679,0.7035122679,0.7638682284,12.2505344,Retain,-0.08230998353,-0.2431333349,-0.1608233514,0.0803034946,-1.081810868e-4,-0.07997406605,1.171087583,3.119171121,3,0.288,0.052,0.012,0.638,0.01
166,213,213,0.2833804381,751.4066904,1.128379167,109.7436496,-89361.99413,2554300.721,232,232,0.3619248683,678.5444717,1.151549463,101.2271369,-89363.62138,2554293.008,204.7507564,2615.982461,0.2615982461,0.2615982461,0.9231344542,7.882430132,Retain,-1.26096498,-1.016318635,0.2446463449,-0.1019970157,0.02032615674,-0.0807795483,2.473874006,3.267610538,3,0.052,0.006,0,0.562,0.38
167,214,214,0.4959157667,751.4066904,1.49270533,75.28352251,-89067.30874,2554325.437,233,233,0.6635289935,666.2322634,1.530913598,69.46694282,-89074.41571,2554313.926,363.669129,4141.409465,0.4141409465,0.4141409465,0.8351034074,13.52743258,Retain,-0.7013491919,-0.4101827284,0.2911664635,-0.1203086835,0.02527454829,-0.08040917761,1.617387641,3.527833127,4,0.012,0.002,0,0.084,0.902
168,218,218,0.3542255476,751.4066904,1.261566261,109.7436496,-89263.51217,2554143.682,236,236,0.3016050168,814.3896927,1.261672442,101.2271369,-89272.25785,2554136.151,224.5600514,2291.850726,0.2291850726,0.2291850726,0.6470032277,11.54147482,Retain,-1.037821429,-1.198637009,-0.1608155806,0.08049195239,8.416211363e-5,-0.0807795483,0.6046078821,3.537309351,3,0.12,0.044,0,0.828,0.008
169,198,198,0.141690219,1127.110036,1.196826841,53.23348928,-91970.4351,2554846.364,214,214,0.1206404934,1221.671461,1.197005233,49.09821559,-91994.27985,2554825.41,63.95013655,127.319361,0.0127319361,0.0127319361,0.0898575511,31.74332107,Retain,-1.954112161,-2.114940285,-0.1608281243,0.08056310504,1.490429143e-4,-0.08086342219,-2.305406343,5.007134869,3,0.012,0.076,0.006,0.898,0.008
170,199,199,0.9209864238,520.2046318,1.408302327,53.23348928,-91078.77416,2554852.507,215,215,0.7841614774,563.8494352,1.408513356,49.09856911,-91097.45309,2554833.722,384.6058232,4915.729523,0.4915729523,0.4915729523,0.5337461438,26.49077813,Retain,-0.08230998351,-0.2431403138,-0.1608303303,0.08056500008,1.498349462e-4,-0.08085622208,0.1349194376,3.89035436,3,0.068,0.2,0.012,0.714,0.006
171,202,202,0.6376059857,584.4274259,1.316442362,26.61674464,-90602.63017,2554781.301,218,218,0.1206404631,1221.309378,1.19665031,49.09870941,-90630.33548,2554743.503,126.0083329,893.0728821,0.08930728822,0.08930728822,0.1400665775,46.86492699,Retain,-0.4500347637,-2.114940536,-1.664905772,0.7370462138,-0.09540667235,0.6122750315,-1.808785216,4.644673233,1,0,0.84,0.158,0.002,0
172,206,206,1.841972848,346.8030879,1.327760167,0,-90478.87368,2554729.66,221,221,1.508007342,455.9935518,1.579630452,0,-90469.0911,2554723.843,679.3454812,14073.08021,1.407308021,1.407308021,0.7640221314,11.38171431,Retain,0.610837197,0.410789138,-0.200048059,0.2737215199,0.1736974904,0,1.171938008,2.699042261,0,0.708,0.076,0.044,0.154,0.018
173,210,210,11.33521752,239.5108826,2.274758248,26.61674464,-92349.72372,2554811.596,208,208,0.1809602529,1085.770289,1.302940605,49.14251628,-92113.38011,2554939.62,192.6513187,1518.217449,0.1518217449,0.1518217449,0.01339380957,268.7905982,Retain,2.427914474,-1.709477869,-4.137392343,1.511446104,-0.5572500681,0.6131668361,-4.228485803,4.952344057,2,0,0,1,0,0
174,210,210,11.33521752,239.5108826,2.274758248,26.61674464,-92349.72372,2554811.596,213,213,2.714400501,379.9784421,1.766001179,143.1792189,-92403.34388,2554946.94,1011.757493,23637.6496,2.36376496,2.36376496,0.2085328275,145.5787101,Retain,2.427914474,0.9985711189,-1.429343355,0.4615156652,-0.2531560125,1.682526024,-1.330270661,4.339131478,2,0.002,0.06,0.938,0,0
175,210,210,11.33521752,239.5108826,2.274758248,26.61674464,-92349.72372,2554811.596,225,225,0.3016026189,814.3954225,1.261676303,122.7866071,-92501.91966,2554494.938,198.375413,1604.899179,0.1604899179,0.1604899179,0.01415852123,351.334964,Retain,2.427914474,-1.19864496,-3.626559434,1.223847171,-0.5894325464,1.528878006,-4.175946586,5.220150634,2,0,0.032,0.968,0,0
176,215,215,1.204366862,397.803542,1.23152466,26.61674464,-92425.2683,2554288.978,230,230,0.1809619862,1085.764343,1.30293971,34.73355201,-92406.45432,2554341.377,164.3063498,1414.327703,0.1414327703,0.1414327703,0.1174332961,55.67364522,Retain,0.185954003,-1.709468291,-1.895422294,1.004081211,0.05637006444,0.2661568418,-2.009616888,4.498912782,1,0.002,0.576,0.416,0.006,0
177,215,215,1.204366862,397.803542,1.23152466,26.61674464,-92425.2683,2554288.978,234,234,0.2412833472,1017.816578,1.4103544160000001,24.54990913,-92465.5895,2554259.367,229.8540221,1833.635064,0.1833635064,0.1833635064,0.1522488805,50.026107090000004,Retain,0.185954003,-1.421783322,-1.607737325,0.9394567313,0.135588069,-0.08082919962,-1.711702728,4.391952942,1,0.014,0.614,0.346,0.026,0
178,216,216,1.4877473,465.1565227,1.600511388,79.85023392,-90318.29574,2554264.598,235,235,1.568341795,438.4547534,1.548960021,73.6492128,-90322.7301,2554259.071,662.9675805,12996.24523,1.299624523,1.299624523,0.8735519286,7.086352641,Retain,0.3972630967,0.4500188796,0.05275578289,-0.05911733531,-0.03273944386,-0.08083829528,1.926002675,2.332045272,3,0.154,0.006,0.002,0.54,0.298
179,219,219,0.3542255476,751.4066904,1.261566261,59.51685036,-91493.99538,2553962.688,240,240,0.241284902,814.3197242,1.128379263,77.69216562,-91500.28818,2553955.352,182.6669863,2073.655447,0.2073655447,0.2073655447,0.5854053897,9.665295404,Retain,-1.037821429,-1.421776878,-0.383955449,0.08040603338,-0.1115716911,0.2664910215,0.3443010509,3.359920791,1,0.152,0.654,0.012,0.176,0.006
180,221,221,219.3364591,118.6814831,4.958307384,0,-91546.81964,2554029.404,241,241,74.31497395,172.516893,4.195317762,0,-91009.80515,2554462.058,12768.03452,710071.1297,71.00711297,71.00711297,0.323736023,689.6190779,Retain,5.390606894,4.308312465,-1.082294429,0.37405187,-0.1670953442,0,-0.7350485032,4.41320233,2,0,0.102,0.898,0,0
182,221,221,219.3364591,118.6814831,4.958307384,0,-91546.81964,2554029.404,249,249,41.13932444,241.1888117,4.363960428,24.54990913,-92159.82509,2553611.157,9966.485897,388977.2944,38.89772944,38.89772944,0.1773427436,742.0957813,Retain,5.390606894,3.716964463,-1.673642431,0.7091367862,-0.1276844291,10.10850416,-1.530047267,4.486541164,2,0.002,0.054,0.944,0,0
183,221,221,219.3364591,118.6814831,4.958307384,0,-91546.81964,2554029.404,244,244,8.927554221,258.6033786,2.17969391,34.73363627,-91681.74045,2553841.353,2308.206033,83923.90185,8.392390185,8.392390185,0.03826263185,231.4452528,Retain,5.390606894,2.189142474,-3.20146442,0.7788522393,-0.8218799706,10.45549263,-3.199507429,3.321409173,2,0.002,0.052,0.946,0,0
184,221,221,219.3364591,118.6814831,4.958307384,0,-91546.81964,2554029.404,223,223,3.981145646,246.7760595,1.388999618,73.64882486,-92152.29472,2554629.662,993.732695,32213.091230000002,3.221309123,3.221309123,0.01468661041,852.5899383,Retain,5.390606894,1.381569629,-4.009037265,0.732037992,-1.272480641,11.20707704,-4.141166635,4.625341372,2,0,0.004,0.996,0,0
185,221,221,219.3364591,118.6814831,4.958307384,0,-91546.81964,2554029.404,228,228,0.2412827176,814.3234168,1.128379271,73.64882486,-92140.50303,2554419.909,179.8394449,2004.247884,0.2004247884,0.2004247884,9.137778061e-4,710.6012852,Retain,5.390606894,-1.421785931,-6.812392825,1.925914313,-1.480282099,11.20707704,-6.2587623,4.443174396,2,0,0,1,0,0
186,221,221,219.3364591,118.6814831,4.958307384,0,-91546.81964,2554029.404,238,238,0.4825693817,712.656116,1.396545102,49.10041716,-92249.75718,2553977.683,343.9060212,4825.693817,0.4825693817,0.4825693817,0.002200133,704.8377417,Retain,5.390606894,-0.7286305723,-6.119237466,1.792555707,-1.267063027,10.80164318,-5.743362054,4.435030538,2,0,0,1,0,0
187,221,221,219.3364591,118.6814831,4.958307384,0,-91546.81964,2554029.404,239,239,0.3619271434,678.5439703,1.151552231,24.55015824,-92040.94535,2553990.578,243.6831492,3572.574006,0.3572574006,0.3572574006,0.001628809921,495.6487109,Retain,5.390606894,-1.016312349,-6.406919243,1.743505991,-1.459953631,10.10851431,-5.940595029,4.082930945,2,0,0,1,0,0
188,221,221,219.3364591,118.6814831,4.958307384,0,-91546.81964,2554029.404,245,245,0.542895106,542.8777747,1.128379256,69.46745775,-91683.51375,2553598.827,262.601916,4234.291771,0.4234291771,0.4234291771,0.001930500651,451.7537439,Retain,5.390606894,-0.6108391527,-6.001446046,1.52044091,-1.480282113,11.14862808,-5.831651066,3.990200927,2,0,0,1,0,0
189,221,221,219.3364591,118.6814831,4.958307384,0,-91546.81964,2554029.404,246,246,5.489263427,277.4224746,1.833554172,24.55050558,-90951.59756,2553620.137,1499.539399,48400.71373,4.840071373,4.840071373,0.02206688023,722.3496077,Retain,5.390606894,1.70279408,-3.687812814,0.8490982316,-0.9948081752,10.10852846,-3.748065493,4.459572123,2,0,0,1,0,0
190,221,221,219.3364591,118.6814831,4.958307384,0,-91546.81964,2554029.404,247,247,2.83513199,311.891849,1.481445688,191.8110404,-91624.49905,2553264.689,862.6311145,26722.69328,2.672269328,2.672269328,0.01218342513,768.6496803,Retain,5.390606894,1.042088494,-4.3485184,0.9662131981,-1.208046002,12.16427122,-4.317548481,4.521698111,2,0,0.002,0.998,0,0
