OBJECTID,FID_RasterT_Majori13,ID_2007,AREA_2007,ED_2007,SHAPE_2007,ENN_2007,POINT_X_2007,POINT_Y_2007,FID_RasterT_Majori14,ID_2015,AREA_2015,ED_2015,SHAPE_2015,ENN_2015,POINT_X_2015,POINT_Y_2015,Shape_Length,Shape_Area,OVERLAP_07_15,MAX_OVERLAP_07_15,RETENTION_07_15,CENTROID_07_15,EVENT TYPE,log_area_parent,log_area_child,log_change_area,log_change_ED,log_change_shape_index,log_change_ENN,logit_retention_ratio,log_centroid_shift,Predicted_Typology,Prob_0,Prob_1,Prob_2,Prob_3,Prob_4
1,1,1,1.027209973,493.3332539,1.410473959,160.2505829,-2112668.179,3941006.398,2,2,0.8398988816,484.2111715,1.251824291,228.762237,-2112656.299,3941003.142,405.1389651,8231.104213,0.8231104213,0.8231104213,0.8013068828,12.31814421,Retain,0.02684636274,-0.1744737734,-0.2013201362,-0.01866380084,-0.1193238689,0.3559425957,1.390709407,3.070096254,3,0.186,0.192,0.118,0.478,0.026
2,3,3,0.7704074798,591.9999046,1.465807536,160.2505829,-2112983.318,3940959.945,3,3,0.5168608502,688.4877594,1.396297981,228.762237,-2112990.399,3940975.28,354.4632813,4275.1373,0.42751373,0.42751373,0.5549189763,16.89055778,Retain,-0.2608357096,-0.6599815892,-0.3991458796,0.1509910656,-0.04858187419,0.3559425957,0.2201219545,3.529596755,1,0.158,0.764,0.016,0.062,0
3,4,4,1.15561122,438.5184479,1.329807601,473.3499502,-2115548.775,3940917.716,4,4,1.0337217,442.5992739,1.269426563,152.508158,-2115565.563,3940932.387,431.9302447,8409.603412,0.8409603412,0.8409603412,0.7277190866,22.29567706,Retain,0.1446293985,0.03316559139,-0.1114638071,0.009262905726,-0.04646899783,-1.132612433,0.9807880638,3.6044879,3,0.112,0.048,0.026,0.772,0.042
4,5,5,0.7704074797,591.9999047,1.465807536,473.3499502,-2114993.454,3940649.557,7,7,0.6460760629,629.4745228,1.427299293,477.5613575,-2115027.019,3940663.909,333.8381583,4353.565745,0.4353565745,0.4353565745,0.5650991015,36.50467011,Retain,-0.2608357097,-0.4368380378,-0.1760023281,0.06137890672,-0.0266222573,0.008857663036,0.2613542333,4.300250392,3,0.04,0.25,0.016,0.684,0.01
5,6,6,0.5778056098,613.9258271,1.316442362,253.3784192,-2111805.813,3940285.677,8,8,0.3876456376,917.9836793,1.612306031,254.1802634,-2111828.584,3940291.111,300.8030461,3135.512747,0.3135512747,0.3135512747,0.5426587582,23.41061177,Retain,-0.5485177822,-0.9476636617,-0.3991458796,0.4023054938,0.2027325541,0.00315960182,0.1707077913,3.999855963,1,0.124,0.698,0.022,0.154,0.002
6,7,7,4.879247371,363.5087134,2.265094429,25.33784193,-2111175.663,3940150.579,12,12,5.03939329,342.9829131,2.171984288,50.83605267,-2111215.618,3940162.392,1589.561863,40737.08442,4.073708442,4.073708442,0.8349050852,41.6645316,Retain,1.584990981,1.617285696,0.03229471501,-0.05812263757,-0.04197528007,0.6962869994,1.615955671,3.509543659,4,0.168,0.004,0.006,0.384,0.438
7,9,9,3.466833659,496.9875743,2.61040024,573.3299149,-2114298.306,3940067.49,9,9,0.1292152126,1180.26473,1.196826841,50.83605267,-2114493.24,3940193.676,131.1354229,987.9677859,0.09879677859,0.09879677859,0.02849769799,232.211751,Retain,1.243241687,-2.04627595,-3.289517637,0.8649290156,-0.779829803,-2.422837591,-3.495560217,5.398398081,2,0,0.046,0.954,0,0
8,8,8,1.284012466,513.066584,1.640036139,25.33784193,-2110751.055,3940016.955,15,15,1.098329307,555.4186966,1.642032879,50.83605267,-2110793.422,3940044.158,518.5285472,7276.555066,0.7276555066,0.7276555066,0.5667043941,50.34872975,Retain,0.2499899141,0.09379021324,-0.1561997008,0.07931660748,0.001216757064,0.6962869994,0.2678754283,4.366363238,3,0.09,0.306,0.046,0.538,0.02
9,9,9,3.466833659,496.9875743,2.61040024,573.3299149,-2114298.306,3940067.49,16,16,3.81184877,426.7623884,2.350439279,50.83605267,-2114312.945,3940042.46,1522.034572,24805.29133,2.480529133,2.480529133,0.7155027835,28.99685019,Retain,1.243241687,1.338114313,0.09487262593,-0.1523376334,-0.1049013205,-2.422837591,0.9201498527,3.317965795,4,0.108,0.034,0.068,0.198,0.592
10,10,10,0.5136049865,789.3332062,1.595769122,766.8622494,-2113344.383,3939948.543,17,17,0.6460760628,708.1588382,1.605711705,744.1015964,-2113364.68,3939954.746,344.9578399,2855.262088,0.2855262088,0.2855262088,0.5559256944,21.22386857,Retain,-0.6663008178,-0.4368380379,0.2294627799,-0.10852013,0.006211260006,-0.03012956886,0.2241905808,3.960688892,3,0.004,0.002,0.004,0.528,0.462
11,11,11,1.15561122,526.2221375,1.595769122,0,-2110339.033,3939746.544,18,18,1.938228188,472.1058922,1.85411617,56.83643474,-2110323.837,3939711.58,509.760166,8402.582222,0.8402582222,0.8402582222,0.7271115129,38.12350223,Retain,0.1446293984,0.6617742508,0.5171448524,-0.10852013,0.1500522962,10.94795045,0.9777331716,4.140907422,4,0,0.006,0.004,0.03,0.96
12,27,27,1.669216206,455.384542,1.659700209,113.3142739,-2109401.425,3937092.676,32,32,2.196658614,370.2791311,1.548123445,127.0901317,-2109414.868,3937101.648,697.9786692,13215.60279,1.321560279,1.321560279,0.7917250471,16.16208309,Retain,0.5123541785,0.7869373938,0.2745832152,-0.2068850798,-0.06959347217,0.1147304334,1.331827485,3.098917674,4,0.098,0.002,0.006,0.138,0.756
13,29,29,2.118620569,382.7070091,1.571404803,107.499359,-2109062.671,3937077.497,34,34,2.455089039,352.0087792,1.555901813,127.0901317,-2109080.538,3937082.643,777.6260123,18165.14559,1.816514559,1.816514559,0.8574043814,18.59341291,Retain,0.750765202,0.8981630289,0.1473978269,-0.08361359074,-0.0099146773,0.1674102139,1.788074151,3.119843496,4,0.168,0.002,0,0.248,0.582
14,30,30,0.7062068564,645.8180778,1.530986039,462.3722263,-2109132.542,3936404.125,35,35,0.9691140941,577.0183127,1.602404365,394.5938813,-2109157.996,3936387.75,371.4186974,3341.054999,0.3341054999,0.3341054999,0.4730986352,30.2662528,Retain,-0.3478470867,-0.03137292983,0.3164741569,-0.1126438471,0.0455932313,-0.1585127925,-0.107494066,4.156354849,4,0,0.008,0.004,0.186,0.802
16,34,34,2.953228672,497.6231083,2.412371259,25.33784192,-2109249.016,3935658.461,37,37,6.654583447,328.4879185,2.390423815,101.6721053,-2109264.16,3935693.451,1281.401494,22991.78941,2.299178941,2.299178941,0.7785306171,38.12666455,Retain,1.082899037,1.895305857,0.8124068204,-0.4153429204,-0.009139510167,1.389424345,1.253902478,3.671855547,4,0.034,0,0.004,0.032,0.93
17,36,36,2.311222439,328.8888359,1.410473959,506.7568384,-2108928.56,3934983.03,38,38,2.584304251,334.4083403,1.516505499,506.4505869,-2108957.194,3934989.97,714.1759214,19116.06652,1.911606652,1.911606652,0.82709765180000006,29.46325,Retain,0.837776579,0.9494563232,0.1116797442,0.01664301305,0.07248288513,-6.045177269e-4,1.56063716,3.536654317,4,0.072,0.004,0.004,0.31,0.61
18,37,37,0.642006233,552.5332444,1.248886881,76.01352576,-2108960.936,3934063.829,39,39,0.7106836691,572.2495662,1.360876479,50.83605267,-2108994.859,3934070.242,313.9022534,2256.618361,0.2256618361,0.2256618361,0.3514947745,34.52373226,Retain,-0.4431572666,-0.341527858,0.1016294087,0.03506159833,0.08587630267,-0.4022989785,-0.6111750835,4.335619521,3,0.002,0.01,0.012,0.804,0.172
20,42,42,0.1926018699,1052.444275,1.302940032,162.2413497,-2106811.442,3932222.613,45,45,0.3230380314,786.8431537,1.261566261,443.906746,-2106860.207,3932222.583,78.37494422,367.6519582,0.03676519582,0.03676519582,0.1908870139,48.76446964,Retain,-1.647130071,-1.129985219,0.5171448525,-0.2908416868,-0.03226926057,1.006525558,-1.440266997,5.282952451,3,0,0.036,0.004,0.576,0.384
21,45,45,0.4494043631,676.5713196,1.279461712,233.60336,-2106059.753,3931935.451,50,50,0.5814684566,611.9891194,1.316442362,209.6024148,-2106084.11,3931935.641,284.4454251,3186.956445,0.3186956445,0.3186956445,0.7091512025,24.35744612,Retain,-0.7998322105,-0.5421985535,0.257633657,-0.1003233628,0.02849346567,-0.1084116712,0.8892420573,4.165159701,4,0.004,0,0,0.338,0.658
23,46,46,0.1284012466,1183.999809,1.196826841,202.7027354,-2106655.192,3931758.086,52,52,0.1292152125,1180.264731,1.196826841,76.254079,-2106689.906,3931754.891,76.45051825,355.864821,0.0355864821,0.0355864821,0.2771505966,34.86041532,Retain,-2.052595179,-2.04627595,0.006319228599,-0.003159614275,0,-0.9776614581,-0.9564206828,5.150043172,3,0.01,0.044,0.012,0.912,0.022
24,47,47,0.1926018699,1052.444275,1.302940032,202.7027354,-2106389.145,3931758.086,53,53,0.3876456377,786.8431536,1.381976598,198.5211319,-2106401.835,3931771.836,186.0357961,1341.214353,0.1341214353,0.1341214353,0.6963662156,18.71135854,Retain,-1.647130071,-0.9476636616,0.6994664094,-0.2908416869,0.0588915178,-0.02084489142,0.8282003416,4.325114169,4,0,0,0,0.246,0.754
25,49,49,0.4494043633,676.5713195,1.279461712,204.2802123,-2107105.844,3931671.213,56,56,0.452253244,674.4369888,1.279461712,193.5779214,-2107141.984,3931667.743,225.2701931,2447.989754,0.2447989754,0.2447989754,0.5447187331,36.30602783,Retain,-0.7998322102,-0.7935129818,0.00631922842,-0.003159614157,0,-0.05381224471,0.1789942693,4.564292375,3,0.004,0.004,0.004,0.972,0.016
27,50,50,0.3852037398,657.7776718,1.151647165,233.60336,-2105945.733,3931631.397,60,60,0.5168608502,590.1323652,1.196826841,209.6024148,-2105978.201,3931640.51,188.6016974,1390.083894,0.1390083894,0.1390083894,0.3608697814,33.72325434,Retain,-0.9539828903,-0.6599815893,0.294001301,-0.1085201299,0.03848052058,-0.1084116712,-0.5703871949,4.56757368,4,0,0.004,0.004,0.32,0.672
28,53,53,0.9630093497,526.2221374,1.456731241,91.35688825,-2106475.294,3931462.478,62,62,1.0337217,590.1323652,1.692568751,127.0901317,-2106511.98,3931462.584,396.8120727,4442.413299,0.4442413299,0.4442413299,0.46130531340000003,36.68635544,Retain,-0.0376921583,0.03316559133,0.07085774963,0.1146234215,0.1500522962,0.3301197703,-0.1547780601,4.193643179,3,0.044,0.078,0.016,0.668,0.194
30,14,14,1.605015583,694.6132215,2.482434168,0,-2109915.159,3939354.371,19,19,1.0337217,737.6654565,2.115710938,50.83605267,-2110059.383,3939477.205,408.4087983,2799.741271,0.2799741271,0.2799741271,0.1744370149,189.4435214,Retain,0.4731334654,0.03316559136,-0.439967874,0.06013523607,-0.1598487009,10.83638075,-1.549996033,5.579894429,1,0.036,0.5,0.36,0.098,0.006
31,14,14,1.605015583,694.6132215,2.482434168,0,-2109915.159,3939354.371,21,21,0.7752912754,721.2728908,1.791542544,50.83605267,-2109858.687,3939284.981,549.1994796,5556.563618,0.5556563618,0.5556563618,0.3461999795,89.46531148,Retain,0.4731334654,-0.254516481,-0.7276499464,0.03766238015,-0.3261625931,10.83638075,-0.6344289532,4.829660357,2,0.016,0.446,0.454,0.08,0.004
32,15,15,0.2568024932,789.3332062,1.128379167,50.67568384,-2109746.409,3939144.067,22,22,0.2584304251,983.5539421,1.410473959,50.83605267,-2109752.778,3939138.828,192.3848979,1697.890328,0.1697890328,0.1697890328,0.661165827,8.247090803,Retain,-1.359447998,-1.35312877,0.006319228562,0.2199839371,0.2231435513,0.003159552086,0.6670582463,3.362070698,3,0.146,0.096,0.004,0.7,0.054
33,16,16,0.5778056098,877.0368958,1.880631945,35.83311968,-2109615.497,3938970.925,23,23,0.2584304251,983.5539421,1.410473959,104.8012074,-2109644.752,3938992.674,216.5050069,1340.874314,0.1340874314,0.1340874314,0.2320632219,36.45361406,Retain,-0.5485177821,-1.35312877,-0.8046109877,0.1146234215,-0.2876820724,1.073174331,-1.193698998,4.442691871,1,0.018,0.712,0.232,0.038,0
34,17,17,0.5136049865,789.3332062,1.595769122,35.83311968,-2109508.867,3938802.006,26,26,0.5168608502,688.4877594,1.396297981,50.83605267,-2109530.371,3938808.393,318.9789564,2836.034578,0.2836034578,0.2836034578,0.5521820568,22.4323094,Retain,-0.6663008178,-0.6599815892,0.006319228608,-0.1366910069,-0.1335313926,0.3497249689,0.2090698303,4.016062233,3,0.008,0.076,0.03,0.848,0.038
35,19,19,0.1284012466,1183.999809,1.196826841,71.66623936,-2109493.031,3938649.979,27,27,0.5168608503,786.8431536,1.595769122,50.83605267,-2109520.839,3938659.062,152.0270515,473.8688439,0.04738688439,0.04738688439,0.3690531489,29.25408454,Retain,-2.052595179,-0.6599815891,1.39261359,-0.4086247224,0.2876820725,-0.3434082585,-0.5351586532,4.974715921,4,0,0,0.028,0.098,0.874
36,20,20,0.19260187,1052.444275,1.302940032,305.1080199,-2110122.254,3938286.803,28,28,0.1938228188,1049.124205,1.302940032,406.6884214,-2110150.994,3938295.796,127.5562715,612.6615282,0.06126615282,0.06126615282,0.3180973935,30.11449299,Retain,-1.647130071,-1.640810842,0.006319228451,-0.003159614189,0,0.2873806467,-0.7608558879,4.800969735,3,0.006,0.014,0,0.976,0.004
37,23,23,0.7062068565,574.0605136,1.360876479,25.33784191,-2109634.692,3938265.304,29,29,0.3876456376,786.8431536,1.381976598,25.41802634,-2109663.815,3938274.615,267.1806907,2624.623764,0.2624623764,0.2624623764,0.3716508471,30.57497026,Retain,-0.3478470866,-0.9476636617,-0.5998165752,0.3152941169,0.01538582933,0.003159490169,-0.5240442803,4.166502901,1,0.012,0.942,0.014,0.032,0
38,22,22,4.686645502,270.3195912,1.650834902,25.33784191,-2109421.356,3938417.426,30,30,4.587140046,277.0574484,1.673924624,25.41802634,-2109449.91,3938424.438,1166.66331,34663.54049,3.466354049,3.466354049,0.7396236919,29.40245802,Retain,1.544717082,1.523256746,-0.02146033552,0.0246199498,0.01388978204,0.003159490169,1.041531496,3.181118689,3,0.14,0.018,0.012,0.782,0.048
40,25,25,0.3210031165,789.3332062,1.261566261,35.83311969,-2109308.064,3938229.371,31,31,0.7752912753,590.1323652,1.465807536,71.89303515,-2109335.499,3938217.424,218.2690641,2623.351221,0.2623351221,0.2623351221,0.8172354365,29.92279276,Retain,-1.136304447,-0.2545164811,0.8817879659,-0.2908416868,0.1500522962,0.6962927975,1.493494723,4.539171075,4,0,0,0,0.01,0.99
41,112,112,2.953228672,428.9854381,2.079630396,91.35688825,-2106286.692,3929148.288,123,123,1.615190157,440.632166,1.579730834,50.83605267,-2106281.693,3929188.687,733.4096296,12335.46693,1.233546693,1.233546693,0.4176942695,40.70711396,Retain,1.082899037,0.479452694,-0.603446343,0.02678746208,-0.2749357094,-0.5861591591,-0.3315704716,3.737342857,2,0.034,0.396,0.542,0.018,0.01
42,112,112,2.953228672,428.9854381,2.079630396,91.35688825,-2106286.692,3929148.288,126,126,0.6460760628,550.7902075,1.248886881,35.94651757,-2106415.391,3929091.082,310.8561131,3573.777138,0.3573777138,0.3573777138,0.1210125437,140.8406472,Retain,1.082899037,-0.4368380378,-1.519737075,0.2499310134,-0.5099375241,-0.9327246015,-1.975783796,4.978551614,2,0.002,0.06,0.934,0.004,0
43,113,113,0.5136049865,887.9998569,1.795240262,25.33784192,-2103491.129,3929069.107,128,128,0.2584304252,983.5539418,1.410473959,101.6721053,-2103519.007,3929079.644,254.1802634,1646.196607,0.1646196607,0.1646196607,0.3205180343,29.80258716,Retain,-0.6663008177,-1.35312877,-0.6868279518,0.1022009012,-0.2412130747,1.389424345,-0.7497476838,4.300144113,1,0.032,0.778,0.11,0.08,0
44,116,116,2.889028049,385.8962341,1.850297183,25.33784192,-2105665.046,3929120.135,127,127,1.421367338,500.7183705,1.683998727,0,-2105744.818,3929141.456,573.4248578,10599.23095,1.059923095,1.059923095,0.3668787832,82.57191429,Retain,1.06092013,0.3516193225,-0.7093008078,0.2604752984,-0.09417510553,-10.14009375,-0.5444866393,4.45558659,2,0.028,0.132,0.816,0.018,0.006
45,116,116,2.889028049,385.8962341,1.850297183,25.33784192,-2105665.046,3929120.135,130,130,1.292152126,472.1058922,1.513879513,25.41802634,-2105593.118,3929120.313,581.8636846,9149.174405,0.9149174405,0.9149174405,0.3166869359,71.92779082,Retain,1.06092013,0.2563091427,-0.8046109877,0.2016347984,-0.2006706954,0.003159489875,-0.7673490895,4.317581491,2,0.006,0.338,0.646,0.01,0
46,117,117,0.4494043631,676.5713196,1.279461712,0,-2103341.365,3929046.937,131,131,0.2584304251,786.8431536,1.128379167,0,-2103360.145,3929047.871,203.3442107,1964.959474,0.1964959474,0.1964959474,0.4372364034,18.80324631,Retain,-0.7998322105,-1.35312877,-0.5532965593,0.1509910655,-0.1256572141,0,-0.2518765101,3.90636376,1,0.052,0.84,0.04,0.068,0
48,120,120,0.2568024932,789.3332062,1.128379167,0,-2103285.259,3928983.592,136,136,0.3230380314,786.8431536,1.261566261,0,-2103306.767,3928989.41,154.7647411,1336.159483,0.1336159483,0.1336159483,0.5203062735,22.28029863,Retain,-1.359447998,-1.129985218,0.2294627799,-0.003159614285,0.1115717757,0,0.08110740217,4.355836642,3,0.002,0.006,0.002,0.914,0.076
49,121,121,0.9630093496,578.8443512,1.602404365,104.4705986,-2102953.334,3928999.639,132,132,0.5814684565,699.4161365,1.504505556,50.83605267,-2103079.134,3929049.283,78.80674876,325.9512658,0.03259512658,0.03259512658,0.03384715485,135.2416148,Retain,-0.03769215839,-0.5421985535,-0.5045063951,0.1892122783,-0.06304091924,-0.7202897784,-3.32338505,5.498281334,1,0.038,0.532,0.278,0.146,0.006
50,121,121,0.9630093496,578.8443512,1.602404365,104.4705986,-2102953.334,3928999.639,138,138,1.356759732,636.9682672,2.09297643,50.83605267,-2102843.917,3928986.747,349.9073025,3898.119923,0.3898119923,0.3898119923,0.4047852624,110.1739905,Retain,-0.03769215839,0.3050993069,0.3427914653,0.09568622027,0.2670819529,-0.7202897784,-0.3847767909,5.293280946,4,0.006,0.024,0.06,0.148,0.762
52,137,137,0.9630093496,684.0887787,1.893750613,25.33784192,-2103813.131,3928796.937,148,148,3.036557495,385.0509049,1.892796703,25.41802634,-2103965.04,3928824.787,456.2529428,5467.531144,0.5467531144,0.5467531144,0.5677547312,154.4404361,Retain,-0.03769215842,1.110724471,1.148416629,-0.5747121565,-5.038418445e-4,0.003159489581,0.2721452804,5.631025992,4,0.002,0.002,0.04,0.044,0.912
54,142,142,0.6420062331,631.4665649,1.427299293,50.67568384,-2103601.982,3928720.079,152,152,0.5168608502,590.1323652,1.196826841,50.83605267,-2103614.325,3928717.437,305.016316,3866.980101,0.3866980101,0.3866980101,0.6023275011,12.62202122,Retain,-0.4431572664,-0.6599815892,-0.2168243228,-0.06769813535,-0.1761102968,0.003159551976,0.4143198939,3.329465804,3,0.086,0.28,0.11,0.508,0.016
55,140,140,0.5136049865,789.3332061,1.595769122,409.3453638,-2102471.281,3928765.053,155,155,0.3230380314,944.2117842,1.513879513,80.37885685,-2102467.972,3928719.979,220.4362893,1831.724136,0.1831724136,0.1831724136,0.3566406448,45.19592175,Retain,-0.6663008177,-1.129985218,-0.4636844006,0.1791619424,-0.05268025785,-1.627798045,-0.5887278786,4.716544333,1,0.05,0.618,0.108,0.214,0.01
56,157,157,0.9630093497,789.3332062,2.185096861,50.67568384,-2103373.942,3928599.302,158,158,0.1938228189,1049.124205,1.302940032,35.94651757,-2103491.471,3928662.364,129.0013261,344.1410473,0.03441410473,0.03441410473,0.03573600271,133.379377,Retain,-0.03769215833,-1.640810842,-1.603118684,0.284522458,-0.5170368838,-0.3434058904,-3.268644362,5.484416046,2,0,0.382,0.61,0.008,0
57,157,157,0.9630093497,789.3332062,2.185096861,50.67568384,-2103373.942,3928599.302,169,169,0.5814684565,699.4161365,1.504505556,35.94651757,-2103361.557,3928583.286,406.6884214,3858.83782,0.385883782,0.385883782,0.4007061636,20.24557248,Retain,-0.03769215833,-0.5421985535,-0.5045063952,-0.1209426499,-0.3731958475,-0.3434058904,-0.4016983776,3.599196541,1,0.012,0.592,0.33,0.06,0.006
58,170,170,0.2568024932,986.6665078,1.410473959,453.2570955,-2102803.84,3928312.139,183,183,0.6460760628,550.7902075,1.248886881,449.6907912,-2102839.075,3928310.748,208.6478016,2001.336273,0.2001336273,0.2001336273,0.7793289887,35.26213328,Retain,-1.359447998,-0.4368380378,0.9226099605,-0.5829781096,-0.1216731293,-0.007899270845,1.258521259,4.814926977,4,0.008,0,0.004,0.086,0.902
59,188,188,0.6420062331,631.466565,1.427299293,76.01352576,-2103880.699,3927965.011,198,198,0.3230380314,944.2117842,1.513879513,50.83605267,-2103789.709,3928008.274,30.83449627,4.757621663,4.757621663e-4,4.757621663e-4,7.410553695e-4,100.7509841,Retain,-0.4431572665,-1.129985218,-0.6868279518,0.4023054937,0.05889151776,-0.4022989784,-6.353522727,5.40660547,1,0.006,0.646,0.264,0.08,0.004
60,188,188,0.6420062331,631.466565,1.427299293,76.01352576,-2103880.699,3927965.011,200,200,0.3876456376,786.8431537,1.381976598,50.83605267,-2103927.814,3927959.132,252.7483633,2288.559611,0.2288559611,0.2288559611,0.3564699988,47.48051377,Retain,-0.4431572665,-0.9476636617,-0.5045063952,0.2199839371,-0.03226926058,-0.4022989784,-0.5894699319,4.654284028,1,0.012,0.738,0.084,0.166,0
61,187,187,1.476614336,549.1013609,1.882266567,71.66623937,-2104268.478,3927967.324,201,201,1.485974944,513.1585784,1.764624906,56.83643474,-2104284.587,3927966.5,682.9171534,10423.30394,1.042330394,1.042330394,0.7058920995,16.13045086,Retain,0.3897518564,0.396071085,0.006319228605,-0.06769813544,-0.06453852115,-0.2318385596,0.873536983,3.158259851,3,0.05,0.018,0.016,0.862,0.054
62,200,200,10.72150409,203.2414842,1.877306931,35.83311968,-2103090.067,3927619.673,214,214,10.2726094,207.8453613,1.879212064,80.37885685,-2103105.565,3927629.817,2152.698817,91768.67959,9.176867959,9.176867959,0.8559310224,18.52258909,Retain,2.372251453,2.329481071,-0.04277038158,0.02239949847,0.001014307678,0.8078631049,1.776148091,2.305284222,0,0.568,0.054,0.042,0.204,0.132
63,52,52,0.5778056099,526.2221374,1.128379167,25.33784192,-2107275.97,3931428.694,61,61,0.5168608502,590.1323652,1.196826841,76.25407901,-2107290.407,3931427.634,273.5403444,4128.872676,0.4128872676,0.4128872676,0.7145781567,14.47631294,Retain,-0.548517782,-0.6599815893,-0.1114638073,0.1146234215,0.05889151783,1.101745551,0.9156251262,3.519206633,3,0.242,0.048,0,0.698,0.012
64,54,54,0.4494043631,676.5713196,1.279461712,91.35688825,-2106371.047,3931291.146,64,64,0.2584304251,786.8431536,1.128379167,136.8802609,-2106359.472,3931310.076,161.7042812,1525.899426,0.1525899426,0.1525899426,0.3395381868,22.18826759,Retain,-0.7998322105,-1.35312877,-0.5532965594,0.1509910655,-0.1256572141,0.4043292101,-0.6639249858,4.071889778,1,0.042,0.87,0.024,0.064,0
66,57,57,0.5136049865,591.9999047,1.196826841,76.01352575,-2105388.3,3930833.255,71,71,0.8398988816,544.7375679,1.408302327,0,-2105410.206,3930816.379,291.9713409,3747.376401,0.3747376401,0.3747376401,0.7296222777,27.65226085,Retain,-0.6663008178,-0.1744737734,0.4918270444,-0.08320232197,0.1627112002,-11.23867973,0.9903849467,4.225259006,4,0.002,0,0,0.036,0.962
68,59,59,0.4494043631,902.095093,1.705948949,25.33784192,-2105657.967,3930719.234,76,76,1.615190157,472.1058921,1.692568751,25.41802634,-2105629.974,3930746.304,392.6812332,3491.853873,0.3491853873,0.3491853873,0.7769959885,38.94041911,Retain,-0.7998322106,0.479452694,1.279284905,-0.6475166309,-0.00787417859,0.003159489654,1.245057408,4.634339491,4,0.004,0.002,0,0.028,0.966
69,61,61,3.081629919,345.3332777,1.710108792,35.83311969,-2106381.755,3930660.113,77,77,3.424203133,415.6907226,2.169927182,56.83643474,-2106419.66,3930670.069,1011.495401,20576.39591,2.057639591,2.057639591,0.667711453,39.19061687,Retain,1.125458651,1.230868783,0.1054101313,0.1854315555,0.2381366211,0.4612946676,0.6963440338,3.678098486,4,0.192,0.02,0.006,0.332,0.45
70,64,64,5.778056098,368.3554962,2.497773763,91.35688825,-2105596.352,3930555.664,80,80,5.297823715,364.6346322,2.367564035,76.25407901,-2105615.22,3930560.244,2005.173512,43699.40375,4.369940375,4.369940375,0.7562994027,19.4151835,Retain,1.754067311,1.667296116,-0.08677119446,-0.0101526498,-0.05353824703,-0.1807006078,1.129723276,2.6614382069999998,0,0.568,0.02,0.108,0.244,0.06
71,70,70,1.733416829,496.9875743,1.845831712,197.8948716,-2105989.37,3929825.841,83,83,1.873620582,406.9878381,1.571510633,239.7931809,-2106012.823,3929844.157,714.6578955,12308.88073,1.230888073,1.230888073,0.7100935287,29.75698002,Retain,0.5500945065,0.6278726991,0.07777819262,-0.1997817213,-0.160892625,0.1920399842,0.8938021555,3.690415022,3,0.06,0.01,0.022,0.514,0.394
72,72,72,20.03059447,199.8632157,2.523334688,35.83311969,-2105601.154,3930159.853,85,85,22.80648502,169.4053249,2.2821874,56.83643474,-2105628.578,3930163.06,3938.287185,176737.4299,17.67374299,17.67374299,0.8823374171,27.61000897,Retain,2.997260828,3.127044926,0.1297840977,-0.1653389956,-0.1004469467,0.4612946676,2.007423225,2.391949098,4,0.202,0.006,0.064,0.034,0.694
73,76,76,0.7062068564,574.0605136,1.360876479,56.65713693,-2106465.159,3929592.852,90,90,0.8398988816,544.7375679,1.408302327,50.83605267,-2106487.54,3929594.359,337.5817411,4905.591986,0.4905591986,0.4905591986,0.6946395296,22.43158721,Retain,-0.3478470866,-0.1744737734,0.1733733132,-0.05243066327,0.03425599333,-0.1084101403,0.8200691925,3.856803174,3,0.006,0,0,0.576,0.418
74,81,81,1.15561122,570.0739822,1.728749882,35.83311968,-2106308.909,3929567.77,95,95,0.9691140942,629.4745229,1.748077489,0,-2106353.541,3929540.134,372.8734363,2604.130871,0.2604130871,0.2604130871,0.2253466241,52.49593162,Retain,0.1446293985,-0.03137292977,-0.1760023283,0.09911923489,0.01111807074,-10.48665578,-1.231638181,4.460804966,3,0.066,0.244,0.224,0.424,0.042
75,82,82,0.5136049865,887.999857,1.795240262,101.3513677,-2105552.996,3929493.516,96,96,0.6460760627,708.1588383,1.605711705,152.508158,-2105543.553,3929505.396,355.0505245,2666.326915,0.2666326915,0.2666326915,0.5191396083,15.17546273,Retain,-0.6663008178,-0.4368380379,0.2294627798,-0.2263031656,-0.1115717757,0.4086214128,0.07644282472,3.625261075,3,0.016,0.034,0.018,0.526,0.406
76,86,86,0.9630093497,473.5999237,1.311058117,152.0270515,-2106074.956,3929421.937,97,97,1.356759732,524.5621024,1.723627649,50.83605267,-2106139.787,3929434.588,412.2074808,6144.302041,0.6144302041,0.6144302041,0.6380314006,66.05447548,Retain,-0.03769215833,0.3050993069,0.3427914652,0.1022009014,0.273596634,-1.095439581,0.5656372659,4.781705949,4,0.01,0.016,0.01,0.092,0.872
77,90,90,0.6420062331,631.466565,1.427299293,35.83311968,-2106422.084,3929381.396,101,101,0.6460760628,708.1588383,1.605711705,0,-2106445.893,3929398.64,329.9951039,3506.939831,0.3506939831,0.3506939831,0.5462470067,29.39734867,Retain,-0.4431572665,-0.4368380379,0.006319228562,0.1146234214,0.1177830357,-10.48665578,0.1851458671,4.174882081,3,0.044,0.058,0.076,0.752,0.07
78,92,92,0.9630093497,420.97771,1.165384993,50.67568384,-2106870.564,3929350.991,104,104,1.227544519,414.1279756,1.294339674,50.83605267,-2106916.662,3929361.583,335.0158398,5946.659637,0.5946659637,0.5946659637,0.6175079857,47.29889909,Retain,-0.03769215834,0.2050158483,0.2427080066,-0.01640484102,0.1049491623,0.003159551976,0.4779913059,4.447719184,4,0.004,0.004,0,0.38,0.612
79,97,97,12.19811843,232.6455766,2.292114403,192.967255,-2104703.112,3929485.148,109,109,12.21083759,228.9755209,2.257131445,179.7325879,-2104723.102,3929483.542,2737.139822,103373.2867,10.33732867,10.33732867,0.8474527226,20.05499973,Retain,2.501281713,2.502323884,0.001042171478,-0.01590106269,-0.01537997695,-0.07105000667,1.709405849,2.320252434,0,0.388,0.028,0.054,0.344,0.186
80,95,95,0.5136049864,690.6665555,1.396297981,35.83311968,-2107374.154,3929306.65,111,111,1.098329307,509.1338053,1.505196806,35.94651758,-2107403.854,3929275.886,259.4278871,3212.710278,0.3212710278,0.3212710278,0.6255216291,42.76093378,Retain,-0.6663008179,0.09379021318,0.7600910311,-0.304946293,0.07509922256,0.003159526522,0.5119824286,4.661163661,4,0.004,0,0,0.082,0.914
83,115,115,4.237241138,394.6666031,2.291748922,0,-2106606.82,3929221.23,100,100,0.4522532439,674.4369888,1.279461712,25.41802634,-2106695.353,3929376.49,235.2681604,2749.671983,0.2749671983,0.2749671983,0.06489297855,178.7276416,Retain,1.443912383,-0.7935129819,-2.237425364,0.5358368865,-0.5828757957,10.14325324,-2.65369792,5.036277439,2,0,0.04,0.96,0,0
84,115,115,4.237241138,394.6666031,2.291748922,0,-2106606.82,3929221.23,129,129,4.328709621,305.3421193,1.792094926,25.41802634,-2106620.291,3929183.877,1219.103051,28430.82287,2.843082287,2.843082287,0.6709748616,39.70857093,Retain,1.443912383,1.465269489,0.02135710595,-0.2566085151,-0.2459299621,10.14325324,0.7110521032,3.532000992,3,0.098,0.036,0.164,0.486,0.216
87,110,110,0.5136049865,690.6665554,1.396297981,50.67568384,-2107789.061,3929119.783,122,122,0.6460760628,629.4745229,1.427299293,35.94651757,-2107818.467,3929131.751,301.7150896,2653.60469,0.265360469,0.265360469,0.5166625635,31.74770456,Retain,-0.6663008177,-0.4368380379,0.2294627798,-0.09277177293,0.02195961699,-0.3434058904,0.06654176156,4.363367275,3,0,0,0.006,0.516,0.478
91,148,148,0.5136049865,789.3332062,1.595769122,0,-2107861.907,3928606.692,163,163,0.452253244,786.8431536,1.49270533,25.41802633,-2107875.476,3928613.949,329.2425618,2923.395484,0.2923395484,0.2923395484,0.5691914139,15.38735295,Retain,-0.6663008178,-0.7935129818,-0.127212164,-0.003159614321,-0.06676569631,10.14325324,0.2779897161,3.639126273,3,0.034,0.098,0.016,0.84,0.012
92,154,154,0.3852037398,920.8887406,1.612306031,25.33784192,-2108209.247,3928548.626,167,167,0.5814684565,699.4161366,1.504505556,25.41802634,-2108202.279,3928560.692,330.730429,2635.853529,0.2635853529,0.2635853529,0.6842751656,13.93390916,Retain,-0.9539828903,-0.5421985536,0.4117843367,-0.2750933297,-0.06920116139,0.003159489654,0.7717870925,3.68375353,4,0,0.002,0.002,0.142,0.854
93,155,155,1.15561122,526.2221375,1.595769122,25.33784191,-2108022.028,3928604.932,168,168,0.9045064879,674.4369888,1.809432105,25.41802633,-2108049.771,3928619.396,506.5026198,6566.098836,0.6566098836,0.6566098836,0.5681927213,31.2863406,Retain,0.1446293984,-0.1003658013,-0.2449951997,0.248154814,0.1256572142,0.003159489875,0.2739265333,3.943263806,1,0.246,0.426,0.04,0.282,0.006
94,158,158,0.1926018699,1052.444275,1.302940032,25.33784192,-2107917.862,3928523.288,172,172,0.1938228188,1049.124205,1.302940032,25.41802633,-2107931.153,3928535.274,152.4143082,809.4504489,0.08094504489,0.08094504489,0.4202713345,17.89795416,Retain,-1.647130071,-1.640810842,0.006319228623,-0.003159614305,0,0.003159489728,-0.3210065089,4.280672263,3,0.014,0.026,0.002,0.948,0.01
96,169,169,0.8988087263,563.809433,1.507860088,0,-2108276.814,3928342.907,182,182,2.132051007,453.0309066,1.866043204,35.94651758,-2108237.71,3928355.037,529.4732455,7730.78982,0.773078982,0.773078982,0.8601151272,40.94275927,Retain,-0.1066850299,0.7570844306,0.8637694604,-0.21875596,0.2131287703,10.48981531,1.810285157,4.337906858,4,0.004,0.002,0.004,0.014,0.976
98,177,177,0.1926018699,1052.444275,1.302940032,50.67568384,-2108179.686,3928202.342,189,189,0.3230380314,786.8431536,1.261566261,25.41802634,-2108192.111,3928201.451,174.6496089,1417.175394,0.1417175394,0.1417175394,0.7358056257,12.45748826,Retain,-1.647130071,-1.129985218,0.5171448523,-0.2908416867,-0.03226926056,-0.6899679579,1.021861075,3.918332157,3,0.002,0.002,0,0.5,0.496
99,184,184,2.375423063,469.3332577,2.040548316,80.12529146,-2110050.121,3928038.902,195,195,2.196658613,370.2791311,1.548123445,25.41802634,-2109998.735,3928105.161,588.4388067,11868.79801,1.186879801,1.186879801,0.4996498602,83.85030259,Retain,0.8651755532,0.7869373937,-0.07823815952,-0.2370559573,-0.2761750371,-1.148106071,-0.001397764054,4.568822189,3,0.026,0.084,0.266,0.524,0.1
100,184,184,2.375423063,469.3332577,2.040548316,80.12529146,-2110050.121,3928038.902,199,199,1.162936913,524.5621024,1.595769122,35.94651757,-2110296.442,3928001.496,344.2119629,2937.883354,0.2937883354,0.2937883354,0.1236783207,249.1447996,Retain,0.8651755532,0.1509486271,-0.7142269262,0.1112507369,-0.2458627262,-0.8015440038,-1.951136734,5.657815432,2,0.016,0.174,0.756,0.05,0.004
101,198,198,1.027209973,542.6665792,1.551521355,197.8948716,-2109811.337,3927673.942,217,217,1.74440537,553.7044414,2.062988384,136.8802609,-2109809.263,3927630.581,519.2761593,7659.514423,0.7659514423,0.7659514423,0.7456619994,43.41116302,Retain,0.02684636286,0.5564137352,0.5295673723,0.02013594833,0.2849196345,-0.3686271503,1.073024446,4.329681417,4,0.002,0,0,0.034,0.964
103,274,274,814.1281042,140.3632505,11.2978254,0,-2106771.245,3927845.686,301,301,811.9237881,142.9428598,11.48987139,0,-2106733.614,3927768.666,113120.5063,6664077.764,666.4077764,666.4077764,0.8185539512,85.72157077,Retain,6.70211773,6.699406479,-0.00271125103,0.01821125992,0.0168556344,0,1.502305724,1.672422239,1,0.262,0.328,0.206,0.098,0.106
104,60,60,18.42557889,308.0324707,3.729942509,0,-2108051.378,3931084.382,63,63,1.615190157,440.632166,1.579730834,50.83605267,-2107505.825,3931369.554,753.1842981,10059.63417,1.005963417,1.005963417,0.05459602777,615.5903868,Retain,2.913739856,0.4794526941,-2.434287162,0.3580052349,-0.8591383463,10.83638075,-2.834557754,5.538078425,2,0,0.004,0.996,0,0
106,60,60,18.42557889,308.0324707,3.729942509,0,-2108051.378,3931084.382,75,75,22.80648502,191.6954992,2.582475215,50.83605267,-2108122.064,3931128.729,4572.098085,136856.1835,13.68561835,13.68561835,0.7427510653,83.44590702,Retain,2.913739856,3.127044926,0.2133050698,-0.4742970305,-0.3676444956,10.83638075,1.057782406,3.5397056,4,0.06,0.038,0.182,0.098,0.622
107,274,274,814.1281042,140.3632505,11.2978254,0,-2106771.245,3927845.686,108,108,2.002835795,304.5844465,1.215977287,25.41802633,-2107106.844,3929308.201,660.5479471,11023.43078,1.102343078,1.102343078,0.001354016735,1500.525424,Retain,6.70211773,0.6945640737,-6.007553656,0.7747146683,-2.22906216,10.14325324,-6.051278081,4.534877353,2,0,0.004,0.996,0,0
108,274,274,814.1281042,140.3632505,11.2978254,0,-2106771.245,3927845.686,114,114,45.35453961,247.7098817,4.705965958,0,-2108747.535,3929714.895,8678.787074,292733.0352,29.27330352,29.27330352,0.03595663062,2720.23285,Retain,6.70211773,3.814510273,-2.887607457,0.5680245205,-0.8757792078,0,-3.262427963,5.129779208,2,0,0.002,0.998,0,0
109,274,274,814.1281042,140.3632505,11.2978254,0,-2106771.245,3927845.686,153,153,0.3876456377,786.8431536,1.381976598,25.41802633,-2105842.639,3928708.964,265.5219028,2881.125902,0.2881125902,0.2881125902,3.538909771e-4,1267.895321,Retain,6.70211773,-0.9476636617,-7.649781391,1.723795223,-2.101095473,10.14325324,-6.605418527,4.366420444,2,0,0,1,0,0
110,274,274,814.1281042,140.3632505,11.2978254,0,-2106771.245,3927845.686,175,175,0.452253244,674.4369888,1.279461712,25.41802634,-2107813.746,3928475.966,281.177327,2763.233256,0.2763233256,0.2763233256,3.394101299e-4,1218.220473,Retain,6.70211773,-0.7935129818,-7.495630712,1.569644543,-2.178170813,10.14325324,-6.616186335,4.326453343,2,0,0,1,0,0
111,274,274,814.1281042,140.3632505,11.2978254,0,-2106771.245,3927845.686,218,218,3.230380314,361.9478506,1.83513449,0,-2105955.325,3927529.907,1173.316371,19554.99598,1.955499598,1.955499598,0.002401955648,874.8950977,Retain,6.70211773,1.172599875,-5.529517855,0.9472664335,-1.817492494,0,-5.682001883,3.995411212,2,0,0.012,0.988,0,0
112,274,274,814.1281042,140.3632505,11.2978254,0,-2106771.245,3927845.686,248,248,23.12952305,173.6329864,2.355649337,0,-2105928.288,3927186.249,4130.981578,185663.5907,18.56635907,18.56635907,0.02280520593,1070.248775,Retain,6.70211773,3.141109856,-3.561007874,0.2127100891,-1.567793848,0,-3.715804533,4.196953413,2,0,0.038,0.962,0,0
113,274,274,814.1281042,140.3632505,11.2978254,0,-2106771.245,3927845.686,256,256,3.682633558,427.9322414,2.316590813,0,-2107954.787,3926845.644,1157.13503,31504.02196,3.150402196,3.150402196,0.003869663976,1549.469687,Retain,6.70211773,1.303628137,-5.398489593,1.11473116,-1.584513637,0,-5.321856554,4.566974737,2,0,0,1,0,0
114,274,274,814.1281042,140.3632505,11.2978254,0,-2106771.245,3927845.686,271,271,0.5168608502,590.1323652,1.196826841,25.41802634,-2108307.128,3926541.018,174.0081336,1342.96176,0.134296176,0.134296176,1.649570569e-4,2015.215949,Retain,6.70211773,-0.6599815892,-7.362099319,1.436113151,-2.244936509,10.14325324,-6.755905748,4.829788213,2,0,0,1,0,0
116,62,62,0.4494043632,676.5713196,1.279461712,126.6892096,-2108394.454,3930523.771,78,78,0.5814684566,699.4161365,1.504505556,76.25407901,-2108399.974,3930532.001,274.7180259,3140.508169,0.3140508169,0.3140508169,0.6988156827,9.91030863,Retain,-0.7998322104,-0.5421985534,0.257633657,0.03320802979,0.1620248583,-0.5076607888,0.8397798366,3.265957439,4,0.022,0,0,0.244,0.734
117,63,63,0.1284012466,1183.999809,1.196826841,126.6892096,-2108580.868,3930465.856,79,79,0.3876456376,786.8431536,1.381976598,76.25407901,-2108570.84,3930471.281,152.0270515,1104.013794,0.1104013794,0.1104013794,0.8598154793,11.40155831,Retain,-2.052595179,-0.9476636617,1.104931517,-0.4086247224,0.1438410362,-0.5076607888,1.807812479,4.032500276,4,0.004,0,0,0.096,0.9
118,71,71,1.284012466,394.6666031,1.261566261,25.33784192,-2107928.419,3929799.471,84,84,1.421367338,393.4215768,1.323141857,35.94651757,-2107935.389,3929793.081,456.8829987,10375.03081,1.037503081,1.037503081,0.8080163611,9.455590938,Retain,0.2499899141,0.3516193225,0.1016294084,-0.003159614326,0.04765508989,0.3497215571,1.433213728,2.694081938,4,0.184,0.006,0,0.376,0.434
119,75,75,0.2568024932,789.3332062,1.128379167,50.67568384,-2112533.572,3929591.7,87,87,0.1292152125,1180.26473,1.196826841,50.83605267,-2112561.47,3929594.359,96.55085454,580.9900189,0.05809900189,0.05809900189,0.2262400227,28.0248395,Retain,-1.359447998,-2.04627595,-0.6868279521,0.4023054939,0.05889151783,0.003159552086,-1.226546447,4.585215866,1,0.074,0.762,0.02,0.144,0
120,74,74,0.2568024932,789.3332062,1.128379167,76.01352575,-2112660.261,3929591.7,88,88,0.2584304251,983.553942,1.410473959,50.83605267,-2112682.206,3929588.004,146.585063,1216.875434,0.1216875434,0.1216875434,0.4738565495,22.253966,Retain,-1.359447998,-1.35312877,0.006319228635,0.219983937,0.2231435513,-0.4022989784,-0.1044599561,4.354654117,3,0.018,0.124,0.012,0.808,0.038
122,77,77,0.3852037398,920.8887406,1.612306031,50.67568384,-2112449.112,3929486.126,92,92,0.3230380314,944.2117844,1.513879513,50.83605267,-2112497.925,3929492.687,172.8401364,928.9161969,0.09289161969,0.09289161969,0.2411493194,49.25178995,Retain,-0.9539828903,-1.129985219,-0.1760023283,0.02501126278,-0.0629899014,0.003159552123,-1.143567383,4.946322403,3,0.01,0.066,0.014,0.906,0.004
123,79,79,0.4494043632,789.3332062,1.49270533,76.01352576,-2112253.046,3929459.582,94,94,0.5168608502,786.8431536,1.595769122,104.8012074,-2112272.34,3929470.446,301.1780159,2426.443132,0.2426443132,0.2426443132,0.5399242487,22.14297325,Retain,-0.7998322104,-0.6599815892,0.1398506211,-0.003159614251,0.06676569634,0.321150384,0.1597168991,4.069846419,3,0.006,0.002,0.008,0.796,0.188
125,91,91,0.7704074797,657.7776718,1.62867504,76.01352576,-2112356.207,3929338.322,102,102,0.9045064879,618.2339064,1.658646096,25.41802634,-2112463.429,3929325.654,278.6712796,2861.374844,0.2861374844,0.2861374844,0.3714105742,107.9681537,Retain,-0.2608357097,-0.1003658012,0.1604699084,-0.06200011433,0.01823483988,-1.095426488,-0.525070962,5.38462837,3,0.012,0.004,0.09,0.546,0.348
126,96,96,0.3210031165,789.3332063,1.261566261,154.1240754,-2111826.646,3929280.045,105,105,0.4522532439,674.4369888,1.279461712,136.8802609,-2111862.474,3929289.342,151.8772345,1276.115296,0.1276115296,0.1276115296,0.3975398463,37.01524283,Retain,-1.136304447,-0.7935129819,0.3427914653,-0.1573102943,0.01408543845,-0.1186506097,-0.4148725292,4.751873978,4,0,0.004,0.004,0.378,0.614
127,98,98,0.4494043631,902.0950929,1.705948949,104.4705986,-2112611.395,3929238.78,112,112,0.7752912753,590.1323652,1.465807536,25.41802634,-2112635.606,3929230.034,378.25859,3673.370054,0.3673370054,0.3673370054,0.8173863797,25.7425217,Retain,-0.7998322105,-0.2545164812,0.5453157293,-0.4243730794,-0.1517152147,-1.413417288,1.494500912,4.220464059,4,0.022,0.01,0.006,0.06,0.902
130,163,163,161.5287682,142.1176242,5.09527874,0,-2109521.974,3931161.025,40,40,11.62936913,244.7956478,2.354923687,0,-2109054.206,3933562.819,1826.890519,58307.32927,5.830732927,5.830732927,0.03609717941,2446.920284,Retain,5.084683258,2.45353372,-2.631149538,0.5437687179,-0.7718060513,0,-3.258486452,5.832609208,2,0,0.006,0.994,0,0
131,163,163,161.5287682,142.1176242,5.09527874,0,-2109521.974,3931161.025,176,176,146.7884815,130.2170008,4.450499382,50.83605267,-2109634.235,3930856.992,18738.40785,1250912.639,125.0912639,125.0912639,0.7744209609,324.0964656,Retain,5.084683258,4.988992649,-0.0956906094,-0.0874527584,-0.1352980631,10.83638075,1.230312215,3.811067604,2,0.266,0.022,0.626,0.018,0.068
132,163,163,161.5287682,142.1176242,5.09527874,0,-2109521.974,3931161.025,41,41,0.2584304251,983.553942,1.410473959,0,-2109066.492,3933235.491,220.0331212,1693.476618,0.1693476618,0.1693476618,0.001048405579,2123.881523,Retain,5.084683258,-1.35312877,-6.437812028,1.934517429,-1.284388585,0,-6.190645148,5.691024385,2,0,0,1,0,0
133,163,163,161.5287682,142.1176242,5.09527874,0,-2109521.974,3931161.025,42,42,12.59848322,225.9652133,2.262537494,25.41802634,-2109109.767,3932971.828,2671.670588,109338.0892,10.93380892,10.93380892,0.06768954557,1857.12699,Retain,5.084683258,2.533576428,-2.551106831,0.4637260102,-0.8118274051,10.14325324,-2.609140881,5.556809796,2,0,0.008,0.992,0,0
135,101,101,0.8988087263,563.809433,1.507860088,136.4484546,-2112068.441,3929229.731,116,116,1.098329307,462.8489139,1.368360733,136.8802609,-2112088.246,3929222.059,381.6263356,6151.309598,0.6151309598,0.6151309598,0.6843847215,21.23897394,Retain,-0.1066850299,0.09379021319,0.2004752431,-0.1973156287,-0.09707800722,0.003159591137,0.7722929133,3.681592427,3,0.114,0.01,0.016,0.484,0.376
136,125,125,1.027209973,641.3332301,1.833616147,25.33784192,-2111425.041,3929010.514,133,133,1.227544519,496.9535707,1.553207608,25.41802633,-2111383.545,3929027.135,353.4362843,3219.711473,0.3219711473,0.3219711473,0.3134423884,44.70108391,Retain,0.02684636273,0.2050158483,0.1781694856,-0.2550525789,-0.1659678361,0.003159489655,-0.7823447499,4.358961882,3,0.022,0.034,0.07,0.448,0.426
138,133,133,1.348213089,488.6348419,1.600511388,25.33784192,-2111367.428,3928851.473,143,143,1.356759732,449.6246592,1.477395127,25.41802633,-2111411.002,3928871.761,509.9747669,6795.335034,0.6795335034,0.6795335034,0.5040252974,48.06537241,Retain,0.2987800783,0.3050993069,0.006319228598,-0.08320232197,-0.08004270767,0.003159489655,0.01606939716,4.295557718,3,0.012,0.052,0.064,0.792,0.08
139,147,147,0.3210031166,789.3332062,1.261566261,25.33784192,-2111922.93,3928636.464,161,161,0.2584304251,786.8431536,1.128379167,50.83605267,-2111951.438,3928641.183,126.4345572,952.5007114,0.09525007114,0.09525007114,0.2967263127,28.89577271,Retain,-1.136304447,-1.35312877,-0.2168243227,-0.003159614303,-0.1115717756,0.6962869999,-0.8609923903,4.504247084,3,0.014,0.132,0.034,0.816,0.004
140,164,164,2.311222439,438.5184479,1.880631945,25.33784192,-2111896.607,3928473.316,171,171,0.452253244,674.4369888,1.279461712,50.83605267,-2111996.827,3928537.695,252.4267581,2577.724165,0.2577724165,0.2577724165,0.1115307692,119.1166145,Retain,0.837776579,-0.7935129817,-1.631289561,0.4304763707,-0.3851684096,0.6962869999,-2.067398226,4.933588016,2,0,0.164,0.834,0.002,0
141,164,164,2.311222439,438.5184479,1.880631945,25.33784192,-2111896.607,3928473.316,179,179,0.9045064879,562.030824,1.507860088,91.64599727,-2111873.368,3928401.527,428.6135362,6667.832941,0.6667832941,0.6667832941,0.2884981051,75.45663247,Retain,0.837776579,-0.1003658013,-0.9381423803,0.248154814,-0.2209163761,1.285605739,-0.9006338202,4.477047993,2,0.002,0.224,0.772,0,0.002
142,167,167,4.686645502,378.4474276,2.311168863,126.6892096,-2110209.953,3928621.747,181,181,5.297823715,355.0389839,2.305259718,25.41802634,-2110221.152,3928608.635,1733.888883,36681.40914,3.668140914,3.668140914,0.7826794052,17.24341866,Retain,1.544717082,1.667296116,0.1225790347,-0.06384956925,-0.002560051898,-1.60624685,1.278035414,2.647494937,4,0.132,0,0.006,0.13,0.732
143,181,181,0.3852037398,789.3332063,1.381976598,76.01352576,-2112060.599,3928075.653,193,193,0.8398988817,605.2639643,1.564780363,0,-2112110.789,3928073.188,251.6249139,1982.887849,0.1982887849,0.1982887849,0.5147633951,50.25086049,Retain,-0.9539828903,-0.1744737733,0.779509117,-0.2655238789,0.1242306796,-11.23867973,0.05895277681,4.966403959,4,0,0,0.012,0.088,0.9
145,182,182,1.926018699,368.3554962,1.442090354,25.33784191,-2110478.673,3928075.653,194,194,2.584304251,393.4215768,1.784124116,35.94651757,-2110495.62,3928092.153,688.8279614,14794.45992,1.479445992,1.479445992,0.7681368787,23.65338392,Retain,0.6554550222,0.9494563232,0.294001301,0.06583325718,0.2128339077,0.3497215575,1.194818131,3.408185896,4,0.026,0.002,0.004,0.05,0.918
146,189,189,8.089278537,332.0211106,2.663886155,50.67568384,-2111380.097,3928110.241,211,211,14.21367338,261.0888646,2.776748739,25.41802633,-2111433.488,3928003.652,2609.100709,67526.24601,6.752624601,6.752624601,0.8347622807,119.2128203,Retain,2.090539547,2.654204415,0.563664868,-0.2403377261,0.04149470788,-0.6899679582,1.614925412,4.308013859,4,0.004,0.012,0.006,0.016,0.962
151,193,193,1.990219323,356.4730609,1.418640168,0,-2111657.782,3927780.862,206,206,2.584304251,334.4083403,1.516505499,0,-2111688.996,3927792.221,709.4595737,14471.21561,1.447121561,1.447121561,0.727116627,33.21736805,Retain,0.688244845,0.9494563232,0.2612114782,-0.06389584949,0.06670988963,0,0.9777588676,3.731345498,4,0.018,0,0,0.204,0.778
153,203,203,7.126269187,312.8888385,2.356222239,0,-2112061.169,3927680.748,221,221,25.13235884,228.5688338,3.232426857,0,-2111994.4,3927574.834,2266.032432,68573.55287,6.857355287,6.857355287,0.9622644202,125.2029019,Retain,1.963787842,3.224156213,1.260368371,-0.3140105718,0.3161736136,0,3.2135694,4.420414646,4,0.014,0.002,0.01,0.01,0.964
157,127,127,0.1284012466,1183.999809,1.196826841,162.2413497,-2114053.842,3928869.572,140,140,0.1292152126,1180.26473,1.196826841,127.0901317,-2114048.425,3928869.945,101.5117365,644.0379334,0.06440379334,0.06440379334,0.5015823057,5.430343358,Retain,-2.052595179,-2.04627595,0.006319228892,-0.003159614544,0,-0.2441868019,0.006316610695,3.290849031,3,0.12,0.104,0,0.752,0.024
158,136,136,0.5136049865,591.9999047,1.196826841,101.3513677,-2112280.193,3928755.552,149,149,0.6460760628,550.7902075,1.248886881,25.41802634,-2112302.206,3928760.647,250.1815944,3472.970214,0.3472970214,0.3472970214,0.6761948006,22.59516468,Retain,-0.6663008178,-0.4368380378,0.22946278,-0.07215248583,0.04257890416,-1.383105272,0.7347333561,4.023295539,3,0.006,0.002,0.002,0.528,0.462
159,141,141,0.3210031166,789.3332061,1.261566261,216.4866162,-2112718.538,3928707.41,150,150,0.6460760628,550.7902075,1.248886881,241.1365705,-2112790.232,3928725.062,95.10753504,562.903611,0.0562903611,0.0562903611,0.1753576778,73.83569201,Retain,-1.136304447,-0.4368380379,0.699466409,-0.3598345581,-0.01010135363,0.1078342567,-1.543647463,5.442372956,4,0,0.006,0.05,0.098,0.846
160,146,146,0.6420062331,710.3998856,1.605711705,129.1981504,-2113339.315,3928623.795,160,160,0.1938228188,1049.124205,1.302940032,228.762237,-2113311.302,3928628.474,203.3442107,1373.091976,0.1373091976,0.1373091976,0.2138751784,28.40120001,Retain,-0.4431572665,-1.640810842,-1.197653576,0.3898829738,-0.208943814,0.571332554,-1.298329546,4.140410183,1,0,0.91,0.086,0.004,0
161,149,149,0.7062068564,717.575642,1.701095599,50.67568383,-2114716.081,3928595.462,164,164,0.7752912753,590.1323652,1.465807536,50.83605267,-2114747.42,3928598.819,413.4895639,4327.644065,0.4327644065,0.4327644065,0.6128011964,31.51844391,Retain,-0.3478470867,-0.2545164811,0.09333060555,-0.1955315069,-0.1488662042,0.003159552196,0.4581535024,4.196893109,3,0.028,0.022,0.026,0.772,0.152
162,151,151,2.182821193,510.7450158,2.128669737,152.0270515,-2113724.45,3928661.652,165,165,2.519696645,464.035706,2.077880637,127.0901317,-2113740.801,3928659.106,1079.329682,16189.84576,1.618984576,1.618984576,0.741693631,16.5482912,Retain,0.7806181652,0.9241385153,0.1435203501,-0.09590897323,-0.02414879819,-0.1791606519,1.052273365,2.988399133,4,0.142,0,0.004,0.326,0.528
163,150,150,1.797617453,563.809433,2.132436186,50.67568383,-2114472.822,3928662.344,166,166,2.002835795,533.0227815,2.127960252,50.83605267,-2114504.309,3928659.631,947.292768,10398.03479,1.039803479,1.039803479,0.5784342367,31.60445419,Retain,0.5864621508,0.6945640736,0.1081019228,-0.0561521444,-0.002101182979,0.003159552196,0.315707086,3.732463574,3,0.032,0.024,0.006,0.496,0.442
165,161,161,0.7704074797,526.2221375,1.302940032,0,-2112360.43,3928506.396,174,174,1.809012976,449.6246592,1.705948949,76.25407901,-2112338.155,3928569.468,378.3696569,4404.260497,0.4404260497,0.4404260497,0.5716793532,66.88943403,Retain,-0.2608357096,0.5927813793,0.853617089,-0.1573102941,0.2694982504,11.2418393,0.2881218988,4.905838766,4,0.002,0.006,0.016,0.05,0.926
166,171,171,0.9630093497,631.4665649,1.748077489,126.6892096,-2112564.822,3928391.531,184,184,1.809012976,421.523118,1.59932714,107.8395527,-2112597.782,3928384.279,355.3712622,5921.920818,0.5921920818,0.5921920818,0.6149390781,33.74832822,Retain,-0.03769215827,0.5927813793,0.6304735376,-0.404170372,-0.08893360318,-0.1610910395,0.4671528739,4.110171535,4,0.008,0.008,0.002,0.05,0.932
167,174,174,0.3852037399,789.3332062,1.381976598,0,-2114121.41,3928240.349,185,185,0.3876456377,786.8431536,1.381976598,0,-2114162.806,3928238.731,159.3586025,1295.194635,0.1295194635,0.1295194635,0.3362362566,41.42764484,Retain,-0.9539828902,-0.9476636616,0.006319228549,-0.003159614226,0,0,-0.6786479615,4.773328934,3,0.002,0.01,0.002,0.982,0.004
169,175,175,0.7704074797,591.9999047,1.465807536,0,-2113990.498,3928221.345,186,186,0.8398988817,544.7375679,1.408302327,0,-2114026.917,3928239.382,318.8736872,4113.018985,0.4113018985,0.4113018985,0.5338757857,40.64132488,Retain,-0.2608357097,-0.1744737734,0.08636193632,-0.08320232202,-0.04002135385,0,0.1354393377,4.407592806,3,0.006,0.012,0.014,0.82,0.148
170,176,176,0.1926018699,1052.444275,1.302940032,486.7240491,-2115147.592,3928202.342,187,187,0.1938228189,1049.124205,1.302940032,468.6852476,-2115158.345,3928213.313,159.6300382,946.5213919,0.09465213919,0.09465213919,0.4914393574,15.361568,Retain,-1.647130071,-1.640810842,0.00631922872,-0.003159614385,0,-0.03776581985,-0.03417754856,4.12786388,3,0.018,0.026,0,0.94,0.016
171,180,180,0.3852037398,657.7776719,1.151647165,104.4705986,-2113585.092,3928071.43,192,192,0.3876456377,655.702628,1.151647165,129.6070123,-2113616.318,3928081.986,170.2143812,1805.26675,0.180526675,0.180526675,0.4686524463,32.96221068,Retain,-0.9539828903,-0.9476636616,0.00631922866,-0.003159614331,0,0.2155993549,-0.1253036272,4.5447485,3,0.002,0.002,0,0.982,0.014
172,183,183,0.5778056098,789.3332063,1.692568751,104.4705986,-2113790.61,3928013.716,197,197,0.4522532439,674.4369888,1.279461712,129.6070123,-2113823.294,3928011.179,270.7639047,2214.723002,0.2214723002,0.2214723002,0.3832989789,32.7817463,Retain,-0.5485177822,-0.7935129818,-0.2449951997,-0.1573102942,-0.279807894,0.2155993549,-0.4745837151,4.336526183,1,0.016,0.46,0.108,0.41,0.006
173,195,195,0.7704074797,591.9999047,1.465807536,76.01352576,-2113240.92,3927668.136,208,208,0.5814684566,611.9891194,1.316442362,127.0901317,-2113291.532,3927676.71,276.3768139,3365.524486,0.3365524486,0.3365524486,0.4368499235,51.33368729,Retain,-0.2608357097,-0.5421985535,-0.2813628438,0.03320802981,-0.1074733921,0.5139799509,-0.2534440978,4.641149487,1,0.064,0.56,0.05,0.32,0.006
176,197,197,1.926018699,526.2221375,2.060129077,76.01352576,-2112927.997,3927730.214,210,210,1.744405369,553.7044414,2.062988384,76.25407901,-2112963.922,3927731.312,853.1297995,9870.690613,0.9870690613,0.9870690613,0.5124919409,35.94158764,Retain,0.6554550222,0.5564137351,-0.0990412871,0.05090760701,0.001386963456,0.003159572774,0.04987836564,3.82656031,3,0.036,0.23,0.04,0.678,0.016
177,210,210,0.5136049865,591.9999047,1.196826841,0,-2103310.597,3927387.308,219,219,0.710683669,643.7807621,1.530986039,80.37885685,-2103349.746,3927410.719,239.4937173,3249.585571,0.3249585571,0.3249585571,0.6327013282,45.61505672,Retain,-0.6663008178,-0.3415278581,0.3247729597,0.08385176272,0.2462382426,11.29451889,0.5426835353,4.725775127,4,0.008,0.014,0.002,0.236,0.74
178,222,222,0.7704074797,591.9999047,1.465807536,0,-2102784.837,3927203.609,235,235,0.5168608502,786.8431536,1.595769122,127.0901317,-2102816.834,3927205.064,361.3163284,3395.53856,0.339553856,0.339553856,0.4407457935,32.03038779,Retain,-0.2608357097,-0.6599815892,-0.3991458795,0.2845224582,0.08494951841,11.75265968,-0.2376560321,4.169499088,1,0.034,0.7,0.07,0.192,0.004
179,229,229,0.2568024932,789.3332062,1.128379167,50.67568384,-2103386.611,3927083.254,241,241,0.3230380314,786.8431536,1.261566261,50.83605267,-2103413.523,3927083.058,154.1232658,1150.329374,0.1150329374,0.1150329374,0.4479432266,26.91243733,Retain,-1.359447998,-1.129985218,0.2294627799,-0.003159614255,0.1115717757,0.003159552049,-0.208564225,4.544714633,3,0,0.012,0.002,0.908,0.078
180,241,241,6.548463577,301.803873,2.178660627,50.67568384,-2103073.366,3926927.004,252,252,6.525368234,311.6210509,2.245558472,35.94651757,-2103084.951,3926930.499,1982.124948,53881.10109,5.388110109,5.388110109,0.8228052344,12.10077015,Retain,1.879230454,1.875697386,-0.003533067828,0.03201049012,0.03024395621,-0.3434058905,1.531056995,2.126101451,3,0.204,0.066,0.028,0.54,0.162
181,243,243,0.3852037399,789.3332062,1.381976598,484.0787902,-2101993.03,3926829.876,253,253,0.5168608502,688.4877594,1.396297981,384.6445351,-2102009.812,3926833.326,290.9598259,2982.408832,0.2982408832,0.2982408832,0.7742419201,17.13347774,Retain,-0.9539828902,-0.6599815893,0.2940013009,-0.1366910069,0.0103096436,-0.2299275267,1.2292914130000001,3.890449064,4,0.002,0,0.002,0.09,0.906
182,247,247,0.9630093497,526.2221374,1.456731241,50.67568383,-2105542.861,3926763.153,259,259,0.3876456377,786.8431535,1.381976598,50.83605267,-2105520.677,3926785.667,291.7616701,3561.865173,0.3561865173,0.3561865173,0.3698681819,31.60747124,Retain,-0.03769215827,-0.9476636615,-0.9099715032,0.4023054937,-0.05268025785,0.003159552196,-0.5316680497,4.044636184,1,0.026,0.88,0.084,0.01,0
183,247,247,0.9630093497,526.2221374,1.456731241,50.67568383,-2105542.861,3926763.153,260,260,0.3230380314,944.2117844,1.513879513,35.94651757,-2105619.807,3926762.791,127.7183754,862.7563493,0.08627563493,0.08627563493,0.08958961297,76.94691187,Retain,-0.03769215827,-1.129985218,-1.09229306,0.5846270507,0.03848052059,-0.3434058902,-2.308653716,4.934339746,1,0.012,0.554,0.416,0.018,0
184,260,260,0.2568024933,986.6665077,1.410473959,56.65713693,-2107991.764,3926367.46,280,280,0.1938228188,1049.124205,1.302940032,0,-2108015.88,3926357.797,125.2568757,433.1287482,0.04331287482,0.04331287482,0.1686622052,25.98021675,Retain,-1.359447998,-1.640810842,-0.281362844,0.06137890696,-0.07930251504,-10.94479089,-1.59042893,4.509462786,3,0.038,0.174,0.078,0.702,0.008
185,263,263,1.15561122,526.2221375,1.595769122,0,-2103972.197,3926311.857,286,286,1.162936913,480.8485938,1.462788361,25.41802633,-2103984.298,3926318.258,597.4308808,9355.353351,0.9355353351,0.9355353351,0.809558889,13.69008632,Retain,0.1446293985,0.1509486271,0.006319228635,-0.09017099132,-0.08701137701,10.14325324,1.443143749,3.1167952310000002,3,0.12,0.022,0.02,0.756,0.082
186,260,260,0.2568024933,986.6665077,1.410473959,56.65713693,-2107991.764,3926367.46,288,288,0.3876456377,786.8431536,1.381976598,0,-2108003.171,3926285.779,33.79240854,59.6434522,0.00596434522,0.00596434522,0.02322541789,82.47366464,Retain,-1.359447998,-0.9476636616,0.4117843366,-0.2263031655,-0.02041099724,-10.94479089,-3.697876747,5.664580093,3,0.004,0.032,0.092,0.508,0.364
187,270,270,0.3852037399,920.8887405,1.612306031,50.67568384,-2107892.524,3926247.105,289,289,0.1292152126,1180.26473,1.196826841,50.83605267,-2107897.262,3926277.306,142.6212575,894.6684443,0.08946684443,0.08946684443,0.2322585042,30.57060668,Retain,-0.9539828901,-2.04627595,-1.09229306,0.248154814,-0.297991716,0.003159551976,-1.192607458,4.46942808,1,0.008,0.664,0.306,0.022,0
188,265,265,8.859686017,268.8308746,2.257269318,35.83311968,-2105376.549,3926429.06,291,291,9.561925729,191.3942806,1.669539531,50.83605267,-2105398.396,3926439.947,2211.35506,75949.37959,7.594937959,7.594937959,0.8572468533,24.40865625,Retain,2.181511326,2.257789143,0.07627781719,-0.3397468661,-0.3016079576,0.3497249687,1.786794196,2.676588082,4,0.08,0.01,0.174,0.144,0.592
189,271,271,0.1284012466,1183.999809,1.196826841,50.67568384,-2107795.395,3926209.098,293,293,0.1292152125,1180.264731,1.196826841,56.83643474,-2107808.299,3926213.761,117.1340324,784.1067321,0.07841067321,0.07841067321,0.6106690962,13.72058615,Retain,-2.052595179,-2.04627595,0.006319228672,-0.003159614349,0,0.1147292509,0.4491965932,4.217632757,3,0.024,0.074,0,0.884,0.018
191,273,273,94.63171876,169.2193305,4.643691976,0,-2103774.861,3926607.181,297,297,99.10806803,160.5488312,4.508755877,25.41802633,-2103802.127,3926606.133,17229.21799,856478.8716,85.64788716,85.64788716,0.9050653236,27.28601816,Retain,4.549992713,4.596210851,0.04621813777,-0.05259754652,-0.02948847764,10.14325324,2.245443898,1.60377965,4,0.22,0.072,0.132,0.04,0.536
192,272,272,0.1284012466,1183.999809,1.196826841,76.01352576,-2104653.503,3926209.098,294,294,0.3876456377,655.702628,1.151647165,50.83605267,-2104694.591,3926226.47,86.1837151,463.5368191,0.04635368191,0.04635368191,0.3610064787,44.6095998,Retain,-2.052595179,-0.9476636616,1.104931517,-0.5909462791,-0.0384805206,-0.4022989784,-0.5697959448,5.396634027,4,0,0.006,0.02,0.238,0.736
193,275,275,0.7062068564,574.0605136,1.360876479,91.35688825,-2104880.392,3926218.312,299,299,0.9045064879,618.2339064,1.658646097,25.41802634,-2104916.091,3926195.606,297.3300314,4106.258932,0.4106258932,0.4106258932,0.5814527138,42.30873963,Retain,-0.3478470866,-0.1003658013,0.2474812853,0.07413206008,0.19787270270000001,-1.279286669,0.3280717643,4.491305797,4,0.006,0.004,0.002,0.262,0.726
194,276,276,0.4494043631,676.5713196,1.279461712,25.33784192,-2103569.405,3926194.62,296,296,0.2584304251,983.5539421,1.410473959,25.41802634,-2103582.552,3926194.698,244.7744693,2462.14481,0.246214481,0.246214481,0.5478684704,13.14739768,Retain,-0.7998322104,-1.35312877,-0.5532965595,0.3741346169,0.09748633715,0.003159489948,0.1916763968,3.54858095,1,0.154,0.744,0.03,0.07,0.002
195,277,277,1.219811843,456.9823826,1.423773641,35.83311968,-2105633.011,3926198.43,298,298,0.452253244,786.8431536,1.49270533,71.89303515,-2105664.107,3926188.343,333.9492251,3426.953939,0.3426953939,0.3426953939,0.2809411926,32.69164765,Retain,0.1986966197,-0.7935129818,-0.9922096014,0.543384092,0.04727929126,0.6962927975,-0.9376343732,3.960166843,1,0.04,0.796,0.158,0.006,0
196,279,279,0.5778056098,701.6295167,1.504505556,101.3513677,-2105240.496,3926093.67,300,300,0.5168608502,688.4877594,1.396297981,101.6721053,-2105260.142,3926099.38,318.6212037,3086.734926,0.3086734926,0.3086734926,0.5342168498,20.45877192,Retain,-0.5485177821,-0.6599815892,-0.1114638071,-0.01890797129,-0.07463987481,0.003159583174,0.1368071881,3.865084447,3,0.022,0.078,0.012,0.858,0.03
201,287,287,0.2568024932,986.6665079,1.410473959,25.33784192,-2106838.892,3925619.994,304,304,1.0337217,688.4877594,1.974663542,25.41802633,-2106882.13,3925630.735,253.3784192,2305.47854,0.230547854,0.230547854,0.8977633008,44.55247686,Retain,-1.359447998,0.03316559135,1.39261359,-0.3598345583,0.3364722366,0.003159489508,2.163995306,5.048779137,4,0.004,0,0.002,0.018,0.976
202,288,288,29.01868174,204.3185512,3.104857753,25.33784192,-2106068.05,3925741.694,305,305,29.97792931,193.3192231,2.985870202,25.41802634,-2106093.459,3925747.581,6324.584999,259175.4208,25.91754208,25.91754208,0.8931329932,26.08262192,Retain,3.36793982,3.400461421,0.03252160098,-0.05533747309,-0.0390766726,0.003159489802,2.114955476,2.149702637,4,0.318,0.066,0.072,0.08,0.464
203,289,289,2.054419946,443.9999285,1.795240262,101.3513677,-2106196.736,3925349.987,306,306,2.002835795,431.4946326,1.722634489,101.6721053,-2106204.094,3925352.828,809.1028514,16840.54434,1.684054434,1.684054434,0.8197225874,7.887379875,Retain,0.7199935434,0.6945640736,-0.02542946976,-0.02856932981,-0.04128406469,0.003159583156,1.510156632,2.277758946,3,0.146,0,0,0.8,0.054
204,304,304,0.9630093497,526.2221375,1.456731241,50.67568384,-2103324.955,3923014.841,320,320,1.292152126,393.4215768,1.261566261,25.41802633,-2103356.332,3923019.986,448.3389027,6707.875433,0.6707875433,0.6707875433,0.6965535107,31.79561852,Retain,-0.03769215833,0.2563091427,0.294001301,-0.2908416867,-0.1438410362,-0.689967958,0.8290838898,4.05057097,4,0.022,0.006,0.008,0.096,0.868
205,310,310,4.365642385,406.2744444,2.394631282,50.67568384,-2103490.943,3922744.521,328,328,4.199494408,326.8425407,1.889435842,25.41802633,-2103472.571,3922791.713,1280.098307,27429.80631,2.742980631,2.742980631,0.628310885,50.64188454,Retain,1.473765346,1.434964139,-0.0388012067,-0.2175503745,-0.2369509778,-0.6899679581,0.5238807873,3.760281008,3,0.118,0.066,0.31,0.422,0.084
206,310,310,4.365642385,406.2744444,2.394631282,50.67568384,-2103490.943,3922744.521,329,329,0.1938228189,1049.124205,1.302940032,25.41802633,-2103677.87,3922604.401,203.3442107,1766.894956,0.1766894956,0.1766894956,0.04047273688,233.6133329,Retain,1.473765346,-1.640810842,-3.114576188,0.9486821018,-0.6086059921,-0.6899679581,-3.142446097,5.289153876,2,0,0.032,0.968,0,0
207,305,305,2.118620569,478.3837613,1.9642560040000001,182.7137765,-2104396.669,3922869.878,330,330,7.559089934,403.5093096,3.129560727,0,-2104514.927,3922746.047,975.3497811,13796.66148,1.379666148,1.379666148,0.6512096444,171.2276378,Retain,0.750765202,2.022750804,1.271985602,-0.1702136989,0.465779102,-12.11568162,0.6230320597,5.339982068,4,0.004,0,0.146,0.008,0.842
210,317,317,0.1926018699,1052.444275,1.302940032,76.01352577,-2103846.915,3922450.652,336,336,0.3876456377,786.8431536,1.381976598,25.41802634,-2103885.451,3922451.893,64.21405244,178.6988922,0.01786988922,0.01786988922,0.09278149394,38.5556081,Retain,-1.647130071,-0.9476636617,0.6994664094,-0.2908416869,0.05889151783,-1.095426488,-2.270517451,5.04805748,4,0,0.02,0.028,0.392,0.56
211,319,319,0.834608103,607.1793894,1.564780364,71.66623937,-2108353.802,3922437.658,335,335,0.2584304251,786.8431536,1.128379167,56.83643475,-2108342.078,3922464.602,203.3442107,1944.902866,0.1944902866,0.1944902866,0.2330318695,29.3846263,Retain,-0.180793002,-1.35312877,-1.172335768,0.2592046502,-0.3269632337,-0.2318385595,-1.188290935,4.043267097,2,0.002,0.478,0.514,0.006,0
212,320,320,0.5136049865,591.9999047,1.196826841,76.01352575,-2103969.381,3922421.091,337,337,0.452253244,674.4369887,1.279461712,25.41802634,-2103990.149,3922422.844,252.4276256,2517.481363,0.2517481363,0.2517481363,0.4901590578,20.84130426,Retain,-0.6663008178,-0.7935129817,-0.1272121639,0.1303717782,0.06676569629,-1.095426488,-0.03929025192,3.942500132,3,0.056,0.108,0.028,0.78,0.028
213,329,329,6.676864824,265.6409829,1.936316911,50.67568384,-2104357.489,3922397.215,343,343,7.30065951,215.8596262,1.645309236,0,-2104399.472,3922422.876,1417.968354,52499.98251,5.249998251,5.249998251,0.7862969206,49.20468912,Retain,1.89864854,1.987964688,0.08931614816,-0.2075173908,-0.1628593168,-10.8332212,1.299349411,3.519049922,4,0.132,0.006,0.112,0.096,0.654
214,327,327,6.548463578,294.06531210000003,2.122797534,126.6892096,-2106009.077,3922323.466,352,352,11.82319195,249.3819831,2.418953458,0,-2106000.355,3922288.968,1761.472322,59529.12263,5.952912263,5.952912263,0.9090548023,35.58341783,Retain,1.879230454,2.470063022,0.5908325682,-0.164816103,0.130600181,-11.74950009,2.292312097,3.204657557,4,0.032,0.002,0.012,0.018,0.936
216,332,332,2.311222439,394.6666031,1.692568751,0,-2107950.238,3922154.34,355,355,5.620861746,325.5902705,2.177549008,0,-2107995.721,3922124.088,960.4544317,19375.19471,1.937519471,1.937519471,0.8383093889,54.62469117,Retain,0.837776579,1.726484988,0.8887084088,-0.1924016139,0.2519525905,0,1.640729092,4.15398096,4,0.002,0,0.024,0.016,0.958
218,335,335,7.447272304,292.597654,2.252498574,25.33784191,-2108525.824,3922243.289,348,348,0.1292152126,1180.26473,1.196826841,35.94651757,-2108380.205,3922185.004,152.508158,1172.299074,0.1172299074,0.1172299074,0.01574132147,156.85068,Retain,2.007847832,-2.04627595,-4.054123782,1.394695569,-0.6323663218,0.3497215577,-4.075024222,4.623741672,2,0,0.014,0.986,0,0
219,336,336,14.44514024,231.5377405,2.482434168,50.67568385,-2104943.424,3922249.075,353,353,12.59848322,230.0003064,2.30293995,101.6721053,-2104951.9,3922225.477,2833.764707,106198.8478,10.61988478,10.61988478,0.7351873779,25.07380564,Retain,2.670358043,2.533576428,-0.136781615,-0.006662244854,-0.07505305237,0.6962968971,1.018693044,2.459049504,0,0.578,0.014,0.288,0.062,0.058
221,213,213,0.4494043632,676.5713196,1.279461712,25.33784192,-2111025.97,3927323.963,222,222,1.679797763,453.9479732,1.659700209,50.83605267,-2111004.127,3927397.655,287.912818,3482.570859,0.3482570859,0.3482570859,0.7749303622,76.86030248,Retain,-0.7998322104,0.5186734072,1.318505618,-0.3990552714,0.2601975374,0.696287,1.233219693,5.314283579,4,0.002,0,0.002,0.004,0.992
222,215,215,0.5136049864,789.3332063,1.595769122,50.67568384,-2111447.212,3927285.957,223,223,0.5168608502,786.8431536,1.595769122,25.41802633,-2111471.672,3927294.027,341.1649551,2456.636085,0.2456636085,0.2456636085,0.4783123508,25.75760642,Retain,-0.6663008179,-0.6599815892,0.006319228663,-0.003159614355,0,-0.6899679582,-0.08663158219,4.154284153,3,0.004,0.022,0.014,0.908,0.052
223,216,216,0.1926018699,1052.444275,1.302940032,56.65713693,-2111101.984,3927222.612,226,226,0.9045064879,618.2339064,1.658646097,50.83605267,-2111165.294,3927223.22,202.7027353,1743.986576,0.1743986576,0.1743986576,0.9054878735,63.3135789,Retain,-1.647130071,-0.1003658012,1.54676427,-0.5320037436,0.2413783912,-0.1084101403,2.250324435,5.544045595,4,0.002,0,0.006,0.002,0.99
224,217,217,4.494043632,281.9047165,1.685838828,25.33784192,-2109992.548,3927355.817,225,225,4.328709621,293.5981916,1.723168198,25.41802634,-2110015.684,3927359.09,1212.434079,35815.20751,3.581520751,3.581520751,0.7969483709,23.36637377,Retain,1.502752883,1.465269489,-0.03748339407,0.04064300837,0.02190131134,0.003159490022,1.363670851,2.972329268,3,0.196,0.02,0.02,0.726,0.038
225,218,218,0.6420062331,552.5332443,1.248886881,25.33784192,-2109797.085,3927247.95,228,228,0.6460760627,550.7902075,1.248886881,25.41802634,-2109816.323,3927255.9,300.9132454,3748.647884,0.3748647884,0.3748647884,0.5838958706,20.81658319,Retain,-0.4431572665,-0.4368380379,0.00631922854,-0.003159614251,0,0.003159490022,0.3380979309,3.829741551,3,0.014,0.018,0,0.936,0.032
226,228,228,9.30909038,223.1907687,1.920989182,101.3513677,-2110588.237,3927244.805,239,239,11.95240716,225.4199305,2.198442287,101.6721053,-2110618.777,3927260.847,1991.92855,83101.96493,8.310196493,8.310196493,0.8926969397,34.49711422,Retain,2.230991383,2.480932694,0.2499413112,0.00993814989,0.1349088055,0.003159583137,2.110433313,2.997773914,4,0.06,0.004,0,0.024,0.912
227,230,230,0.3210031165,789.3332063,1.261566261,25.33784192,-2110929.686,3927055.382,238,238,0.1292152126,1180.26473,1.196826841,50.83605267,-2110947.426,3927065.265,137.6498237,1103.317359,0.1103317359,0.1103317359,0.343709236,20.30635098,Retain,-1.136304447,-2.04627595,-0.909971503,0.4023054937,-0.05268025786,0.6962869996,-0.6454252165,4.151500104,1,0.124,0.76,0.042,0.074,0
228,231,231,0.3210031165,789.3332063,1.261566261,249.5488021,-2109500.632,3927060.45,240,240,0.3230380314,786.8431536,1.261566261,250.338527,-2109518.932,3927067.807,202.4485167,2000.535912,0.2000535912,0.2000535912,0.6232138597,19.72383931,Retain,-1.136304447,-1.129985218,0.006319228628,-0.003159614343,0,0.003159601656,0.5021647644,4.122395887,3,0.01,0.002,0,0.974,0.014
229,234,234,0.5778056097,613.9258271,1.316442362,25.33784192,-2111034.416,3927036.801,243,243,0.5814684565,611.9891195,1.316442362,50.83605267,-2111057.57,3927044.083,294.3381232,3466.010502,0.3466010502,0.3466010502,0.5998575375,24.2723694,Retain,-0.5485177822,-0.5421985536,0.006319228631,-0.003159614342,0,0.6962869996,0.4040412316,4.036003674,3,0.014,0.006,0.006,0.944,0.03
230,236,236,1.990219323,509.2472298,2.026628811,249.5488021,-2112236.465,3927057.507,237,237,0.7752912754,721.2728908,1.791542544,25.41802634,-2112353.89,3927084.329,452.8843297,4238.234179,0.4238234179,0.4238234179,0.2129531219,120.4487455,Retain,0.688244845,-0.2545164811,-0.942761326,0.3480839396,-0.1232967234,-2.284160541,-1.303800644,5.019475137,2,0.028,0.134,0.816,0.01,0.012
231,236,236,1.990219323,509.2472298,2.026628811,249.5488021,-2112236.465,3927057.507,244,244,1.098329307,462.8489139,1.368360733,25.41802634,-2112192.909,3927039.1,505.0033331,8708.021207,0.8708021207,0.8708021207,0.437540783,47.28639139,Retain,0.688244845,0.09379021323,-0.5944546318,-0.09553293448,-0.3927602503,-2.284160541,-0.2506421432,4.084486213,2,0.016,0.33,0.612,0.034,0.008
232,238,238,0.5778056098,613.9258271,1.316442362,104.4705986,-2110496.691,3926907.297,247,247,0.6460760628,550.7902075,1.248886881,101.6721053,-2110520.403,3926917.841,298.6680818,3241.931453,0.3241931453,0.3241931453,0.5610764932,25.95047114,Retain,-0.5485177821,-0.4368380379,0.1116797442,-0.1085201299,-0.05268025785,-0.02715243315,0.245037086,4.102852133,3,0.004,0.008,0.028,0.734,0.226
233,240,240,0.3210031166,789.3332062,1.261566261,25.33784192,-2110184.754,3926857.747,250,250,0.2584304251,786.8431536,1.128379167,25.41802633,-2110197.594,3926861.921,189.768827,1855.276859,0.1855276859,0.1855276859,0.5779622575,13.50128293,Retain,-1.136304447,-1.35312877,-0.2168243228,-0.00315961424,-0.1115717757,0.003159489802,0.3137758891,3.743375944,3,0.03,0.204,0.034,0.72,0.012
234,244,244,0.2568024933,789.3332061,1.128379167,25.33784192,-2110177.152,3926779.2,255,255,0.7752912754,524.5621024,1.302940032,25.41802633,-2110248.43,3926785.667,149.2069316,1342.598575,0.1342598575,0.1342598575,0.5228136839,71.57013946,Retain,-1.359447998,-0.2545164811,1.104931517,-0.4086247223,0.1438410362,0.003159489802,0.09113561672,5.522780855,4,0,0.002,0.004,0.072,0.922
236,249,249,0.5136049865,789.3332062,1.595769122,0,-2111146.325,3926674.681,265,265,1.098329307,601.703588,1.778868953,136.8802609,-2111204.596,3926689.228,358.9099284,3777.467391,0.3777467391,0.3777467391,0.7354810585,60.05949028,Retain,-0.6663008178,0.09379021317,0.7600910309,-0.2714236009,0.1086219146,11.82686912,1.020197336,5.000867577,4,0.006,0.004,0.006,0.09,0.894
237,251,251,0.4494043631,789.3332063,1.49270533,136.4484546,-2110863.084,3926581.927,268,268,0.5168608503,688.4877594,1.396297981,136.8802609,-2110887.058,3926585.5,298.3473441,3031.342155,0.3031342155,0.3031342155,0.6745244158,24.23852651,Retain,-0.7998322105,-0.6599815891,0.1398506214,-0.1366910071,-0.06676569637,0.003159591177,0.727134136,4.160265676,3,0.014,0.002,0.034,0.698,0.252
238,252,252,0.5136049865,690.6665554,1.396297981,35.83311969,-2109239.652,3926570.163,275,275,1.162936913,568.2756109,1.728749882,127.0901317,-2109210.527,3926507.481,339.1634581,3770.932728,0.3770932728,0.3770932728,0.7342087456,69.11812403,Retain,-0.6663008178,0.150948627,0.8172494449,-0.1950506221,0.2135741003,1.266003898,1.013687932,5.141346803,4,0.006,0,0.004,0.028,0.962
240,257,257,13.16112778,300.3316589,3.073567362,35.83311969,-2109803.327,3926555.794,263,263,1.292152126,472.1058922,1.513879513,0,-2109928.163,3926766.603,507.7190514,7506.057507,0.7506057507,0.7506057507,0.05703202365,244.9989893,Retain,2.57726762,0.2563091427,-2.320958477,0.4523159144,-0.7081633241,-10.48665578,-2.789097252,4.7849893,2,0,0.004,0.996,0,0
241,258,258,0.5778056098,613.925827,1.316442362,104.4705986,-2110150.407,3926363.941,276,276,0.5814684565,611.9891195,1.316442362,91.64599727,-2110170.764,3926369.094,304.2809909,4037.814805,0.4037814805,0.4037814805,0.6988188997,20.99871134,Retain,-0.5485177821,-0.5421985535,0.006319228558,-0.003159614279,0,-0.1309710395,0.8397950793,3.891132526,3,0.016,0.006,0.004,0.934,0.04
242,257,257,13.16112778,300.3316589,3.073567362,35.83311969,-2109803.327,3926555.794,278,278,12.79230604,270.2289618,2.72647413,0,-2109814.141,3926524.426,3463.010811,96211.02709,9.621102709,9.621102709,0.7310241851,33.18011566,Retain,2.57726762,2.5488439,-0.02842371985,-0.1056177874,-0.1198296473,-10.48665578,0.9974811726,2.785712042,2,0.262,0.024,0.434,0.17,0.11
244,264,264,1.219811843,498.5262355,1.553207608,50.67568384,-2109803.086,3926287.779,287,287,1.098329307,509.1338053,1.505196806,25.41802633,-2109814.081,3926303.472,447.4772047,6816.653012,0.6816653012,0.6816653012,0.5588282366,19.16111518,Retain,0.1986966197,0.09379021319,-0.1049064066,0.02105464388,-0.03139855941,-0.6899679582,0.235931605,3.425951795,3,0.04,0.112,0.058,0.746,0.044
246,269,269,1.091410596,510.7450158,1.505196806,76.01352575,-2109256.793,3926241.889,292,292,1.485974944,478.9480065,1.646983246,101.6721053,-2109174.794,3926252.441,441.1563012,6601.58797,0.660158797,0.660158797,0.6048674983,82.6743067,Retain,0.0874709846,0.3960710851,0.3086001005,-0.06427842938,0.09002162084,0.2908383669,0.4249125569,4.943550419,4,0.006,0.002,0,0.252,0.74
247,268,268,0.1284012466,1183.999809,1.196826841,76.01352575,-2109429.686,3926221.767,295,295,0.8398988816,544.7375679,1.408302327,76.254079,-2109498.598,3926221.582,115.9554834,370.0367752,0.03700367752,0.03700367752,0.2881878369,68.91217776,Retain,-2.052595179,-0.1744737734,1.878121406,-0.7763495026,0.1627112002,0.003159572799,-0.902141508,5.831509951,4,0,0,0.142,0.07,0.788
248,292,292,2.568024932,315.7332825,1.427299293,160.2505829,-2109496.198,3923658.211,307,307,2.390481432,425.3206236,1.855043924,35.94651757,-2109563.861,3923667.15,579.4695715,13327.41228,1.332741228,1.332741228,0.5189751902,68.25045804,Retain,0.9431370946,0.8714947818,-0.07164231285,0.2979454785,0.262124322,-1.494684944,0.07578551392,4.323995193,1,0.09,0.412,0.182,0.246,0.07
249,294,294,0.7704074797,657.7776718,1.62867504,147.7437373,-2109446.578,3923335.365,311,311,1.0337217,639.3100623,1.833616147,91.64599728,-2109468.414,3923319.283,411.7748087,4829.127237,0.4829127237,0.4829127237,0.6268276677,27.11875832,Retain,-0.2608357097,0.03316559135,0.294001301,-0.02847742225,0.1185232283,-0.4775418262,0.5175492414,4.003045349,4,0.004,0.002,0.002,0.148,0.844
250,297,297,0.3210031165,789.3332062,1.261566261,101.3513677,-2109120.564,3923280.044,312,312,0.3230380314,944.2117843,1.513879513,179.7325879,-2109102.077,3923280.521,227.9736244,1719.389066,0.1719389066,0.1719389066,0.5356300228,18.49376537,Retain,-1.136304447,-1.129985218,0.006319228672,0.1791619424,0.1823215568,0.572872453,0.1424761475,4.058004906,3,0.048,0.142,0,0.78,0.03
251,299,299,0.1284012466,1183.999809,1.196826841,136.4484546,-2109290.328,3923143.22,316,316,0.3230380314,786.8431537,1.261566261,80.37885684,-2109310.505,3923133.096,116.9176964,712.1394972,0.07121394972,0.07121394972,0.554620392,22.5737735,Retain,-2.052595179,-1.129985219,0.9226099606,-0.4086247224,0.0526802578,-0.529190642,0.2189155838,4.715495599,4,0,0.002,0,0.388,0.61
252,300,300,0.3210031165,789.3332062,1.261566261,0,-2109591.848,3923122.949,315,315,0.1292152126,1180.26473,1.196826841,0,-2109600.27,3923125.471,152.508158,1196.195194,0.1196195194,0.1196195194,0.3726428599,8.791286417,Retain,-1.136304447,-2.04627595,-0.9099715031,0.4023054938,-0.05268025781,0,-0.5198082783,3.31439196,1,0.262,0.64,0.062,0.036,0
254,302,302,0.7062068564,645.8180777,1.530986039,0,-2109519.52,3923037.261,317,317,0.9691140941,577.0183126,1.602404365,0,-2109539.267,3923041.592,419.6888487,5234.550287,0.5234550287,0.5234550287,0.7412205417,20.21581916,Retain,-0.3478470866,-0.03137292981,0.3164741568,-0.112643847,0.04559323135,0,1.049813391,3.752803376,4,0,0,0.002,0.142,0.856
255,301,301,0.3210031165,947.1998475,1.513879513,249.5488021,-2109900.97,3923001.328,321,321,0.8398988816,544.7375679,1.408302327,162.7547805,-2109932.66,3922987.627,265.2562647,2473.573521,0.2473573521,0.2473573521,0.7705761701,34.5245491,Retain,-1.136304447,-0.1744737734,0.9618306736,-0.5532059512,-0.07229061444,-0.4274077046,1.208515045,4.68221677,4,0.004,0,0.004,0.03,0.962
256,303,303,0.2568024933,789.3332061,1.128379167,136.4484546,-2109188.977,3922978.524,319,319,0.5168608502,590.1323652,1.196826841,80.37885684,-2109215.823,3922988.849,168.2348556,1694.683243,0.1694683243,0.1694683243,0.6599169741,28.7631474,Retain,-1.359447998,-0.6599815892,0.6994664091,-0.2908416867,0.05889151784,-0.529190642,0.6615023,4.611218672,4,0,0,0,0.042,0.958
257,307,307,0.3210031165,947.1998474,1.513879513,1691.383982,-2111654.349,3922737.814,324,324,0.1292152126,1180.26473,1.196826841,1712.277189,-2111684.548,3922718.783,88.94700032,484.3525355,0.04843525355,0.04843525355,0.1508871754,35.69617979,Retain,-1.136304447,-2.04627595,-0.9099715031,0.2199839369,-0.2350018146,0.01227704894,-1.722231097,4.715588855,1,0.074,0.688,0.14,0.098,0
258,313,313,2.118620569,406.6261971,1.669617604,107.499359,-2108540.558,3922636.463,331,331,2.971949889,290.7898611,1.414148669,35.94651757,-2108592.39,3922644.186,693.3297081,16440.88671,1.644088671,1.644088671,0.7760184598,52.40422442,Retain,0.750765202,1.089218266,0.3384530636,-0.3352934493,-0.1660669175,-1.095434158,1.239445753,4.155988631,4,0.026,0.004,0.018,0.038,0.914
261,314,314,0.5778056097,701.6295167,1.504505556,126.6892096,-2108810.317,3922529.481,333,333,0.9045064879,505.8277416,1.357074079,25.41802633,-2108812.311,3922533.594,359.976543,4568.824682,0.4568824682,0.4568824682,0.7907200284,4.571538691,Retain,-0.5485177822,-0.1003658012,0.448151981,-0.327209331,-0.1031333405,-1.60624685,1.325767989,2.366692397,4,0.078,0.002,0.006,0.058,0.856
262,334,334,0.7704074798,591.9999046,1.465807536,126.6892096,-2106216.003,3922070.584,351,351,0.6460760629,550.7902074,1.248886881,76.25407901,-2106257.8,3922070.623,271.7754197,2062.221319,0.2062221319,0.2062221319,0.2676792961,41.79653911,Retain,-0.2608357096,-0.4368380377,-0.1760023281,-0.07215248585,-0.1601536499,-0.5076607887,-1.004064668,4.435620262,3,0.012,0.24,0.206,0.524,0.018
263,337,337,5.457052981,334.3058285,2.203018284,101.3513677,-2105462.078,3921974.698,357,357,5.362431321,293.8811779,1.919763416,101.6721053,-2105462.644,3921956.089,1389.949223,38276.48021,3.827648021,3.827648021,0.7014130216,18.61781063,Retain,1.696908897,1.679417477,-0.0174914201,-0.1288806996,-0.1376264096,0.003159583064,0.8521167934,2.648082888,3,0.174,0.026,0.178,0.564,0.058
264,344,344,0.2568024932,789.3332062,1.128379167,76.01352576,-2107694.044,3921534.267,369,369,0.5168608503,688.4877594,1.396297981,35.94651758,-2107700.273,3921536.844,202.7027353,2248.401886,0.2248401886,0.2248401886,0.8755374053,6.741081767,Retain,-1.359447998,-0.6599815891,0.6994664092,-0.136691007,0.2130421976,-0.7488644208,1.943971715,3.160457687,4,0.01,0,0,0.014,0.976
266,347,347,25.87285119,303.5896947,4.356164172,0,-2108152.86,3921565.672,380,380,39.79828547,186.4920461,3.318849534,25.41802633,-2108195.388,3921490.671,7338.73175,212477.485,21.2477485,21.2477485,0.8212372245,86.21890475,Retain,3.253194202,3.683823833,0.4306296302,-0.4872885111,-0.271973696,10.14325324,1.5203908799999999,3.402668906,4,0.058,0.02,0.144,0.042,0.736
267,347,347,25.87285119,303.5896947,4.356164172,0,-2108152.86,3921565.672,365,365,0.1938228188,1049.124205,1.302940032,50.83605267,-2107880.317,3921672.407,94.68326327,365.9694849,0.03659694849,0.03659694849,0.001414492288,292.6981014,Retain,3.253194202,-1.640810842,-4.894005045,1.240033903,-1.206968619,10.83638075,-6.025851668,4.624912965,2,0,0,1,0,0
268,347,347,25.87285119,303.5896947,4.356164172,0,-2108152.86,3921565.672,370,370,0.2584304251,983.5539419,1.410473959,25.41802634,-2107814.654,3921505.072,208.5689956,1542.836836,0.1542836836,0.1542836836,0.005963149652,343.592528,Retain,3.253194202,-1.35312877,-4.606322972,1.175495382,-1.127666104,10.14325324,-4.962147864,4.785227196,2,0,0.004,0.996,0,0
269,348,348,0.4494043632,676.5713195,1.279461712,50.67568384,-2108571.819,3921224.783,376,376,0.7752912754,590.1323652,1.465807536,35.94651757,-2108585.667,3921244.537,273.5954441,3142.239048,0.3142239048,0.3142239048,0.6992008322,24.12457446,Retain,-0.7998322103,-0.254516481,0.5453157292,-0.1366910069,0.1359668578,-0.3434058905,0.8416054084,4.155553507,4,0.002,0,0.004,0.034,0.96
271,352,352,0.834608103,546.4614505,1.408302327,56.65713694,-2107794.421,3921046.026,379,379,0.3230380314,786.8431535,1.261566261,71.89303514,-2107841.343,3921043.735,227.8911941,2394.230855,0.2394230855,0.2394230855,0.2868688725,46.97785412,Retain,-0.180793002,-1.129985218,-0.9491922163,0.3645651657,-0.1100309424,0.2381576884,-0.908561525,4.512459032,1,0.004,0.838,0.154,0.004,0
276,366,366,1.990219323,458.3225068,1.82396593,0,-2108694.889,3920681.362,391,391,0.5168608502,590.1323652,1.196826841,76.254079,-2108586.726,3920675.809,253.8595257,2513.022016,0.2513022016,0.2513022016,0.126268597,108.3048208,Retain,0.688244845,-0.6599815892,-1.348226434,0.2527737598,-0.4213394573,11.2418393,-1.927617081,4.91320142,2,0,0.184,0.812,0.004,0
277,376,376,9.11648851,333.521073,2.840744286,25.33784192,-2108112.475,3920665.821,393,393,12.53387562,292.0242632,2.916464505,25.41802633,-2108245.778,3920827.367,1875.756731,44519.19507,4.451919507,4.451919507,0.4883370941,209.4436486,Retain,2.210084698,2.528435028,0.3183503301,-0.132869159,0.02630600605,0.003159489655,-0.04656691987,4.811782091,4,0.014,0.018,0.1,0.066,0.802
278,375,375,0.4494043632,789.3332062,1.49270533,25.33784192,-2108998.943,3920388.634,399,399,0.3876456377,786.8431536,1.381976598,25.41802633,-2109053.783,3920354.906,118.5213847,435.0511775,0.04350511775,0.04350511775,0.09680617572,64.38151944,Retain,-0.7998322104,-0.9476636617,-0.1478314513,-0.003159614252,-0.07707533989,0.003159489728,-2.224056023,5.137123207,3,0.006,0.086,0.056,0.848,0.004
279,376,376,9.11648851,333.521073,2.840744286,25.33784192,-2108112.475,3920665.821,400,400,2.713519464,505.8277416,2.350521254,25.41802633,-2108199.858,3920399.69,935.7470794,12643.05997,1.264305997,1.264305997,0.1386834411,280.1094078,Retain,2.210084698,0.9982464875,-1.211838211,0.4164901287,-0.1894289766,0.003159489655,-1.820243713,5.102506433,2,0,0.04,0.956,0.002,0.002
283,386,386,19.51698949,275.2280258,3.430000135,0,-2108951.768,3920007.912,414,414,23.90481432,336.0032926,4.634269527,0,-2109001.916,3919988.955,5675.390716,143050.0446,14.30500446,14.30500446,0.7329513844,53.61155915,Retain,2.971285342,3.174079875,0.2027945328,0.1995210204,0.3009182868,0,1.007274427,3.068505625,4,0.178,0.006,0.038,0.136,0.642
284,390,390,0.5778056099,526.2221374,1.128379167,152.0270515,-2108796.24,3919469.232,423,423,0.452253244,674.4369888,1.279461712,127.0901317,-2108837.729,3919477.984,204.0530726,1688.341228,0.16883412280000001,0.16883412280000001,0.2921988293,42.40229893,Retain,-0.548517782,-0.7935129818,-0.2449951998,0.2481548141,0.1256572142,-0.1791606519,-0.8827240736,4.593849998,3,0.042,0.376,0.05,0.514,0.018
286,399,399,5.713855475,274.9362853,1.853923264,50.67568384,-2109001.505,3919179.128,441,441,5.685469353,312.9489815,2.104998409,50.83605267,-2108993.415,3919184.81,1437.051377,46572.78461,4.657278461,4.657278461,0.8150850999,9.886248078,Retain,1.74289401,1.737913684,-0.004980326691,0.129500798,0.1270106346,0.003159552123,1.479229596,1.992163792,3,0.342,0.05,0.002,0.524,0.082
287,402,402,6.997867941,362.0794524,2.701978065,50.67568384,-2109557.538,3919243.981,429,429,0.1938228188,1049.124205,1.302940032,25.41802634,-2109820.56,3919393.258,203.3442107,1557.992962,0.1557992962,0.1557992962,0.02226382342,302.4301285,Retain,1.945605523,-1.640810842,-3.586416365,1.063847335,-0.7293608475,-0.6899679578,-3.739362612,5.311415759,2,0,0.004,0.996,0,0
288,402,402,6.997867941,362.0794524,2.701978065,50.67568384,-2109557.538,3919243.981,435,435,2.842734676,375.5387779,1.786150379,25.41802634,-2109664.971,3919310.456,893.0330026,22414.95166,2.241495166,2.241495166,0.3203111555,126.3359168,Retain,1.945605523,1.044766503,-0.9008390197,0.03649806631,-0.4139214436,-0.6899679578,-0.7506953066,4.438514463,2,0.024,0.062,0.892,0.014,0.008
289,402,402,6.997867941,362.0794524,2.701978065,50.67568384,-2109557.538,3919243.981,442,442,0.2584304251,786.8431536,1.128379167,35.94651758,-2109511.307,3919058.587,64.95906189,180.9549875,0.01809549875,0.01809549875,0.002585858851,191.0717405,Retain,1.945605523,-1.35312877,-3.298734293,0.7761652625,-0.8732018838,-0.3434058902,-5.629170148,4.852216377,2,0,0.04,0.96,0,0
290,406,406,0.7704074797,657.7776718,1.62867504,50.67568384,-2109011.612,3918962.476,444,444,0.3876456376,786.8431536,1.381976598,50.83605267,-2109045.31,3918986.569,256.4928136,2829.04223,0.282904223,0.282904223,0.3672137543,41.42537167,Retain,-0.2608357097,-0.9476636617,-0.686827952,0.1791619425,-0.1642520335,0.003159552123,-0.5430481221,4.426700473,1,0.016,0.734,0.2,0.05,0
291,408,408,1.733416829,380.0493215,1.411518368,50.67568384,-2109291.736,3918921.184,446,446,0.2584304251,786.8431536,1.128379167,25.41802634,-2109206.291,3918956.915,122.0843625,759.2245702,0.07592245702,0.07592245702,0.04379930766,92.61474334,Retain,0.5500945066,-1.35312877,-1.903223276,0.7277278943,-0.2238837439,-0.689967958,-3.061820394,4.825776831,2,0,0.216,0.784,0,0
293,408,408,1.733416829,380.0493215,1.411518368,50.67568384,-2109291.736,3918921.184,450,450,3.488810739,364.2792378,1.919411942,25.41802634,-2109330.557,3918951.737,624.1556413,13620.14945,1.362014945,1.362014945,0.7857400029,49.40175547,Retain,0.5500945066,1.249560916,0.6994664091,-0.04238032741,0.3073528771,-0.689967958,1.296051243,4.197323891,4,0.018,0.002,0.022,0.01,0.948
294,412,412,3.145830542,354.3945007,1.773167263,71.66623936,-2109537.243,3918797.521,453,453,3.165772708,369.3345415,1.853765775,56.83643474,-2109559.29,3918789.104,1042.173415,23508.39919,2.3508399189999998,2.3508399189999998,0.7472875246,23.59953068,Retain,1.146077939,1.152397167,0.006319228569,0.04129214828,0.04445176256,-0.2318385596,1.081585656,3.160595172,3,0.08,0.012,0.012,0.816,0.08
295,419,419,1.412413713,574.0605136,1.924569974,101.3513677,-2109327.183,3918619.263,460,460,0.1938228188,1049.124205,1.302940032,76.25407901,-2109396.926,3918613.771,203.3442107,1521.452025,0.1521452025,0.1521452025,0.1077199981,69.9587907,Retain,0.3453000939,-1.640810842,-1.986110936,0.6029761893,-0.3900792788,-0.2845192107,-2.106124331,4.647635554,2,0,0.334,0.666,0,0
296,419,419,1.412413713,574.0605136,1.924569974,101.3513677,-2109327.183,3918619.263,461,461,0.3876456376,655.702628,1.151647165,50.83605267,-2109257.127,3918639.189,241.7283291,3406.226128,0.3406226128,0.3406226128,0.2411634847,72.83498157,Retain,0.3453000939,-0.9476636617,-1.292963756,0.1329725601,-0.5135093177,-0.689977762,-1.143490244,4.687924981,2,0.014,0.216,0.764,0.004,0.002
297,422,422,0.2568024932,986.6665078,1.410473959,25.33784192,-2108732.895,3918481.057,466,466,0.3230380314,944.2117843,1.513879513,177.9261843,-2108736.057,3918486.681,242.2094356,2002.02905,0.200202905,0.200202905,0.7795987587,6.452353969,Retain,-1.359447998,-1.129985218,0.2294627799,-0.04398160879,0.07074978116,1.949035918,1.260084638,3.116688933,3,0.118,0.006,0,0.622,0.254
298,428,428,1.15561122,438.5184479,1.329807601,101.3513677,-2109211.499,3918286.8,472,472,0.8398988816,544.7375679,1.408302327,76.254079,-2109232.686,3918281.382,422.2547501,7015.402854,0.7015402854,0.7015402854,0.6070729269,21.8690346,Retain,0.1446293984,-0.1744737734,-0.3191031718,0.2169022705,0.05735068458,-0.2845192108,0.4341290219,3.585167661,3,0.316,0.242,0.12,0.316,0.006
299,429,429,2.568024932,434.1332634,1.962536528,50.67568384,-2108869.72,3918277.087,473,473,1.809012976,449.6246592,1.705948949,76.254079,-2108901.274,3918270.628,820.500458,13590.96728,1.359096728,1.359096728,0.5292381359,32.20889103,Retain,0.9431370946,0.5927813792,-0.3503557154,0.03506159857,-0.1401162591,0.4086181032,0.1168518855,3.573069976,1,0.116,0.592,0.228,0.058,0.006
301,439,439,25.55184808,228.0736651,3.252230871,25.33784192,-2108099.449,3917832.65,483,483,23.12952305,178.0287582,2.415286029,148.2112888,-2108098.619,3917798.478,4457.433502,199902.1257,19.99021257,19.99021257,0.7823392075,34.18239326,Retain,3.240709646,3.141109856,-0.09959979029,-0.2477235691,-0.2975234643,1.766307158,1.276044181,2.483750069,0,0.418,0.032,0.352,0.134,0.064
304,343,343,0.5136049865,690.6665554,1.396297981,56.65713694,-2109645.058,3921698.963,366,366,1.938228188,340.9653666,1.3390839,50.83605267,-2109614.674,3921714.771,310.3539028,4113.634317,0.4113634317,0.4113634317,0.8009334849,34.25032787,Retain,-0.6663008178,0.6617742508,1.328075069,-0.7058762459,-0.04183871159,-0.1084101404,1.388375781,4.439240686,4,0.004,0.002,0.002,0.028,0.964
305,351,351,52.83711298,148.6593523,3.048293951,25.33784191,-2109123.816,3921510.391,395,395,87.15566087,221.0626799,5.821813633,25.41802633,-2109179.205,3921454.354,9354.568149,440467.9477,44.04679477,44.04679477,0.8336336389,78.79225791,Retain,3.967213841,4.467695725,0.5004818841,0.3967888183,0.6470297604,0.003159489875,1.606807684,2.955585456,4,0.112,0.04,0.112,0.016,0.72
306,345,345,0.7062068564,645.8180778,1.530986039,76.01352576,-2109703.795,3921493.956,371,371,1.292152125,393.4215768,1.261566261,0,-2109718.464,3921526.677,426.1490174,5062.586424,0.5062586424,0.5062586424,0.7168701887,35.85824866,Retain,-0.3478470867,0.2563091426,0.6041562293,-0.4956360994,-0.1935579847,-11.23867973,0.9268575412,4.325890002,4,0.02,0.006,0.012,0.068,0.894
307,349,349,0.3852037399,920.8887405,1.612306031,35.83311969,-2109966.004,3921149.976,377,377,0.1938228188,1049.124205,1.302940032,71.89303514,-2110032.377,3921155.574,89.91976517,434.8566016,0.04348566016,0.04348566016,0.1128900259,66.60848228,Retain,-0.9539828901,-1.640810842,-0.6868279522,0.1303717785,-0.2130421976,0.6962927975,-2.053862283,5.248203332,1,0.048,0.6,0.11,0.234,0.008
311,359,359,0.5778056098,613.925827,1.316442362,25.33784192,-2109457.839,3920882.521,383,383,0.3876456377,655.702628,1.151647165,25.41802634,-2109549.434,3920888.685,38.55503907,86.26344565,0.008626344565,0.008626344565,0.01492949258,91.8019784,Retain,-0.5485177821,-0.9476636616,-0.3991458795,0.0658332572,-0.1337396826,0.003159489728,-4.12555559,5.366268576,1,0.018,0.594,0.166,0.214,0.008
314,367,367,1.027209973,542.6665792,1.551521355,50.67568384,-2110379.855,3920710.787,388,388,1.550582551,393.4215768,1.381976598,25.41802634,-2110375.52,3920714.995,532.6321877,7771.090228,0.7771090228,0.7771090228,0.7565240246,6.041744508,Retain,0.0268463628,0.4386306995,0.4117843367,-0.3216133454,-0.1157211771,-0.689967958,1.130938208,2.357800059,4,0.062,0,0.004,0.064,0.87
319,381,381,0.2568024933,789.3332062,1.128379167,25.33784192,-2110253.166,3919912.645,406,406,0.1292152126,1180.26473,1.196826841,0,-2110286.557,3919897.382,80.29763519,165.2536986,0.01652536986,0.01652536986,0.06435050397,36.7139065,Retain,-1.359447998,-2.04627595,-0.686827952,0.4023054938,0.05889151783,-10.14009375,-2.66254399,4.855271786,1,0.042,0.554,0.204,0.194,0.006
320,382,382,3.595234905,267.8094807,1.432467083,91.35688825,-2109960.876,3919893.641,409,409,4.199494408,278.4214236,1.609519421,80.37885684,-2109994.836,3919902.661,924.0401546,28569.59372,2.856959372,2.856959372,0.7946516561,35.13758766,Retain,1.279609331,1.434964139,0.15535480770000001,0.03886004332,0.1165374472,-0.128021023,1.349595742,3.491860167,4,0.048,0.004,0.004,0.09,0.854
321,393,393,50.78269304,201.574346,4.052174986,0,-2110142.477,3920072.119,405,405,53.04284476,220.4310905,4.528781013,0,-2109974.513,3920374.024,6552.924776,292208.7176,29.22087176,29.22087176,0.5754100464,345.4828177,Retain,3.927555608,3.971099979,0.04354437028,0.08942685554,0.1111990407,0,0.3033429609,4.453532944,4,0.126,0.188,0.226,0.182,0.278
322,393,393,50.78269304,201.574346,4.052174986,0,-2110142.477,3920072.119,418,418,1.485974944,615.7902941,2.117549888,0,-2110268.875,3919624.967,213.0593229,2548.30127,0.254830127,0.254830127,0.005018050674,464.6738881,Retain,3.927555608,0.396071085,-3.531484523,1.116748198,-0.6489940636,0,-5.108965736,4.749925135,2,0,0,1,0,0
323,387,387,0.1284012466,1183.999809,1.196826841,50.67568384,-2111089.315,3919443.895,420,420,0.1292152126,1180.26473,1.196826841,50.83605267,-2111112.643,3919452.566,88.26850993,458.2200973,0.04582200973,0.04582200973,0.3568657698,24.88754741,Retain,-2.052595179,-2.04627595,0.006319228672,-0.003159614372,0,0.003159552049,-0.5877491648,4.813070287,3,0.006,0.056,0,0.934,0.004
324,393,393,50.78269304,201.574346,4.052174986,0,-2110142.477,3920072.119,426,426,17.18562327,207.0639878,2.4214878,0,-2110666.489,3919605.839,3605.991994,132121.0987,13.21210987,13.21210987,0.2601695397,701.4317477,Retain,3.927555608,2.844073178,-1.08348243,0.02686958934,-0.5148716259,0,-1.042602027,5.161712164,2,0.002,0.022,0.968,0.008,0
325,393,393,50.78269304,201.574346,4.052174986,0,-2110142.477,3920072.119,427,427,0.3876456376,786.8431536,1.381976598,0,-2110430.592,3919393.258,85.36205125,217.3603088,0.02173603088,0.02173603088,4.280204452e-4,737.4712365,Retain,3.927555608,-0.9476636617,-4.87521927,1.361870656,-1.075738979,0,-6.552037914,5.211815581,2,0,0,1,0,0
326,397,397,1.605015583,473.5999237,1.692568751,76.01352576,-2110737.119,3919174.3,440,440,3.488810739,422.5639158,2.226517852,50.83605267,-2110749.73,3919170.614,921.8774213,11576.68378,1.157668378,1.157668378,0.7212817062,13.13855012,Retain,0.4731334654,1.249560916,0.7764274503,-0.1140222071,0.274191518,-0.4022989784,0.9486322344,2.911424985,4,0.038,0.004,0.012,0.036,0.91
328,407,407,0.8988087263,563.809433,1.507860088,25.33784192,-2111264.87,3918940.757,451,451,3.488810739,378.8504073,1.996188419,0,-2111275.036,3918977.626,506.7568384,8791.811065,0.8791811065,0.8791811065,0.9781626288,38.24407735,Retain,-0.1066850299,1.249560916,1.356245946,-0.3975748863,0.2805480865,-10.14009375,3.758299463,4.269722313,4,0.014,0,0.036,0.006,0.944
332,416,416,2.311222439,526.2221375,2.256758334,56.65713693,-2110954.883,3918745.696,457,457,5.814684565,279.7664546,1.903065724,0,-2111005.605,3918816.268,1159.032993,15753.51946,1.575351946,1.575351946,0.6816098354,86.90822156,Retain,0.837776579,1.760386539,0.9226099605,-0.6317682737,-0.1704632935,-10.94479089,0.759510003,4.618340797,4,0.012,0,0.056,0.018,0.914
333,418,418,0.4494043631,902.0950928,1.705948949,35.83311968,-2109704.783,3918662.041,462,462,1.809012976,533.9292828,2.025814377,71.89303514,-2109766.395,3918669.146,405.4054707,3575.785342,0.3575785342,0.3575785342,0.7956721464,62.02074905,Retain,-0.7998322105,0.5927813794,1.39261359,-0.524456538,0.1718502569,0.6962927976,1.355835247,5.099766163,4,0,0,0,0.004,0.996
334,417,417,2.118620569,454.4645733,1.866043204,104.4705986,-2110490.036,3918706.026,458,458,1.938228188,419.6496819,1.648103262,101.6721053,-2110509.388,3918705.276,800.2834331,15428.37999,1.542837999,1.542837999,0.7282276124,19.36633288,Retain,0.750765202,0.6617742508,-0.08899095122,-0.07969969142,-0.124195167,-0.02715243314,0.9833482064,3.160570116,3,0.124,0.064,0.104,0.688,0.02
335,420,420,0.2568024932,986.6665077,1.410473959,76.01352575,-2109797.085,3918506.394,464,464,0.3230380314,944.2117842,1.513879513,50.83605267,-2109829.032,3918512.099,203.8927038,1618.574024,0.1618574024,0.1618574024,0.6302797157,32.45290735,Retain,-1.359447998,-1.129985218,0.22946278,-0.04398160887,0.07074978111,-0.4022989783,0.5323012261,4.731909789,3,0,0.002,0,0.9,0.098
336,421,421,0.1926018699,1052.444275,1.302940032,76.01352575,-2109961.781,3918481.057,465,465,0.1938228188,1049.124205,1.302940032,50.83605267,-2109981.541,3918486.681,152.2548069,1113.576413,0.1113576413,0.1113576413,0.5781752863,20.54467393,Retain,-1.647130071,-1.640810842,0.006319228403,-0.003159614214,0,-0.4022989783,0.3146474669,4.418580383,3,0.022,0.024,0.004,0.916,0.034
337,423,423,0.6420062331,789.3332062,1.784124116,250.8318378,-2111297.085,3918488.658,468,468,0.8398988817,726.3167571,1.877736436,227.345739,-2111299.367,3918488.636,495.7482236,5227.203317,0.5227203317,0.5227203317,0.8141982193,2.282485357,Retain,-0.4431572665,-0.1744737734,0.2686834931,-0.08320232203,0.05113942454,-0.09831039587,1.473383239,1.619646517,4,0.054,0,0,0.212,0.734
338,424,424,2.889028049,561.3036133,2.691341357,50.67568384,-2110486.556,3918517.093,469,469,3.101165101,475.3844053,2.361578808,76.25407901,-2110499.433,3918508.392,1462.114331,19485.17649,1.948517649,1.948517649,0.6744543897,15.54077281,Retain,1.06092013,1.13177788,0.07085774975,-0.1661382083,-0.1307093334,0.4086181032,0.7268160006,2.785436297,3,0.194,0.014,0.036,0.386,0.37
339,425,425,0.3210031166,789.3332062,1.261566261,50.67568384,-2110144.213,3918465.854,470,470,0.1292152126,1180.26473,1.196826841,76.25407901,-2110146.758,3918461.263,152.508158,1263.464152,0.1263464152,0.1263464152,0.3935987182,5.248727105,Retain,-1.136304447,-2.04627595,-0.9099715033,0.4023054938,-0.05268025786,0.4086181032,-0.4313203176,2.798693262,1,0.248,0.574,0.136,0.04,0.002
340,430,430,3.402633036,372.326984,1.937434984,136.4484546,-2110675.543,3918281.222,474,474,3.682633558,289.8895829,1.569303454,71.89303514,-2110722.677,3918287.796,1062.332321,25823.6686,2.58236686,2.58236686,0.7589319311,47.58990438,Retain,1.224549554,1.303628137,0.07907858284,-0.2502723557,-0.2107330643,-0.6407609492,1.144009902,3.822731824,4,0.096,0.022,0.068,0.212,0.602
341,437,437,17.84777328,300.9687765,3.586811314,25.33784192,-2109864.075,3918123.957,476,476,10.01417897,294.4316317,2.628374276,25.41802634,-2109949.891,3918213.478,2872.202641,85674.23269,8.567423269,8.567423269,0.4800275718,124.0097728,Retain,2.881878754,2.304001986,-0.5778767682,-0.02195970109,-0.3108980852,0.003159489875,-0.07977252921,3.951794005,2,0.01,0.162,0.806,0.014,0.008
342,437,437,17.84777328,300.9687765,3.586811314,25.33784192,-2109864.075,3918123.957,478,478,4.910178077,352.0087792,2.200377445,25.41802634,-2109759.802,3918005.745,1855.895307,41205.79291,4.120579291,4.120579291,0.2308735788,157.6291934,Retain,2.881878754,1.591310209,-1.290568545,0.1566495896,-0.4886346828,0.003159489875,-1.20036238,4.191677307,2,0.006,0.07,0.918,0.004,0.002
343,437,437,17.84777328,300.9687765,3.586811314,25.33784192,-2109864.075,3918123.957,482,482,0.2584304251,786.8431536,1.128379167,76.25407901,-2109816.323,3917762.267,203.3442107,2136.640942,0.2136640942,0.2136640942,0.01197147066,364.8282316,Retain,2.881878754,-1.35312877,-4.235007524,0.9610224053,-1.156481357,1.101745551,-4.333970797,5.030854951,2,0,0.016,0.984,0,0
