urban_area,interval,file,source_filename,expected_rows,sha256
Kuching,1996_2007,data/interval_predictions/kuching_1996_2007_predicted.csv,Kuching - 1996-2007_predicted.csv,524,8b38d348c1f87575fa5e1a4883ed764d7c628250c145a44c4d88ff7489d57a28
Kuching,2007_2015,data/interval_predictions/kuching_2007_2015_predicted.csv,Kuching - 2007-2015_predicted.csv,478,4be4c2487d4b16fb5c8840f12413eb4d2b9c70fa837f29aa26f5cd89a24a0d6c
Kuching,2015_2020,data/interval_predictions/kuching_2015_2020_predicted.csv,Kuching - 2015-2020_predicted.csv,514,4cb2aa89dfa2e45fbec71284d2ee639baba663db0d3d49ba60581a9a0e9c8eea
Balikpapan,2007_2015,data/interval_predictions/balikpapan_2007_2015_predicted.csv,balikpapan_07_15_predicted.csv,130,131bccf41b3079445c189ba425e38e2a03a822806ae7a6381b1c18b45ebaf5c9
Balikpapan,2015_2020,data/interval_predictions/balikpapan_2015_2020_predicted.csv,balikpapan_15_20_predicted.csv,111,293ca654837eb363b4d98859082a803d0d087c2fb166b1550dcc4a3a83c77582
Balikpapan,1996_2007,data/interval_predictions/balikpapan_1996_2007_predicted.csv,balikpapan_96_07_predicted.csv,152,88de88f97de39ce7abad7dd0a193b22c783199232b3a1c8da117effab4079a22
Basilan,2007_2015,data/interval_predictions/basilan_2007_2015_predicted.csv,basilan_07_15_predicted.csv,51,2519d733e80a329e02269833d87111af7890dc7716fda05454aa4d82d0808630
Basilan,2015_2020,data/interval_predictions/basilan_2015_2020_predicted.csv,basilan_15_20_predicted.csv,31,cc7e7fe8707f9656a0ffc7201921dbd4376b92cc36c2c1e38b17105c1b70cd4c
Basilan,1996_2007,data/interval_predictions/basilan_1996_2007_predicted.csv,basilan_96_07_predicted.csv,52,d8a03cde7b110b9764b800b0a01ae5bb02319403ca7c740107344c5cbf704d82
Chon Buri,2007_2015,data/interval_predictions/chon_buri_2007_2015_predicted.csv,chonburi_07_15_predicted.csv,286,a225aa14138b10bd82358a4d076b4b22ee566867e4df8d99cc23a4cbd210594f
Chon Buri,2015_2020,data/interval_predictions/chon_buri_2015_2020_predicted.csv,chonburi_15_20_predicted.csv,215,7d3ed43bcb9629dbef3c17f07d163be2c1c07d328fa582301b3e100feeb73747
Chon Buri,1996_2007,data/interval_predictions/chon_buri_1996_2007_predicted.csv,chonburi_96_07_predicted.csv,320,a394358a474df2e72eb341a871db8fde2bdb62657ac1f8ff914ad53e71832dec
Cotabato,2007_2015,data/interval_predictions/cotabato_2007_2015_predicted.csv,cotabato_07_15_predicted.csv,145,1371f0796050c56234a2692d0762beeea989129115c6f4a1fb70ada6a577513c
Cotabato,2015_2020,data/interval_predictions/cotabato_2015_2020_predicted.csv,cotabato_15_20_predicted.csv,122,8c269d8f4721ac544c51734fd3a59bb1f27c71575116d2a64e7665e8e73b0451
Cotabato,1996_2007,data/interval_predictions/cotabato_1996_2007_predicted.csv,cotabato_96_07_predicted.csv,176,d85528909639c7d24454ed90932d5cdc290939d41b2cdbc5477e48a72e135b8c
Haiphong,2007_2015,data/interval_predictions/haiphong_2007_2015_predicted.csv,haiphong_07_15_predicted.csv,257,726fca9e365afa021b2d8fcd1e6c40f22a454a97809abd08fbf675283c7af1de
Haiphong,2015_2020,data/interval_predictions/haiphong_2015_2020_predicted.csv,haiphong_15_20_predicted.csv,295,4477c0472c1d20b74d77fb51c536e57115aa165f5cc38e8a09f6f3496944f1cd
Haiphong,1996_2007,data/interval_predictions/haiphong_1996_2007_predicted.csv,haiphong_96_07_predicted.csv,289,38999956deb17be5629dcb625f6a330cd4f5bc85f210f0796e866c9beb0f4516
Bangkok,2007_2015,data/interval_predictions/bangkok_2007_2015_predicted.csv,krungthep_07_15_predicted.csv,685,e288317085fbd7d37d6d1e9815380a10b11fdfa1e53d84fd9e53456617827ec4
Bangkok,2015_2020,data/interval_predictions/bangkok_2015_2020_predicted.csv,krungthep_15_20_predicted.csv,543,17843be5bd78721d23e7d2b78783484c8d75cad251575b1755635df89f03493d
Bangkok,1996_2007,data/interval_predictions/bangkok_1996_2007_predicted.csv,krungthep_96_07_predicted.csv,821,f0c2d46d1df35a1ebb448aaaab5ed612fee0fb79f7a3126e017ac30b17e87851
Medan,2007_2015,data/interval_predictions/medan_2007_2015_predicted.csv,medan_07_15_predicted.csv,428,625556de0df5feeaa624a5b14e3001eb437353c7f89faec350017974f06fac6d
Medan,2015_2020,data/interval_predictions/medan_2015_2020_predicted.csv,medan_15_20_predicted.csv,429,549fa0aa694f09751974d07797fe1f6e697f65172e17e7307b95158303f31789
Medan,1996_2007,data/interval_predictions/medan_1996_2007_predicted.csv,medan_96_07_predicted.csv,388,58156517a1cf4fbe37a7f78ff4a101f7d0633fa4c13df7c7b7fafc322d6fe105
Sandakan,2007_2015,data/interval_predictions/sandakan_2007_2015_predicted.csv,sandakan_07_15_predicted.csv,191,0e858b9ee9c0c9c989aebd9bf43a358a8ca353e66aeb3b30f3565c2cb0362121
Sandakan,2015_2020,data/interval_predictions/sandakan_2015_2020_predicted.csv,sandakan_15_20_predicted.csv,170,dc2dcaffb606d29b4723ad4b75a41c24deaa02264cc244073ff45e8b5a63f2ee
Sandakan,1996_2007,data/interval_predictions/sandakan_1996_2007_predicted.csv,sandakan_96_07_predicted.csv,171,e6a0bc3733c4f2a0f3674f40e16a0fc7f1d81b40554dfa7f51c6fabe05333f48
Vungtau,2007_2015,data/interval_predictions/vungtau_2007_2015_predicted.csv,vungtau_07_15_predicted.csv,350,cb939b535f7edaa157c59fcd8addb011a4e367e5f8f36d6bfd62227f817e8d07
Vungtau,2015_2020,data/interval_predictions/vungtau_2015_2020_predicted.csv,vungtau_15_20_predicted.csv,292,94af342e4175648b6fe673e756e8bfefbdad70f6a2233d3aa7966f2532fec569
Vungtau,1996_2007,data/interval_predictions/vungtau_1996_2007_predicted.csv,vungtau_96_07_predicted.csv,293,a8efe2edd29cbe1f77b8ff9a2d09984263414c73cdfe6589d788c9bb8d890b4b
