OBJECTID,FID_sandakan_2007__Pairwis_Merge,ID_2007,AREA_2007,ED_2007,SHAPE_2007,ENN_2007,POINT_X_2007,POINT_Y_2007,FID_RasterT_Majorit2,ID_2015,AREA_2015,ED_2015,SHAPE_2015,ENN_2015,POINT_X_2015,POINT_Y_2015,Shape_Length,Shape_Area,OVERLAP_07_15,MAX_OVERLAP_07_15,RETENTION_07_15,CENTROID_07_15,EVENT TYPE,log_area_parent,log_area_child,log_change_area,log_change_ED,log_change_shape_index,log_change_ENN,logit_retention_ratio,log_centroid_shift,Predicted_Typology,Prob_0,Prob_1,Prob_2,Prob_3,Prob_4
1,113,113,0.318731519,950.5691984,1.513879513,25.24803038,-750256.492,2397062.954,134,134,0.253261723,794.8317607,1.128379167,25.16255764,-750288.3416,2397064.524,151.1823112,1069.858,0.1069858,0.1069858,0.3356611869,31.88822829,Retain,-1.143406164,-1.373331847,-0.229925683,-0.1789304909,-0.2938933324,-0.003390931581,-0.6812193597,4.606336307,3,0.002,0.216,0.09,0.684,0.008
3,114,114,0.4462241266,678.9779989,1.279461712,0,-750557.3043,2396998.03,137,137,0.4432080152,681.2843664,1.279461712,0,-750570.5217,2396987.239,254.3967237,2836.360966,0.2836360966,0.2836360966,0.6356359498,17.06335258,Retain,-0.8069339271,-0.813716059,-0.006782131889,0.003391065936,0,0,0.5553037305,3.812823549,3,0.008,0.002,0,0.978,0.012
4,115,115,0.3824778227,660.117499,1.151647165,100.9921215,-749882.8212,2396949.337,138,138,0.3798925844,662.3598006,1.151647165,103.747883,-749898.322,2396963.873,191.9797324,2156.61475,0.215661475,0.215661475,0.5638535418,21.25004298,Retain,-0.9610846072,-0.9678667388,-0.00678213155,0.003391065776,0,0.02692098199,0.2562981957,4.109313222,3,0.006,0.002,0.002,0.978,0.012
5,116,116,0.3824778228,792.1409988,1.381976598,75.74409114,-750568.726,2396852.553,140,140,0.3798925845,794.8317607,1.381976598,79.57099393,-750581.9048,2396842.254,255.5933419,2242.935854,0.2242935854,0.2242935854,0.5864224592,16.72574437,Retain,-0.961084607,-0.9678667387,-0.006782131661,0.003391065794,0,0.049288557,0.3484842253,3.869916144,3,0.004,0.008,0,0.98,0.008
6,119,119,0.2549852152,990.1762484,1.410473959,277.7283342,-749238.9964,2396709.481,142,142,0.1266308615,1192.247641,1.196826841,276.7881341,-749231.5142,2396724.829,120.3651594,496.0780324,0.04960780324,0.04960780324,0.1945516849,17.07453535,Retain,-1.366549715,-2.066479027,-0.6999293123,0.1857126227,-0.1642520335,-0.003391053614,-1.416815093,4.093286558,1,0.166,0.526,0.114,0.194,0
7,120,120,2.613598456,444.3717798,2.026567023,75.74409114,-750307.7271,2396553.067,146,146,1.899462922,450.4046644,1.751109716,25.16255766,-750266.534,2396571.337,824.0620462,14111.42541,1.411142541,1.411142541,0.5399232379,45.06316578,Retain,0.9607279905,0.6415711737,-0.3191568168,0.01348487907,-0.1460935293,-1.101976816,0.1597128382,3.900088328,2,0.106,0.354,0.456,0.072,0.012
8,120,120,2.613598456,444.3717798,2.026567023,75.74409114,-750307.7271,2396553.067,150,150,0.5698388766,706.5171207,1.504505556,25.16255766,-750510.6109,2396534.712,307.4569663,3316.894478,0.3316894478,0.3316894478,0.1269091077,203.7123599,Retain,0.9607279905,-0.5624016307,-1.523129621,0.463685881,-0.2978789295,-1.101976816,-1.921864451,5.408714855,2,0.002,0.058,0.94,0,0
9,121,121,82.61520972,205.9811085,5.281441379,0,-750480.0267,2397098.507,144,144,78.95434213,206.5160309,5.176507495,0,-750459.3037,2397114.072,17417.54037,687606.5362,68.76065362,68.76065362,0.8323001763,25.917064,Retain,4.414193801,4.368869738,-0.04532406296,0.002593582538,-0.02006844894,0,1.597272988,1.62020822,0,0.512,0.15,0.226,0.046,0.066
10,121,121,82.61520972,205.9811085,5.281441379,0,-750480.0267,2397098.507,131,131,0.253261723,794.8317607,1.128379167,25.16255764,-750967.7307,2397265.824,201.3004612,2374.438079,0.2374438079,0.2374438079,0.002874093144,515.6064251,Retain,4.414193801,-1.373331847,-5.787525647,1.350346012,-1.543416811,10.1331521,-5.551567819,4.610613714,2,0,0,1,0,0
11,121,121,82.61520972,205.9811085,5.281441379,0,-750480.0267,2397098.507,139,139,0.5065234459,894.1857308,1.795240262,0,-750244.3071,2396932.42,403.8335604,3152.610993,0.3152610993,0.3152610993,0.00381601766,288.3551662,Retain,4.414193801,-0.6801846662,-5.094378467,1.468129048,-1.079060185,0,-5.332987914,4.029464447,2,0,0.002,0.998,0,0
12,121,121,82.61520972,205.9811085,5.281441379,0,-750480.0267,2397098.507,143,143,0.2532617229,794.8317608,1.128379167,25.16255765,-751772.9325,2396586.435,183.2053131,2077.297024,0.2077297024,0.2077297024,0.002514424439,1390.619826,Retain,4.414193801,-1.373331847,-5.787525648,1.350346012,-1.543416811,10.1331521,-5.649363939,5.602773606,2,0,0,1,0,0
13,121,121,82.61520972,205.9811085,5.281441379,0,-750480.0267,2397098.507,148,148,0.2532617229,794.8317608,1.128379167,0,-751697.4448,2396536.11,132.4570353,800.3405572,0.08003405572,0.08003405572,9.687569152e-4,1341.043554,Retain,4.414193801,-1.373331847,-5.787525648,1.350346012,-1.543416811,0,-6.230384185,5.56647215,2,0,0,1,0,0
14,125,125,0.8924482532,735.5594988,1.960218114,56.45631223,-749767.4016,2396444.377,156,156,0.5698388767,706.5171206,1.504505556,25.16255765,-749822.8343,2396439.653,354.0212815,3710.674786,0.3710674786,0.3710674786,0.4157859879,55.63354433,Retain,-0.1137867466,-0.5624016305,-0.4486148839,-0.04028399775,-0.2645914397,-0.8080879939,-0.3394047415,4.648062625,1,0.016,0.416,0.386,0.172,0.01
15,125,125,0.8924482532,735.5594988,1.960218114,56.45631223,-749767.4016,2396444.377,157,157,0.1266308615,1192.247641,1.196826841,25.16255765,-749709.6028,2396422.878,133.3117626,821.8476822,0.08218476822,0.08218476822,0.09208911321,61.66761219,Retain,-0.1137867466,-2.066479027,-1.952692281,0.4829641461,-0.4933819943,-0.8080879939,-2.278689814,4.751033401,1,0.004,0.508,0.486,0.002,0
16,127,127,2.932329975,447.7318689,2.162815612,0,-750838.9531,2396475.114,149,149,0.2532617229,993.5397011,1.410473959,25.16255765,-750948.8587,2396548.691,177.9060039,1304.468306,0.1304468306,0.1304468306,0.04448572694,132.2607058,Retain,1.07579732,-1.373331847,-2.449129167,0.7970794758,-0.4274851079,10.1331521,-3.045897128,4.919248863,2,0,0.156,0.844,0,0
17,127,127,2.932329975,447.7318689,2.162815612,0,-750838.9531,2396475.114,158,158,2.469301799,427.9863327,1.897195365,0,-750843.5309,2396455.783,1016.111272,20294.0278,2.02940278,2.02940278,0.6920785851,19.86503665,Retain,1.07579732,0.9039354382,-0.1718618821,-0.04510328409,-0.1310342251,0,0.8080564671,3.023477856,3,0.228,0.19,0.192,0.366,0.024
18,129,129,2.103628025,456.0811811,1.866043204,25.24803038,-751878.9458,2396515.148,160,160,2.342670937,429.6387896,1.855043924,25.16255765,-751894.3248,2396499.046,888.9535455,17027.4812,1.70274812,1.70274812,0.8094340344,22.26619555,Retain,0.7436634852,0.8512917047,0.1076282194,-0.05972599091,-0.005911881194,-0.003390931137,1.442337732,3.303647744,4,0.12,0,0.002,0.334,0.544
19,132,132,1.466164987,551.0546078,1.882266567,0,-752115.6253,2396216.596,164,164,1.329624045,529.8878405,1.723627649,0,-752132.9967,2396208.397,724.0754164,9597.542977,0.9597542977,0.9597542977,0.6546018395,19.20881422,Retain,0.3826501397,0.2848962297,-0.09775390997,-0.03916854854,-0.08804550352,0,0.6379647863,3.336461179,3,0.102,0.052,0.024,0.806,0.016
20,133,133,7.0758397220000004,492.4119722,3.694984875,0,-751158.4154,2396238.64,165,165,7.091328243,503.8665626,3.785074231,0,-751173.2998,2396245.392,3477.930828,49328.00912,4.932800912,4.932800912,0.6971329348,16.34461966,Retain,1.956686125,1.958872663,0.002186538244,0.02299576834,0.02408903746,0,0.8318192156,2.387981831,3,0.202,0.034,0.078,0.53,0.156
22,136,136,3.569793013,297.0528745,1.583253092,25.24803037,-751086.1604,2396043.564,169,169,3.292402399,305.7045234,1.564780364,25.16255764,-751112.8993,2396038.181,970.2307383,26481.56786,2.648156786,2.648156786,0.741823623,27.27533996,Retain,1.272507615,1.191617511,-0.0808901039,0.02870887388,-0.01173617807,-0.003390931286,1.052949809,3.242130794,3,0.256,0.022,0.034,0.67,0.018
24,137,137,1.976135418,383.2940316,1.519971608,0,-752269.9817,2396040.816,168,168,1.836147492,383.7118845,1.466743257,0,-752274.0145,2396041.102,690.2172662,16430.67838,1.643067838,1.643067838,0.831455083,4.042854634,Retain,0.6811431283,0.607669622,-0.07347350623,0.001089568878,-0.03564718424,0,1.591261377,1.628991733,3,0.3,0.012,0.018,0.624,0.046
25,138,138,0.5099704305,693.1233738,1.396297981,161.6662753,-752009.9677,2395885.764,170,170,0.506523446,695.4777906,1.396297981,161.1189828,-752018.2674,2395878.738,322.3292214,3860.89901,0.386089901,0.386089901,0.7570829169,10.87437462,Retain,-0.6734025344,-0.6801846662,-0.006782131793,0.00339106588,0,-0.003391044847,1.133964424,3.295567234,3,0.05,0.006,0.004,0.884,0.056
26,141,141,1.976135418,511.0587088,2.026628811,0,-752499.6574,2395816.027,172,172,1.646201199,550.268142,1.991640251,25.16255764,-752525.8736,2395812.202,880.6919626,11897.24529,1.189724529,1.189724529,0.6020460531,26.4937418,Retain,0.6811431283,0.4984703301,-0.18267279819999999,0.07392121668,-0.01741518242,10.1331521,0.4131475782,3.50873967,1,0.192,0.384,0.056,0.352,0.016
27,142,142,17.08400942,239.4157496,2.791532481,50.49606076,-749574.8517,2396092.506,173,173,17.22179716,233.7740473,2.736721466,25.16255765,-749573.614,2396097.893,4027.558478,146065.3973,14.60653973,14.60653973,0.8549831232,5.527177718,Retain,2.838142904,2.846175858,0.008032954054,-0.02384653993,-0.0198300629,-0.696518309,1.768528451,0.8631517255,0,0.432,0.078,0.092,0.222,0.176
28,142,142,17.08400942,239.4157496,2.791532481,50.49606076,-749574.8517,2396092.506,161,161,0.3798925844,794.8317607,1.381976598,25.16255765,-749583.79,2396364.166,201.5074265,1408.561557,0.1408561557,0.1408561557,0.008244912082,271.8066982,Retain,2.838142904,-0.9678667388,-3.806009643,1.199928892,-0.7030759298,-0.696518309,-4.67641064,4.758388315,2,0,0.002,0.998,0,0
29,144,144,1.466164987,585.4955208,1.999908227,25.24803038,-752667.7887,2395624.914,175,175,1.392939476,578.0594623,1.924569974,25.16255764,-752700.5159,2395615.389,756.2442931,10229.91487,1.022991487,1.022991487,0.6977328583,34.08498068,Retain,0.3826501397,0.3314162454,-0.05123389428,-0.01278179345,-0.03839874058,-0.003390931581,0.8346544193,3.909926049,3,0.052,0.018,0.014,0.892,0.024
30,154,154,556.3777396,41.02288399,2.729644752,25.24803038,-751665.8361,2394634.471,184,184,555.4662739,44.84688494,2.98164681,0,-751671.6441,2394638.147,25665.4205,5395246.2,539.52462,539.52462,0.9697092131,6.873422373,Retain,6.321447451,6.319807894,-0.001639557116,0.08912407399,0.08830429543,-10.13654303,3.434703245,-0.6605511612,1,0.208,0.45,0.19,0.08,0.072
31,154,154,556.3777396,41.02288399,2.729644752,25.24803038,-751665.8361,2394634.471,174,174,0.6964697382,722.5743279,1.701095599,0,-750998.612,2395638.264,465.6322026,3395.382494,0.3395382494,0.3395382494,6.102656977e-4,1205.316823,Retain,6.321447451,-0.3617309351,-6.683178386,2.868690234,-0.4728989595,-10.13654303,-6.431745742,4.506139782,2,0,0.042,0.958,0,0
32,155,155,18.61392071,146.4918285,1.782901695,159.6825649,-753018.3326,2393101.866,185,185,15.76554225,175.5652484,1.966473415,168.7955682,-753018.4791,2393090.002,2705.46924,152462.7513,15.24627513,15.24627513,0.8190791919,11.8655583,Retain,2.923909726,2.757826689,-0.1660830375,0.1810411103,0.09799959157,0.05550011385,1.505829439,1.584134297,0,0.698,0.156,0.074,0.048,0.024
33,178,178,0.9561945571,580.903399,1.602404365,0,-757758.5235,2389294.976,208,208,0.9497314611,582.8766245,1.602404365,0,-757772.525,2389285.099,506.9136731,6611.009468,0.6611009468,0.6611009468,0.6913874817,17.1345813,Retain,-0.04479387504,-0.05157600689,-0.006782131853,0.003391065934,0,0,0.8048241687,3.43591896,3,0.008,0.002,0,0.982,0.008
34,180,180,0.8287019493,548.4053068,1.408302327,0,-757583.4705,2389230.238,209,209,0.8231005996,550.268142,1.408302327,0,-757598.0646,2389220.58,405.2377697,5976.089987,0.5976089987,0.5976089987,0.7211386424,17.50025146,Retain,-0.1878947189,-0.1946768505,-0.006782131653,0.003391065811,0,0,0.9479228169,3.528584693,3,0.008,0.006,0,0.974,0.012
35,182,182,0.5099704304,594.105749,1.196826841,75.74409113,-757839.1068,2389163.476,211,211,0.5065234459,596.1238205,1.196826841,75.48767294,-757852.8355,2389154.044,256.1428239,3589.85611,0.358985611,0.358985611,0.7039341686,16.65633549,Retain,-0.6734025345,-0.6801846663,-0.006782131802,0.00339106591,0,-0.003391020997,0.8641506518,3.7219169,3,0.006,0.004,0.004,0.956,0.03
36,2,2,2.741091063,423.7033249,1.978876412,50.49606076,-766512.4658,2412663.888,3,3,2.722563522,425.1425697,1.978876412,50.32511529,-766527.2615,2412651.558,1163.496763,20627.83698,2.062783698,2.062783698,0.752541105,19.25993149,Retain,1.008356039,1.001573908,-0.006782131729,0.003391065882,0,-0.003390998698,1.109506149,3.026265693,3,0.078,0.002,0.002,0.9,0.018
37,3,3,0.318731519,950.5691985,1.513879513,50.49606076,-766400.0827,2412545.046,4,4,0.3165771537,953.7981129,1.513879513,25.16255765,-766435.1548,2412531.948,181.7034496,1102.395833,0.1102395833,0.1102395833,0.3458697265,37.43819081,Retain,-1.143406164,-1.150188296,-0.00678213174,0.003391065885,0,-0.6965183089,-0.6358848253,4.766786063,3,0.002,0.004,0.002,0.972,0.02
38,4,4,3.506046709,360.0640903,1.901882698,35.70610698,-766419.822,2412408.247,5,5,3.039140676,413.9748754,2.0358438,25.16255765,-766434.3161,2412425.217,1164.299088,21411.36161,2.141136161,2.141136161,0.6106981277,22.31656308,Retain,1.254489109,1.1115748029999999,-0.142914306,0.1395232402,0.06806608714,-0.3499529213,0.4493184342,3.050494339,0,0.466,0.21,0.108,0.19,0.026
39,5,5,3.888524532,428.5352944,2.383823441,35.70610698,-766695.9399,2412320.628,10,10,3.672294983,452.2318639,2.444696815,50.3251153,-766709.9473,2412315.203,1620.012655,30142.19748,3.014219748,3.014219748,0.7751577039,15.02141732,Retain,1.358029788,1.300816803,-0.05721298536,0.05382191951,0.02521542683,0.343174389,1.234518775,2.602893623,3,0.38,0.032,0.016,0.55,0.022
40,6,6,1.211179772,500.2995781,1.553207608,25.24803038,-766345.8658,2412146.658,14,14,0.9497314611,582.8766245,1.602404365,25.16255765,-766373.0872,2412162.897,507.6793524,5787.087836,0.5787087836,0.5787087836,0.4778058525,31.69680772,Retain,0.191594903,-0.05157600687,-0.2431709098,0.152768467,0.03118301206,-0.003390931433,-0.08865741741,3.932815013,1,0.064,0.61,0.034,0.29,0.002
43,8,8,1.466164987,516.6136948,1.764624906,25.24803038,-766142.5528,2412066.87,17,17,1.836147492,493.3438515,1.885812759,25.16255765,-766201.0563,2412067.048,633.4328691,7117.313143,0.7117313143,0.7117313143,0.4854373965,58.5038041,Retain,0.3826501397,0.6076696221,0.2250194824,-0.04608899144,0.06642074975,-0.003390931433,-0.05815052636,4.450148745,4,0.01,0.02,0.014,0.306,0.65
45,10,10,0.637463038,633.712799,1.427299293,25.24803038,-766543.9964,2411976.965,19,19,0.6331543075,635.8654085,1.427299293,25.16255765,-766553.4189,2411990.953,356.533061,4368.868066,0.4368868066,0.4368868066,0.6853523742,16.86519016,Retain,-0.4502589833,-0.4570411149,-0.006782131636,0.00339106579,0,-0.003390931359,0.7767646779,3.62280547,3,0.012,0.01,0,0.954,0.024
46,11,11,0.3824778228,792.1409987,1.381976598,25.24803038,-766007.8966,2411925.627,20,20,0.3798925844,794.8317608,1.381976598,50.3251153,-766044.2964,2411914.626,179.4811587,1344.230556,0.1344230556,0.1344230556,0.3514532022,38.02598218,Retain,-0.9610846069,-0.9678667388,-0.006782131895,0.003391065954,0,0.6897363792,-0.611357032,4.691203211,3,0.004,0.016,0,0.974,0.006
47,12,12,9.753184482,398.6591954,3.512125881,25.24803038,-766047.1713,2412350.058,1,1,0.5698388767,618.2024806,1.316442362,25.16255765,-766377.0014,2412817.683,304.721839,3783.514099,0.3783514099,0.3783514099,0.03879260262,572.2413721,Retain,2.277593845,-0.5624016306,-2.839995476,0.4387091372,-0.9812886007,-0.003390931359,-3.185548986,5.783130649,2,0,0.012,0.986,0.002,0
48,12,12,9.753184482,398.6591954,3.512125881,25.24803038,-766047.1713,2412350.058,2,2,0.5065234459,794.8317607,1.595769122,25.16255765,-766291.7283,2412696.762,382.320129,3466.864355,0.3466864355,0.3466864355,0.03554597333,424.2779765,Retain,2.277593845,-0.6801846663,-2.957778511,0.6900235654,-0.7888656903,-0.003390931359,-3.274027473,5.483959223,2,0,0,1,0,0
49,12,12,9.753184482,398.6591954,3.512125881,25.24803038,-766047.1713,2412350.058,6,6,2.216040076,522.3180142,2.193405244,35.58523029,-766102.2902,2412391.037,1158.67427,18991.37932,1.899137932,1.899137932,0.1947197795,68.68306292,Retain,2.277593845,0.7957218535,-1.481871992,0.2701697198,-0.470766276,0.3431710192,-1.41574741,3.663085212,2,0.002,0.064,0.934,0,0
50,12,12,9.753184482,398.6591954,3.512125881,25.24803038,-766047.1713,2412350.058,8,8,0.3798925845,794.8317607,1.381976598,35.58523029,-766123.9779,2412220.771,179.993995,1052.760074,0.1052760074,0.1052760074,0.01079401375,150.3813518,Retain,2.277593845,-0.9678667386,-3.245460584,0.6900235653,-0.9327067266,0.3431710192,-4.430320895,4.446749083,2,0,0.036,0.964,0,0
51,12,12,9.753184482,398.6591954,3.512125881,25.24803038,-766047.1713,2412350.058,15,15,0.2532617229,794.8317608,1.128379167,25.16255765,-765889.1273,2412036.245,178.113595,1025.68285,0.102568285,0.102568285,0.01051638931,351.3638447,Retain,2.277593845,-1.373331847,-3.650925692,0.6900235655,-1.135439281,-0.003390931137,-4.454422141,5.295393147,2,0,0.024,0.976,0,0
52,12,12,9.753184482,398.6591954,3.512125881,25.24803038,-766047.1713,2412350.058,18,18,0.1899462922,1059.775681,1.302940032,0,-765809.4459,2412015.277,201.3004612,1899.462922,0.1899462922,0.1899462922,0.01947531009,410.5999005,Retain,2.277593845,-1.661013919,-3.938607765,0.977705638,-0.9915982444,-10.13654303,-3.869887394,5.451189718,2,0,0.006,0.994,0,0
53,12,12,9.753184482,398.6591954,3.512125881,25.24803038,-766047.1713,2412350.058,21,21,1.266308615,556.3822325,1.766192765,0,-765777.154,2411909.174,506.3478085,8196.122148,0.8196122148,0.8196122148,0.08403534418,516.9991061,Retain,2.277593845,0.2361060656,-2.04148778,0.3333486215,-0.6873952683,-10.13654303,-2.378001944,5.6816111,2,0,0.002,0.996,0.002,0
54,57,57,0.5737167342,616.1096657,1.316442362,75.74409114,-763494.3149,2403164.561,70,70,0.5065234459,596.1238206,1.196826841,75.48767295,-763514.411,2403163.298,262.6949523,3387.504447,0.3387504447,0.3387504447,0.5904489524,20.1356799,Retain,-0.5556194989,-0.6801846663,-0.1245651675,-0.03297657823,-0.09525916197,-0.003391020923,0.3650751019,3.852717715,3,0.03,0.122,0.03,0.8,0.018
55,60,60,0.7649556455,528.0939992,1.302940032,35.70610698,-763638.7897,2403133.001,75,75,0.8864160303,510.9632748,1.357074079,35.58523029,-763660.4437,2403135.889,365.2255829,5038.634358,0.5038634358,0.5038634358,0.6586832044,21.84570337,Retain,-0.2679374266,-0.1205688784,0.1473685482,-0.03297657835,0.04070769573,-0.003390970688,0.6560231151,3.790383691,3,0.01,0.004,0,0.736,0.25
56,63,63,8.542004709,206.9024997,1.705849485,56.45631223,-761782.7455,2402918.612,83,83,9.37068375,214.8193948,1.855043924,56.26518939,-761807.3524,2402926.719,1765.439647,75780.00315,7.578000315,7.578000315,0.8871454153,25.90801598,Retain,2.144995724,2.237586066,0.09259034206,0.0375499847,0.08384515573,-0.003391005726,2.054213424,2.754458097,4,0.066,0.01,0.004,0.048,0.872
57,65,65,0.5099704304,792.1409987,1.595769122,56.45631223,-762058.6838,2402683.796,85,85,0.6331543074,635.8654086,1.427299293,56.26518939,-762087.0649,2402690.871,344.3811858,2707.910229,0.2707910229,0.2707910229,0.5309935768,29.24961364,Retain,-0.6734025345,-0.457041115,0.2163614195,-0.2197524854,-0.1115717756,-0.003391005726,0.1238850546,4.284966763,3,0.012,0.02,0.036,0.564,0.368
58,73,73,2.422359544,437.7621309,1.921996357,25.24803038,-760361.4182,2400868.098,95,95,2.469301799,427.9863327,1.897195365,25.16255765,-760395.6249,2400869.554,884.3887854,18080.83956,1.808083956,1.808083956,0.7464143627,34.23761961,Retain,0.8847420835,0.9039354382,0.01919335471,-0.0225844206,-0.01298774325,-0.003390931359,1.076982462,3.663348136,3,0.066,0.004,0,0.832,0.098
59,74,74,0.5099704304,594.105749,1.196826841,75.74409113,-760086.1815,2400323.106,96,96,0.5065234459,596.1238205,1.196826841,75.48767295,-760117.4657,2400326.22,233.6232749,2579.702802,0.2579702802,0.2579702802,0.505853408,31.4388676,Retain,-0.6734025345,-0.6801846663,-0.006782131821,0.003391065904,0,-0.003391020973,0.02336796136,4.357142966,3,0.004,0.006,0.014,0.936,0.04
60,75,75,0.3824778228,660.1174989,1.151647165,153.5777732,-761572.6593,2400080.093,97,97,0.3798925845,662.3598006,1.151647165,153.0578628,-761598.9113,2400084.03,191.6744872,2294.105556,0.2294105556,0.2294105556,0.5998009347,26.54561244,Retain,-0.961084607,-0.9678667387,-0.006782131698,0.003391065835,0,-0.0033910438,0.40380593,4.331809394,3,0.004,0.002,0.002,0.976,0.016
61,76,76,0.1912389114,1056.187998,1.302940032,100.9921215,-761412.7551,2399899.149,98,98,0.253261723,993.5397009,1.410473959,75.48767294,-761429.064,2399901.602,147.8562485,1120.401907,0.1120401907,0.1120401907,0.5858650309,16.49236313,Retain,-1.654231787,-1.373331847,0.2808999407,-0.06114745525,0.07930251505,-0.2910697929,0.346191169,4.202438902,3,0.002,0.002,0,0.83,0.166
62,77,77,2.549852152,376.2669744,1.69491791,56.45631222,-760538.1212,2400010.03,99,99,2.53261723,377.5450863,1.69491791,56.26518939,-760567.8755,2400014.204,889.9011193,16815.85655,1.681585655,1.681585655,0.6594835913,30.04565117,Retain,0.9360353779,0.9292532462,-0.00678213169,0.00339106586,0,-0.003391005755,0.6595765542,3.507098467,3,0.076,0.01,0.002,0.888,0.024
63,82,82,7.968287975,190.1138397,1.513879513,100.9921215,-759092.4947,2399601.29,105,105,8.167690566,191.006082,1.539897814,100.6502306,-759112.4995,2399597.457,1481.836321,71623.31175,7.162331175,7.162331175,0.8988544588,20.36858382,Retain,2.075469661,2.100186196,0.02471653533,0.00468222162,0.01704048929,-0.003391032165,2.175834367,2.548672911,4,0.152,0.028,0.018,0.282,0.52
64,85,85,1.019940861,495.0881242,1.410473959,100.9921215,-759235.6384,2399308.45,107,107,0.8231005996,550.268142,1.408302327,100.6502306,-759260.729,2399320.444,422.7866084,5372.932119,0.5372932119,0.5372932119,0.5267885938,27.8096104,Retain,0.01974464608,-0.1946768505,-0.2144214966,0.105669915,-0.00154083325,-0.003391032165,0.1070425861,3.887910237,1,0.126,0.464,0.018,0.386,0.006
65,96,96,360.3578554,103.2739989,5.53035562,25.24803038,-760632.6045,2401599.734,119,119,359.3783849,106.9858113,5.721333039,25.16255765,-760641.3642,2401622.054,38703.96242,3364375.689,336.4375689,336.4375689,0.9336207437,23.97758858,Retain,5.88709758,5.88437583,-0.002721750121,0.03531058124,0.03394970618,-0.003390931359,2.629803625,0.8059774422,1,0.23,0.414,0.176,0.072,0.108
66,96,96,360.3578554,103.2739989,5.53035562,25.24803038,-760632.6045,2401599.734,102,102,0.1266308614,1192.247641,1.196826841,25.16255765,-761724.7241,2399656.267,139.2980264,1108.791414,0.1108791414,0.1108791414,3.076917562e-4,2229.302332,Retain,5.88709758,-2.066479028,-7.953576608,2.446209939,-1.530578365,-0.003390931359,-6.640183783,5.338260561,2,0,0,1,0,0
68,21,21,0.2549852152,792.1409988,1.128379167,25.24803038,-758227.2952,2405508.42,28,28,0.3798925845,662.3598006,1.151647165,25.16255765,-758227.1285,2405519.143,180.367016,2004.059748,0.2004059748,0.2004059748,0.7859513527,10.72443633,Retain,-1.366549715,-0.9678667387,0.3986829765,-0.178930491,0.02041099727,-0.003390931433,1.297302164,3.628257948,4,0.008,0.006,0,0.316,0.67
69,24,24,50.86955043,128.0528682,2.576400224,25.24803038,-758522.0454,2405158.238,31,31,49.70261313,132.6407142,2.637919455,25.16255765,-758543.9844,2405153.292,6653.701792,455878.74,45.587874,45.587874,0.8961721424,22.48955735,Retain,3.929264521,3.90605751,-0.0232070114,0.03520086438,0.02359735868,-0.003390931433,2.1469282,1.72082823,0,0.442,0.244,0.156,0.068,0.09
70,29,29,0.956194557,580.9033991,1.602404365,56.45631223,-768135.464,2404169.433,40,40,0.8231005996,611.4090467,1.564780364,79.57099392,-768148.9186,2404180.688,465.4558236,6277.564945,0.6277564945,0.6277564945,0.6565154443,17.54197563,Retain,-0.04479387515,-0.1946768505,-0.1498829754,0.05118172969,-0.02375975799,0.343177379,0.646418995,3.459415501,3,0.17,0.108,0.014,0.698,0.01
71,31,31,0.2549852152,792.1409987,1.128379167,35.70610699,-767796.2987,2403993.538,42,42,0.2532617229,794.8317608,1.128379167,25.16255765,-767826.6443,2403984.227,122.329174,824.6643076,0.08246643076,0.08246643076,0.3234165192,31.741885,Retain,-1.366549715,-1.373331847,-0.006782131932,0.003391066003,0,-0.3499529215,-0.7365045206,4.713308406,3,0.002,0.012,0.002,0.968,0.016
72,35,35,0.4462241265,792.1409988,1.49270533,0,-763094.7548,2403915.99,47,47,0.8864160304,624.5106691,1.658646096,75.48767294,-763128.4353,2403957.267,177.760755,475.9856119,0.04759856119,0.04759856119,0.1066696271,53.2741273,Retain,-0.8069339273,-0.1205688783,0.686365049,-0.237770991,0.1054115334,11.2317379,-2.117007721,4.951301474,4,0,0.036,0.056,0.21,0.698
73,38,38,0.2549852152,990.1762484,1.410473959,71.41221397,-763964.9101,2403848.362,52,52,0.3798925845,662.3598006,1.151647165,50.3251153,-763976.773,2403820.67,183.8749733,999.9636216,0.09999636216,0.09999636216,0.3921653343,30.12550379,Retain,-1.366549715,-0.9678667386,0.3986829765,-0.4020740423,-0.202732554,-0.3499587887,-0.4373165246,4.66104511,4,0,0.022,0.01,0.35,0.618
74,45,45,290.5556527,76.12061374,3.660260657,25.24803038,-764779.5358,2404456.095,60,60,251.6155218,77.20308496,3.454605316,50.3251153,-764924.5099,2404503.934,19641.51157,2396862.852,239.6862852,239.6862852,0.8249238415,152.663207,Retain,5.671795134,5.527902215,-0.14389291839999999,0.01412031165,-0.05782614756,0.6897363791,1.545585947,2.76470816,2,0.216,0.126,0.624,0.012,0.022
75,45,45,290.5556527,76.12061374,3.660260657,25.24803038,-764779.5358,2404456.095,34,34,2.53261723,417.2866744,1.873330322,50.3251153,-766116.8485,2404491.881,964.0095517,20581.96525,2.058196525,2.058196525,0.007083656798,1337.791431,Retain,5.671795134,0.9292532462,-4.742541887,1.701454349,-0.6698165948,0.6897363791,-4.811808697,4.935243471,2,0,0,1,0,0
76,45,45,290.5556527,76.12061374,3.660260657,25.24803038,-764779.5358,2404456.095,53,53,17.0951663,200.1798508,2.334812954,25.16255765,-763524.1265,2404059.342,3465.353243,159562.3836,15.95623836,15.95623836,0.05491628955,1316.61151,Retain,5.671795134,2.838795751,-2.832999383,0.9668971115,-0.4496025798,-0.003390931286,-2.828475311,4.919284813,2,0,0.03,0.97,0,0
78,72,72,3147.856228,34.85798972,5.517023702,0,-766314.9967,2407336.111,51,51,2501.782615,28.68499205,4.047385644,0,-766057.0977,2408440.428,74685.31869,24596396.54,2459.639654,2459.639654,0.7813697563,1134.031956,Retain,8.054476938,7.824758803,-0.2297181349,-0.1949083103,-0.3097673777,0,1.270382041,3.57866202,2,0.056,0.094,0.754,0.036,0.06
79,72,72,3147.856228,34.85798972,5.517023702,0,-766314.9967,2407336.111,94,94,527.7974307,82.66784268,5.357538593,0,-767325.977,2402761.232,45526.24172,5079261.552,507.9261552,507.9261552,0.1613562115,4685.253389,Retain,8.054476938,6.268712556,-1.785764382,0.8635483122,-0.02933387857,0,-1.643184983,4.997301966,2,0,0.11,0.888,0,0.002
80,72,72,3147.856228,34.85798972,5.517023702,0,-766314.9967,2407336.111,16,16,1.899462922,503.3934485,1.957122624,0,-766862.9183,2412082.377,826.3499342,9651.638479,0.9651638479,0.9651638479,3.066098888e-4,4777.787953,Retain,8.054476938,0.6415711737,-7.412905764,2.670089697,-1.036363185,0,-6.641012517,5.016859631,2,0,0,1,0,0
81,72,72,3147.856228,34.85798972,5.517023702,0,-766314.9967,2407336.111,41,41,1.582885768,381.5192452,1.354055001,25.16255765,-767660.0681,2404077.328,574.2295389,9603.030311,0.9603030311,0.9603030311,3.050657214e-4,3525.461743,Retain,8.054476938,0.4592496169,-7.595227321,2.392878924,-1.404734736,10.1331521,-6.642196571,4.712893455,2,0,0,1,0,0
83,72,72,3147.856228,34.85798972,5.517023702,0,-766314.9967,2407336.111,77,77,0.2532617229,993.539701,1.410473959,0,-769311.2352,2403015.468,189.4069444,1448.818569,0.1448818569,0.1448818569,4.602556356e-5,5257.88893,Retain,8.054476938,-1.373331847,-9.427808784,3.349991651,-1.363912741,0,-6.863710994,5.112611545,2,0,0,1,0,0
84,72,72,3147.856228,34.85798972,5.517023702,0,-766314.9967,2407336.111,80,80,0.5698388767,618.2024806,1.316442362,56.26518939,-769374.1416,2402881.268,291.5956841,3324.000508,0.3324000508,0.3324000508,1.055956901e-4,5404.071718,Retain,8.054476938,-0.5624016307,-8.616878568,2.875533671,-1.432905613,10.93784909,-6.808265008,5.140034629,2,0,0,1,0,0
85,72,72,3147.856228,34.85798972,5.517023702,0,-766314.9967,2407336.111,88,88,51.72870692,130.3640832,2.644958326,0,-768983.0902,2403038.229,6720.408176,486007.8447,48.60078447,48.60078447,0.0154393279,5058.706742,Retain,8.054476938,3.946012887,-4.108464051,1.319048805,-0.7351832208,0,-4.093534183,5.073992817,2,0,0.002,0.998,0,0
87,41,41,0.5099704304,594.105749,1.196826841,25.24803038,-765918.4765,2403725.278,54,54,0.5065234459,596.1238205,1.196826841,35.58523029,-765930.0165,2403716.875,262.5349559,3672.173023,0.3672173023,0.3672173023,0.7200756758,14.27517809,Retain,-0.6734025345,-0.6801846663,-0.006782131775,0.00339106587,0,0.3431710194,0.9426587673,3.567658491,3,0.012,0.012,0.002,0.934,0.04
88,43,43,0.4462241266,678.9779989,1.279461712,25.24803038,-763195.7469,2403605.8,58,58,0.5698388766,794.8317608,1.692568751,25.16255765,-763203.7233,2403619.37,261.1564431,2695.723961,0.2695723961,0.2695723961,0.6041188272,15.74016116,Retain,-0.8069339271,-0.5624016307,0.2445322964,0.1575417458,0.279807894,-0.003390931359,0.4217879244,3.732110918,3,0.02,0.02,0.006,0.552,0.402
89,44,44,1.529911291,528.0939992,1.842635464,25.24803038,-765934.2565,2403569.581,56,56,0.1899462922,1059.775681,1.302940032,35.58523029,-766027.5214,2403644.532,162.910398,1098.019745,0.1098019745,0.1098019745,0.0717701576,119.6494218,Retain,0.4252097541,-1.661013919,-2.086223673,0.6965382463,-0.3465735903,0.3431710192,-2.547050169,5.144334406,2,0,0.358,0.642,0,0
90,44,44,1.529911291,528.0939992,1.842635464,25.24803038,-765934.2565,2403569.581,59,59,1.139677753,485.7305204,1.462788361,35.58523029,-765928.2691,2403536.893,515.6990415,9085.274906,0.9085274906,0.9085274906,0.5938432482,33.23271417,Retain,0.4252097541,0.13074555,-0.2944642041,-0.08362031119,-0.2308524132,0.3431710192,0.3790996716,3.863324914,1,0.046,0.408,0.346,0.198,0.002
91,47,47,0.318731519,792.1409988,1.261566261,35.70610699,-763405.6663,2403319.416,62,62,0.3165771537,794.8317607,1.261566261,35.58523029,-763425.7129,2403312.387,197.8504219,1448.307997,0.1448307997,0.1448307997,0.4543974823,21.24324595,Retain,-1.143406164,-1.150188295,-0.006782131503,0.003391065759,0,-0.003390970873,-0.1825512547,4.200154105,3,0.006,0.02,0.002,0.958,0.014
92,48,48,3.059822583,363.0646244,1.791542544,25.24803038,-763284.2653,2403450.705,63,63,3.039140676,364.2978903,1.791542544,25.16255765,-763304.723,2403443.756,1053.206436,22811.70871,2.281170871,2.281170871,0.7455239018,21.60571951,Retain,1.118356935,1.1115748029999999,-0.006782131761,0.003391065889,0,-0.003390931359,1.072298779,3.08619083,3,0.102,0.006,0.002,0.872,0.018
93,50,50,18.29518919,215.285707,2.597638533,25.24803038,-763768.886,2403598.059,64,64,17.85495147,214.2099781,2.55337206,25.16255765,-763791.4445,2403597.776,3938.381978,153892.4097,15.38924097,15.38924097,0.8411632596,22.56023423,Retain,2.90663814,2.882280863,-0.02435727657,-0.005009275698,-0.01718791399,-0.003390931286,1.661820969,2.235279007,0,0.626,0.066,0.064,0.146,0.098
94,51,51,0.3824778228,792.1409987,1.381976598,0,-762586.7885,2403257.137,67,67,0.4432080152,681.2843663,1.279461712,0,-762612.6029,2403256.31,243.2181188,2428.008619,0.2428008619,0.2428008619,0.6348103012,25.82763833,Retain,-0.961084607,-0.8137160589,0.1473685481,-0.150759614,-0.07707533992,0,0.5517487486,4.304391136,3,0.012,0.002,0.012,0.814,0.16
95,53,53,0.6374630381,554.4986991,1.248886881,35.70610698,-763751.5643,2403253.771,66,66,0.6331543075,556.3822325,1.248886881,35.58523029,-763770.44,2403272.126,278.4109856,3768.461597,0.3768461597,0.3768461597,0.5911655064,26.32925848,Retain,-0.4502589831,-0.4570411149,-0.006782131769,0.003391065877,0,-0.003390970688,0.3680327632,4.068213225,3,0.012,0.01,0.002,0.948,0.028
97,58,58,17.97645767,176.9676699,2.116611049,0,-762781.3416,2403462.613,71,71,16.77858915,185.9606384,2.148789218,0,-762800.4471,2403467.065,3085.474857,150724.8149,15.07248149,15.07248149,0.8384567064,19.61743067,Retain,2.889062995,2.820103618,-0.06895937669,0.04956796948,0.01508828114,0,1.641810516,2.10430291,0,0.704,0.074,0.072,0.098,0.052
98,13,13,1.402418684,432.0769084,1.44342748,104.1002961,-769120.6727,2411144.469,23,23,1.582885769,476.8990564,1.692568751,103.747883,-769127.5485,2411160.085,637.6136591,11209.74366,1.120974366,1.120974366,0.7993150545,17.06303544,Retain,0.3381983771,0.4592496169,0.1210512398,0.09870124563,0.1592268655,-0.003391033184,1.378298664,3.240238813,4,0.104,0.002,0.004,0.356,0.534
99,16,16,0.2549852152,990.1762484,1.410473959,25.24803038,-768395.9395,2409182.008,24,24,0.253261723,993.5397008,1.410473959,25.16255764,-768424.255,2409180.295,94.7288559,558.3954778,0.05583954778,0.05583954778,0.2189913157,28.36733535,Retain,-1.366549715,-1.373331847,-0.006782131654,0.003391065777,0,-0.003390931434,-1.268277774,4.600913371,3,0.002,0.02,0,0.974,0.004
100,17,17,0.3824778227,660.117499,1.151647165,25.24803038,-768578.9877,2409156.76,25,25,0.3798925844,662.3598006,1.151647165,25.16255765,-768606.6836,2409155.132,193.4058399,1680.620562,0.1680620562,0.1680620562,0.4394034011,27.74366864,Retain,-0.9610846072,-0.9678667388,-0.006782131587,0.003391065784,0,-0.003390931433,-0.2430926689,4.375950947,3,0.002,0.008,0.004,0.974,0.012
102,19,19,1.083687165,465.9652934,1.368360733,25.24803038,-768468.3419,2409098.838,26,26,1.076362323,467.5480946,1.368360733,25.16255764,-768496.4124,2409097.407,445.0314164,7165.117401,0.7165117401,0.7165117401,0.6611795023,28.10693449,Retain,0.08036926782,0.07358713604,-0.00678213178,0.003391065888,0,-0.003390931434,0.6671191403,3.868232212,3,0.018,0.012,0.004,0.952,0.014
104,22,22,0.3824778228,660.1174989,1.151647165,227.2322734,-768604.2357,2405344.308,29,29,0.3798925845,662.3598006,1.151647165,366.3723696,-768631.8461,2405330.424,169.0644346,1407.501539,0.1407501539,0.1407501539,0.3679955949,30.90462413,Retain,-0.9610846069,-0.9678667387,-0.006782131734,0.003391065857,0,0.4776758228,-0.5396926753,4.483845424,3,0.002,0.01,0,0.978,0.01
105,23,23,1.912389114,633.712799,2.472154893,227.2322734,-768580.6709,2405007.667,30,30,0.253261723,794.8317607,1.128379167,366.3723696,-768480.8708,2404915.241,145.2249166,1121.613107,0.1121613107,0.1121613107,0.05864983748,136.0241182,Retain,0.6483533055,-1.373331847,-2.021685152,0.2265346172,-0.784307959,0.4776758228,-2.759885504,5.161027851,2,0,0.294,0.704,0.002,0
106,26,26,0.318731519,792.1409987,1.261566261,107.118321,-768248.2385,2404329.337,37,37,0.3165771537,794.8317607,1.261566261,90.72489182,-768251.8915,2404318.889,223.8341319,2449.846799,0.2449846799,0.2449846799,0.7686239524,11.06805755,Retain,-1.143406164,-1.150188296,-0.006782131828,0.003391065922,0,-0.1661005792,1.197545068,3.548221632,3,0.084,0.014,0,0.87,0.032
107,28,28,0.3824778228,660.1174989,1.151647165,147.2200506,-769184.9404,2404182.898,39,39,0.3798925844,662.3598007,1.151647165,146.7216632,-769210.585,2404198.109,170.3429503,1496.003857,0.1496003857,0.1496003857,0.3911347974,29.81610779,Retain,-0.961084607,-0.9678667389,-0.006782131883,0.003391065991,0,-0.003391042771,-0.4416323016,4.447989562,3,0.002,0.002,0,0.986,0.01
108,34,34,1.083687165,605.7548814,1.778868953,0,-768304.9723,2403995.766,44,44,1.013046892,596.1238205,1.692568751,0,-768334.6134,2404004.671,458.5087762,4042.828987,0.4042828987,0.4042828987,0.373062367,30.95009265,Retain,0.08036926776,0.01296251426,-0.0674067535,-0.01602702007,-0.04973039682,0,-0.5180183106,3.964588611,3,0.034,0.096,0.05,0.784,0.036
109,54,54,1.083687165,419.368764,1.23152466,25.24803038,-769331.2305,2403216.047,69,69,1.076362323,420.7932851,1.23152466,25.16255765,-769356.3798,2403209.368,390.0236237,7923.37499,0.792337499,0.792337499,0.7311496573,26.02107055,Retain,0.08036926776,0.07358713609,-0.006782131675,0.003391065824,0,-0.003390931433,0.9981174239,3.791125354,3,0.016,0.006,0.004,0.962,0.012
110,67,67,4.972211696,335.1365764,2.108102398,50.49606075,-768777.735,2402217.76,89,89,4.558711013,364.2978903,2.194182542,56.26518939,-768800.9944,2402219.703,1602.612864,36589.58749,3.658958749,3.658958749,0.7358815297,23.34041869,Retain,1.60386475,1.517039911,-0.08682483943,0.08343377356,0.04002135384,0.1081786794,1.022250349,2.920661976,0,0.454,0.042,0.028,0.446,0.03
111,79,79,2.741091063,460.5470923,2.150952622,25.24803037,-768939.2125,2399795.612,101,101,2.722563522,462.1114888,2.150952622,25.16255766,-768965.6889,2399800.513,1278.395466,17882.20279,1.788220279,1.788220279,0.6523753635,26.92606008,Retain,1.008356039,1.001573908,-0.006782131756,0.003391065882,0,-0.003390930546,0.6281559902,3.361318655,3,0.086,0.014,0.002,0.872,0.026
112,52,52,0.2549852152,990.1762484,1.410473959,25.24803038,-764110.0863,2403223.473,68,68,0.2532617229,993.5397009,1.410473959,25.16255765,-764127.7483,2403216.769,203.3206766,1538.541213,0.1538541213,0.1538541213,0.6033844793,18.89157378,Retain,-1.366549715,-1.373331847,-0.006782131858,0.003391065936,0,-0.003390931359,0.4187250404,4.194408723,3,0.006,0.006,0,0.972,0.016
113,64,64,0.2549852152,990.1762485,1.410473959,656.4487898,-764728.6631,2402655.392,84,84,0.3798925844,927.3037209,1.612306031,677.5225995,-764748.4247,2402646.418,202.1350074,1231.67137,0.123167137,0.123167137,0.4830363866,21.70414861,Retain,-1.366549715,-0.9678667387,0.3986829765,-0.06560180564,0.1337396826,0.03159817615,-0.06774491272,4.333189296,3,0.002,0.004,0.004,0.554,0.436
114,66,66,2.741091063,386.8595575,1.806800203,0,-766939.9208,2402707.943,86,86,2.785878953,361.287164,1.701095599,0,-766945.9548,2402710.658,991.1789309,24128.40862,2.412840862,2.412840862,0.8802483412,6.61660651,Retain,1.008356039,1.024563426,0.01620738649,-0.06838861652,-0.06028492328,0,1.987603441,1.957920673,3,0.172,0.006,0.004,0.62,0.198
115,69,69,0.8924482531,565.8149991,1.507860088,75.74409114,-765958.6028,2401829.421,91,91,0.8231005996,550.2681421,1.408302327,100.6502306,-765986.8742,2401807.666,376.6898778,5495.946986,0.5495946986,0.5495946986,0.6158280849,35.67307692,Retain,-0.1137867467,-0.1946768505,-0.08089010383,-0.02786147766,-0.06830652959,0.2842877396,0.4709005871,4.203682605,3,0.048,0.03,0.014,0.886,0.022
116,70,70,0.318731519,792.1409987,1.261566261,91.03306813,-766172.8504,2401693.442,92,92,0.3165771537,794.8317607,1.261566261,90.72489182,-766183.5293,2401691.918,227.594932,2539.972188,0.2539972188,0.2539972188,0.7969002238,10.78714192,Retain,-1.143406164,-1.150188296,-0.006782131754,0.003391065892,0,-0.003391028539,1.363374584,3.522515585,3,0.08,0.008,0,0.852,0.06
117,88,88,0.5099704304,594.105749,1.196826841,252.4803038,-767468.0743,2399145.916,110,110,0.5065234459,596.1238205,1.196826841,251.6255765,-767499.531,2399153.016,225.3507429,1776.387887,0.1776387887,0.1776387887,0.3483315465,32.24792565,Retain,-0.6734025345,-0.6801846663,-0.006782131839,0.003391065935,0,-0.003391052409,-0.625047811,4.38255094,3,0.004,0.02,0.012,0.928,0.036
118,90,90,1.083687165,465.9652933,1.368360733,50.49606075,-767436.143,2398770.909,113,113,1.266308615,437.1574684,1.387722887,50.3251153,-767476.8847,2398783.126,390.1836202,6400.502481,0.6400502481,0.6400502481,0.5906227083,42.5341914,Retain,0.08036926788,0.2361060656,0.1557367977,-0.06381768377,0.01405071508,-0.0033909985139999998,0.3657921544,4.282512075,4,0.01,0.004,0.004,0.436,0.546
119,92,92,1.147433468,440.0783326,1.329807601,50.49606075,-767536.8051,2398601.681,115,115,1.139677753,441.5732004,1.329807601,50.3251153,-767542.8665,2398610.623,474.0702466,9599.365558,0.9599365558,0.9599365558,0.8365945235,10.80290342,Retain,0.1375276817,0.13074555,-0.006782131776,0.003391065891,0,-0.0033909985139999998,1.628198327,2.883508598,3,0.098,0.002,0.006,0.828,0.066
120,95,95,0.3824778227,660.117499,1.151647165,79.84128244,-767392.3303,2398502.091,117,117,0.3798925845,662.3598005,1.151647165,90.72489182,-767398.8808,2398486.208,207.1852723,2619.874152,0.2619874152,0.2619874152,0.6849741335,17.18105241,Retain,-0.9610846072,-0.9678667386,-0.006782131415,0.003391065656,0,0.1277895638,0.7750158546,3.896772621,3,0.008,0.004,0,0.978,0.01
121,102,102,0.5737167341,616.1096657,1.316442362,79.84128243,-767643.4079,2397696.96,125,125,0.1266308615,1192.247641,1.196826841,196.5258577,-767688.2502,2397693.587,113.7147511,730.9086178,0.07309086178,0.07309086178,0.1273988668,44.96893935,Retain,-0.555619499,-2.066479027,-1.510859528,0.6601706022,-0.09525916196,0.9007458833,-1.917482337,4.656168945,1,0,0.86,0.136,0.004,0
122,104,104,1.274926076,475.2845993,1.513879513,0,-767999.5454,2397696.679,128,128,1.076362323,467.5480946,1.368360733,35.58523029,-768031.6451,2397679.526,376.731957,7200.790834,0.7200790834,0.7200790834,0.5648006555,36.39535744,Retain,0.2428881973,0.07358713611,-0.1693010612,-0.01641156144,-0.101062092,10.47971405,0.2601424663,4.045389544,3,0.048,0.26,0.132,0.538,0.022
123,105,105,1.721150203,469.4168881,1.737253376,50.49606076,-767829.4952,2397553.888,130,130,0.5065234459,596.1238206,1.196826841,106.7556909,-767892.696,2397508.014,241.9434017,2800.329114,0.2800329114,0.2800329114,0.1627010304,78.09451092,Retain,0.5429927898,-0.6801846663,-1.223177456,0.2389571372,-0.3726315908,0.7486371964,-1.633333024,4.658801125,2,0.002,0.296,0.7,0.002,0
125,80,80,0.3824778228,792.1409987,1.381976598,25.24803037,-769142.8604,2399642.461,103,103,0.3798925845,794.8317607,1.381976598,25.16255766,-769168.6474,2399647.879,200.6783957,1741.635689,0.1741635689,0.1741635689,0.4553559932,26.35017451,Retain,-0.9610846069,-0.9678667387,-0.00678213171,0.00339106583,0,-0.003390930546,-0.1786935693,4.324420094,3,0.002,0.01,0.004,0.97,0.014
126,81,81,0.4462241266,678.9779989,1.279461712,35.70610698,-769601.5329,2399537.261,104,104,0.4432080152,681.2843664,1.279461712,35.5852303,-769625.7672,2399517.873,215.219709,2558.175129,0.2558175129,0.2558175129,0.5732937725,31.035142660000002,Retain,-0.8069339272,-0.813716059,-0.006782131795,0.003391065927,0,-0.003390970503,0.2947044887,4.410984324,3,0.008,0.008,0,0.972,0.012
128,84,84,0.5099704304,693.1233739,1.396297981,75.74409114,-770169.6136,2399429.956,106,106,0.8231005996,672.5499514,1.7212584,271.0090398,-770223.8618,2399426.901,296.018368,2910.836824,0.2910836824,0.2910836824,0.5707854123,54.33419402,Retain,-0.6734025346,-0.1946768505,0.4787256841,-0.03013162617,0.2092312159,1.274782229,0.2844796425,4.904238368,4,0.002,0.002,0.002,0.134,0.86
129,86,86,3.442300405,308.0548328,1.612306031,35.70610698,-769760.9696,2399342.29,108,108,3.482348691,289.0297312,1.521506159,35.5852303,-769778.5725,2399340.82,969.8637765,28836.75574,2.883675574,2.883675574,0.8377175825,17.66419508,Retain,1.23613997,1.247706977,0.01156700691,-0.06374823695,-0.0579647335,-0.003390970503,1.636392714,2.825891282,3,0.21,0.012,0.016,0.562,0.2
130,87,87,2.996076279,303.3731484,1.481319159,50.49606076,-768917.6873,2399195.606,109,109,3.41903326,250.2248136,1.30520012,35.58523029,-768931.9329,2399186.566,818.0954198,27341.29946,2.734129946,2.734129946,0.9125702058,16.87208842,Retain,1.097303525,1.229357839,0.1320543131,-0.1926037928,-0.1265766363,-0.3499563583,2.335151275,2.849433132,4,0.282,0.012,0.03,0.124,0.552
131,89,89,3.378554102,298.9211316,1.549947987,357.0610698,-770720.0683,2398956.556,112,112,3.292402399,290.4192972,1.486541345,374.0683119,-770688.4013,2398940.586,862.997793,23686.05401,2.368605401,2.368605401,0.7010707331,35.46607327,Retain,1.217447837,1.191617511,-0.02583032673,-0.02885403353,-0.04176919689,0.04653147429,0.8504874885,3.532245777,3,0.142,0.04,0.018,0.758,0.042
132,91,91,0.2549852152,792.1409987,1.128379167,91.03306814,-769891.8853,2398615.707,114,114,0.1266308615,1192.247641,1.196826841,352.2758071,-769902.5553,2398624.602,133.3570144,1044.647474,0.1044647474,0.1044647474,0.4096894297,13.89114582,Retain,-1.366549715,-2.066479027,-0.6999293122,0.4088561739,0.05889151781,1.353183439,-0.3645040956,3.886963432,1,0.11,0.728,0.038,0.124,0
133,93,93,2.167374329,396.0704994,1.644881161,100.9921215,-771135.7221,2398522.884,116,116,2.152724645,397.4158804,1.644881161,100.6502306,-771104.4375,2398506.93,732.1884958,14721.3169,1.47213169,1.47213169,0.679223552,35.11760874,Retain,0.7735164484,0.7667343167,-0.006782131725,0.003391065872,0,-0.003391032239,0.7485644537,3.744337872,3,0.03,0.002,0,0.956,0.012
134,97,97,0.3824778227,660.117499,1.151647165,100.9921215,-771103.7907,2398325.355,120,120,0.3798925845,662.3598006,1.151647165,100.6502306,-771072.6142,2398310.07,159.1299606,1160.409406,0.1160409406,0.1160409406,0.3033925989,34.72182722,Retain,-0.9610846072,-0.9678667387,-0.006782131513,0.003391065695,0,-0.003391032239,-0.8293381701,4.600304562,3,0.002,0.016,0,0.974,0.008
135,110,110,175.8760522,120.0126631,4.489784489,0,-768569.3469,2398246.106,133,133,167.5326297,123.7606521,4.518844114,0,-768587.6167,2398247.268,21502.88747,1537655.254,153.7655254,153.7655254,0.8742834712,18.30668365,Retain,5.169779498,5.121178137,-0.04860136127,0.03075221223,0.006451531592,0,1.932595266,0.8947960374,0,0.436,0.27,0.202,0.036,0.056
136,110,110,175.8760522,120.0126631,4.489784489,0,-768569.3469,2398246.106,111,111,0.1266308615,1192.247641,1.196826841,50.3251153,-769210.585,2399014.622,135.2991309,882.0224958,0.08820224958,0.08820224958,5.015023278e-4,1000.900808,Retain,5.169779498,-2.066479028,-7.236258526,2.295998316,-1.322130947,10.82627941,-6.501787494,4.896131874,2,0,0,1,0,0
137,110,110,175.8760522,120.0126631,4.489784489,0,-768569.3469,2398246.106,118,118,0.3165771537,794.8317607,1.261566261,25.16255765,-769540.2145,2398415.753,202.7297413,1080.5769,0.10805769,0.10805769,6.14396836e-4,985.5778701,Retain,5.169779498,-1.150188295,-6.319967793,1.890533208,-1.269450689,10.1331521,-6.429179397,4.880704348,2,0,0,1,0,0
138,110,110,175.8760522,120.0126631,4.489784489,0,-768569.3469,2398246.106,121,121,1.519570338,364.2978903,1.266811881,0,-767364.2823,2398210.468,553.5762683,14361.28583,1.436128583,1.436128583,0.008165572092,1205.591512,Retain,5.169779498,0.4184276224,-4.751351876,1.11037465,-1.265301288,0,-4.68510961,5.08220163,2,0,0,1,0,0
139,99,99,1.976135418,357.7410962,1.418640168,25.24803038,-768638.85,2398219.476,122,122,1.456254907,414.6948317,1.411699925,25.16255765,-768680.5302,2398225.83,520.0764736,8912.328756,0.8912328756,0.8912328756,0.4509978757,42.16179066,Retain,0.6811431283,0.3758680081,-0.3052751202,0.1477333746,-0.004904185553,-0.003390931433,-0.1962446605,3.973331473,1,0.084,0.698,0.112,0.106,0
140,100,100,1.211179772,458.6079466,1.423773641,282.2920001,-770760.2846,2397934.675,123,123,1.202993184,460.1657562,1.423773641,281.3259469,-770730.271,2397920.713,466.5509072,8543.547536,0.8543547536,0.8543547536,0.7053905401,33.10236563,Retain,0.1915949029,0.1848127712,-0.006782131652,0.00339106582,0,-0.003428033915,0.8711290665,3.976202449,3,0.01,0.018,0,0.954,0.018
141,109,109,0.7012093417,792.1409988,1.871205159,25.24803038,-769080.5054,2397253.461,132,132,0.3165771537,953.7981129,1.513879513,56.26518939,-769107.4185,2397212.983,122.3072759,897.0866613,0.08970866613,0.08970866613,0.1279342142,48.609164,Retain,-0.3549488035,-1.150188296,-0.795239492,0.1857126226,-0.2119071234,0.8013060569,-1.912708602,4.63367199,1,0.018,0.678,0.27,0.034,0
143,112,112,6.565869291,261.4834365,1.890102551,25.24803038,-769388.2729,2397188.703,136,136,6.648120228,272.5137465,1.982133561,56.26518939,-769413.2035,2397181.11,1661.006718,54508.66471,5.450866471,5.450866471,0.83018199559999994,26.06137245,Retain,1.881884912,1.894334142,0.01244923021,0.04131811776,0.04754273287,0.8013060567,1.582250091,2.891915092,4,0.174,0.048,0.016,0.322,0.44
144,122,122,6.757108203,224.1908487,1.643968099,25.24803038,-768313.1688,2396634.69,151,151,4.24213386,308.4421758,1.792094926,50.3251153,-768342.4767,2396630.939,1397.36102,38281.71242,3.828171242,3.828171242,0.5665398757,29.5469714,Retain,1.910595018,1.445066411,-0.4655286065,0.3190366969,0.08627239371,0.689736379,0.2672068459,3.003082526,1,0.222,0.57,0.19,0.008,0.01
145,123,123,18.35893549,239.2925934,2.892331533,50.49606076,-769182.3104,2396615.239,145,145,0.253261723,993.5397009,1.410473959,25.16255765,-769160.2598,2396548.691,219.8187718,931.9361149,0.09319361149,0.09319361149,0.005076199081,70.10637155,Retain,2.910116404,-1.373331847,-4.283448251,1.423586979,-0.7181371467,-0.6965183089,-5.0992914,3.367334687,2,0,0.004,0.996,0,0
146,123,123,18.35893549,239.2925934,2.892331533,50.49606076,-769182.3104,2396615.239,147,147,8.294321427,248.7641388,2.021032384,25.16255765,-769411.9815,2396672.199,2014.092001,72616.02219,7.261602219,7.261602219,0.3955350364,236.6287695,Retain,2.910116404,2.115571115,-0.7945452887,0.03881817085,-0.3584544735,-0.6965183089,-0.4232322964,4.583803507,2,0.012,0.082,0.886,0.012,0.008
147,123,123,18.35893549,239.2925934,2.892331533,50.49606076,-769182.3104,2396615.239,152,152,6.141596782,237.630114,1.661258417,35.58523029,-768854.5477,2396585.786,1327.65509,54005.82495,5.400582495,5.400582495,0.294166429,329.0833529,Retain,2.910116404,1.815084771,-1.095031633,-0.006971721159,-0.5544875378,-0.3499563584,-0.873255873,4.913620851,2,0,0.01,0.986,0,0.004
148,126,126,0.7649556456,528.0939992,1.302940032,50.49606076,-769134.4444,2396419.129,154,154,0.4432080152,681.2843663,1.279461712,75.48767294,-769190.8144,2396437.257,218.341979,1925.939316,0.1925939316,0.1925939316,0.251771371,59.2132279,Retain,-0.2679374265,-0.8137160589,-0.5457786324,0.2547054941,-0.01818382213,0.402067486,-1.086558775,4.787495505,1,0.002,0.882,0.06,0.056,0
149,128,128,0.5099704304,594.105749,1.196826841,624.6017765,-771163.7548,2396384.413,162,162,0.5065234459,596.1238205,1.196826841,616.8676833,-771132.3753,2396350.536,171.9508702,1846.411276,0.1846411276,0.1846411276,0.3620624189,46.17696979,Retain,-0.6734025345,-0.6801846663,-0.006782131839,0.00339106591,0,-0.01245971976,-0.5652319951,4.74156905,3,0.004,0.012,0.008,0.942,0.034
150,130,130,0.5737167342,616.1096657,1.316442362,50.49606076,-768207.2806,2396378.451,159,159,0.5065234459,596.1238206,1.196826841,35.58523029,-768219.8092,2396394.57,262.0002214,3809.121944,0.3809121944,0.3809121944,0.6639377444,20.41542343,Retain,-0.5556194989,-0.6801846663,-0.1245651674,-0.0329765783,-0.095259162,-0.3499563583,0.679425771,3.86651434,3,0.074,0.116,0.062,0.722,0.026
151,14,14,0.3824778227,792.1409988,1.381976598,104.1002961,-769349.0526,2411105.066,22,22,0.253261723,993.5397009,1.410473959,103.747883,-769367.8509,2411111.521,201.7040685,1698.785166,0.1698785166,0.1698785166,0.4441525926,19.87566317,Retain,-0.9610846072,-1.373331847,-0.4122472397,0.2265346171,0.02041099726,-0.003391033184,-0.2238741199,4.042453585,1,0.048,0.64,0.008,0.304,0
152,27,27,1.211179772,416.9163151,1.294339674,225.8252489,-777287.5649,2404289.206,38,38,1.772832061,369.0290318,1.386083521,201.3004612,-777282.374,2404280.786,483.7743195,11051.95226,1.105195226,1.105195226,0.912494785,9.891567799,Retain,0.191594903,0.57257830220000006,0.3809833992,-0.1220102007,0.06848149895,-0.114962302,2.334216191,2.768351239,4,0.02,0,0,0.024,0.956
153,32,32,0.3824778228,792.1409988,1.381976598,225.8252489,-777445.2544,2403972.498,43,43,0.4432080152,681.2843663,1.279461712,201.3004612,-777397.4028,2403964.456,128.2559822,944.9069479,0.09449069479,0.09449069479,0.24704882,48.52254438,Retain,-0.9610846071,-0.8137160589,0.1473685482,-0.150759614,-0.07707533995,-0.114962302,-1.111702036,4.934956378,3,0,0.02,0.046,0.828,0.106
154,46,46,1.019940861,445.5793118,1.269426563,25.24803038,-769369.5666,2403340.245,61,61,1.013046892,447.0928654,1.269426563,25.16255765,-769394.5862,2403333.146,389.5107874,6923.584334,0.6923584334,0.6923584334,0.6788221357,26.00727478,Retain,0.01974464596,0.01296251429,-0.006782131669,0.003391065834,0,-0.003390931433,0.746727432,3.820907368,3,0.01,0.016,0.002,0.96,0.012
155,49,49,2.67734476,358.3494994,1.654070512,214.2366419,-777636.418,2403400.209,65,65,2.975825245,372.0489093,1.810501194,50.3251153,-777604.9748,2403392.907,987.5437424,18219.27897,1.821927897,1.821927897,0.6804980533,32.28005033,Retain,0.9848255421,1.090521394,0.1056958517,0.03751655662,0.09036448248,-1.448561742,0.7544050442,3.554432553,4,0.034,0.01,0.02,0.28,0.656
156,55,55,0.3824778228,660.1174989,1.151647165,896.5717433,-776393.2531,2403160.353,72,72,0.3798925845,662.3598006,1.151647165,864.7284181,-776369.3326,2403128.7,140.9059463,969.6803873,0.09696803873,0.09696803873,0.2535259117,39.67496372,Retain,-0.9610846069,-0.9678667387,-0.006782131796,0.003391065904,0,-0.03616278468,-1.077296995,4.733652803,3,0.002,0.022,0,0.972,0.004
157,56,56,0.1912389114,1056.187998,1.302940032,278.8736105,-769702.525,2403122.481,73,73,0.2532617229,993.539701,1.410473959,277.9295333,-769726.4174,2403128.7,153.9431351,1118.40122,0.111840122,0.111840122,0.5848188591,24.68846975,Retain,-1.654231788,-1.373331847,0.2808999409,-0.06114745536,0.07930251508,-0.003391053718,0.3418900273,4.605857664,3,0,0,0,0.934,0.066
158,61,61,0.7649556456,528.0939992,1.302940032,25.24803038,-777373.7183,2402975.201,76,76,0.506523446,695.4777906,1.396297981,25.16255765,-777363.2536,2403065.794,108.6791517,292.7046498,0.02927046498,0.02927046498,0.03826426428,91.19521559,Retain,-0.2679374265,-0.6801846662,-0.4122472397,0.2753247813,0.06920116146,-0.003390931433,-3.199464157,5.219347057,1,0.016,0.632,0.196,0.154,0.002
159,61,61,0.7649556456,528.0939992,1.302940032,25.24803038,-777373.7183,2402975.201,79,79,0.6331543074,556.3822325,1.248886881,25.16255765,-777317.961,2402960.111,197.8869855,2446.404468,0.2446404468,0.2446404468,0.3198099762,57.76310171,Retain,-0.2679374265,-0.457041115,-0.1891036885,0.05218123002,-0.04237061423,-0.003390931433,-0.7529923301,4.762701161,3,0.024,0.282,0.03,0.66,0.004
160,62,62,0.7012093418,792.1409987,1.871205159,75.74409114,-769466.1117,2402741.465,82,82,0.3798925844,794.8317607,1.381976598,75.48767294,-769437.048,2402730.293,292.0468041,3291.265223,0.3291265223,0.3291265223,0.4693698482,31.13712707,Retain,-0.3549488034,-0.9678667388,-0.6129179354,0.003391065905,-0.3030679018,-0.003391021047,-0.122428748,4.188272364,1,0.01,0.734,0.148,0.108,0
161,68,68,1.274926076,396.0704993,1.261566261,104.1002961,-769472.768,2402104.985,90,90,1.519570338,463.6518604,1.612306031,79.57099392,-769506.245,2402106.471,456.4683797,9433.283016,0.9433283016,0.9433283016,0.7399082341,33.50999553,Retain,0.2428881974,0.4184276224,0.175539425,0.1575417457,0.2453114582,-0.2687022302,1.043004838,3.962794454,4,0.046,0.002,0.002,0.426,0.524
162,78,78,0.7012093417,504.0897265,1.19076692,147.2200506,-769351.3479,2399755.312,100,100,0.3165771537,794.8317607,1.261566261,146.7216632,-769364.0766,2399749.368,251.6255765,3165.771537,0.3165771537,0.3165771537,0.4514730978,14.047843,Retain,-0.3549488036,-1.150188296,-0.795239492,0.4553761895,0.05775644354,-0.003391042795,-0.1943294213,3.392379389,1,0.08,0.818,0.08,0.022,0
163,131,131,0.3824778228,792.1409987,1.381976598,252.4804231,-770472.59,2396191.897,163,163,0.4432080152,794.8317607,1.49270533,251.6255765,-770434.5636,2396185.631,228.2590766,1769.188738,0.1769188738,0.1769188738,0.4625598225,38.53898828,Retain,-0.961084607,-0.813716059,0.147368548,0.003391065899,0.07707533991,-0.003391524991,-0.1497409557,4.704603605,3,0,0.016,0.006,0.914,0.064
164,134,134,0.5737167342,616.1096657,1.316442362,126.2401519,-775248.6757,2396033.395,166,166,0.253261723,993.5397009,1.410473959,125.8127882,-775211.8549,2396013.987,146.650942,857.1862836,0.08571862836,0.08571862836,0.1494093221,41.62270607,Retain,-0.5556194988,-1.373331847,-0.817712348,0.4778490455,0.06899287147,-0.003391038925,-1.733745594,4.578844555,1,0.01,0.892,0.082,0.016,0
165,135,135,0.8924482533,565.8149991,1.507860088,50.49606075,-768988.3665,2395979.092,167,167,0.7597851689,596.1238206,1.465807536,35.58523029,-769026.0595,2395969.952,386.5375647,5105.189142,0.5105189142,0.5105189142,0.5720431547,38.78526271,Retain,-0.1137867466,-0.2747195582,-0.1609328116,0.05218123008,-0.02828517575,-0.3499563583,0.2896047075,4.287324446,3,0.04,0.188,0.032,0.708,0.032
166,139,139,0.318731519,950.5691984,1.513879513,50.49606076,-775252.0421,2395830.85,171,171,0.3165771537,953.7981129,1.513879513,50.32511529,-775206.8224,2395824.009,161.7503434,1195.308395,0.1195308395,0.1195308395,0.3750204556,45.73410694,Retain,-1.143406164,-1.150188296,-0.006782131828,0.003391065949,0,-0.003390998772,-0.5096741486,4.966934232,3,0.004,0,0,0.99,0.006
167,147,147,1.402418684,432.0769084,1.44342748,56.45631222,-768486.029,2395133.775,178,178,1.202993184,460.1657562,1.423773641,79.57099392,-768518.6146,2395123.696,489.5810317,8501.543974,0.8501543974,0.8501543974,0.6062058409,34.10869537,Retain,0.3381983771,0.1848127712,-0.1533856059,0.06298316307,-0.01370963989,0.3431773791,0.4305033326,3.93284742,3,0.08,0.312,0.028,0.574,0.006
169,149,149,0.5099704304,594.105749,1.196826841,25.24803038,-768462.2155,2394894.779,179,179,0.7597851689,662.3598006,1.62867504,25.16255765,-768461.9989,2394906.834,259.716214,3190.787196,0.3190787196,0.3190787196,0.625680825,12.0571702,Retain,-0.6734025345,-0.2747195581,0.3986829764,0.1087515815,0.3080930697,-0.003390931359,0.5126605626,3.398808665,4,0.03,0.014,0.002,0.172,0.782
170,150,150,22.50244524,170.5459374,2.2821874,25.24803038,-768807.9723,2394443.381,181,181,22.35034705,171.1252516,2.2821874,25.16255765,-768820.6366,2394472.245,3917.444817,191750.0944,19.17500944,19.17500944,0.8521300343,31.52046771,Retain,3.113623981,3.106841849,-0.006782131732,0.003391065867,0,-0.003390931359,1.745838768,2.466221781,0,0.544,0.096,0.084,0.178,0.098
171,151,151,0.956194557,528.0939991,1.456731241,312.3103239,-769064.5915,2393541.695,182,182,0.8864160303,567.736972,1.507860088,318.2839757,-769084.7722,2393541.765,450.1378821,8057.317708,0.8057317708,0.8057317708,0.842644172,20.18081553,Retain,-0.04479387511,-0.1205688784,-0.07577500328,0.07238393741,0.03449643577,0.01894660814,1.672886232,3.599543858,3,0.188,0.022,0.002,0.71,0.078
172,158,158,4.079763443,272.2984683,1.551521355,100.9921215,-768784.5224,2392530.932,188,188,2.469301799,326.0848249,1.445482183,699.1388455,-768814.7586,2392544.618,797.223609,21359.77544,2.135977544,2.135977544,0.5235542632,33.18943923,Retain,1.406039007,0.9039354382,-0.502103569,0.180258772,-0.0707930125,1.934798377,0.09409836618,3.371607299,1,0.168,0.61,0.2,0.018,0.004
173,172,172,1455.009384,61.28898154,6.594932727,25.24803038,-775072.3204,2392822.711,201,201,1456.888061,62.5917058,6.739457635,25.16255765,-775038.7538,2392801.153,96011.49873,13692619.38,1369.261938,1369.261938,0.9410674273,39.89336464,Retain,7.282767629,7.284057975,0.001290345835,0.02103269374,0.02167786665,-0.003390931581,2.754856708,0.617216205,1,0.26,0.376,0.168,0.07,0.126
175,118,118,33.5943021,109.727311,1.794083352,0,-768187.7869,2397096.49,141,141,32.73407769,110.6922375,1.786538125,75.48767294,-768215.2525,2397098.033,3568.016539,300137.7443,30.01377443,30.01377443,0.8934186024,27.50886006,Retain,3.514356472,3.488416667,-0.02593980576,0.008755417773,-0.004214485109,11.2317379,2.117926153,2.129731195,0,0.526,0.176,0.12,0.052,0.126
176,124,124,1.083687165,512.5618227,1.505196806,50.49606076,-768034.6699,2396468.882,155,155,1.013046892,496.7698504,1.410473959,35.58523029,-768075.1245,2396468.485,362.308561,5732.773639,0.5732773639,0.5732773639,0.5290063246,40.45662887,Retain,0.08036926776,0.0129625143,-0.06740675346,-0.0312944922,-0.06499786892,-0.3499563584,0.1159233536,4.232435535,3,0.026,0.082,0.066,0.742,0.084
177,167,167,0.5737167342,616.1096656,1.316442362,25.24803037,-766998.1805,2391196.995,196,196,0.253261723,794.8317607,1.128379167,50.3251153,-767021.44240000006,2391201.648,185.8061407,1921.174114,0.1921174114,0.1921174114,0.3348645768,23.7227927,Retain,-0.5556194988,-1.373331847,-0.817712348,0.2547054942,-0.1541506798,0.6897363792,-0.6847849546,4.016653148,1,0,0.804,0.186,0.01,0
178,168,168,0.2549852152,990.1762484,1.410473959,25.24803037,-767026.2338,2391098.106,197,197,0.2532617229,794.8317608,1.128379167,50.3251153,-767046.605,2391100.997,167.7421227,1355.110353,0.1355110353,0.1355110353,0.5314466376,20.57528523,Retain,-1.366549715,-1.373331847,-0.006782131895,-0.2197524854,-0.2231435513,0.6897363792,0.1257007314,4.279779011,3,0,0.038,0.02,0.912,0.03
179,170,170,3.18731519,364.3848594,1.83513449,151.4881823,-766712.1483,2391120.072,198,198,2.405986368,439.2491309,1.921996357,25.16255764,-766738.6947,2391139.403,972.2601856,17892.28099,1.789228099,1.789228099,0.5613590099,32.83910741,Retain,1.159178929,0.8779599518,-0.2812189774,0.1868561333,0.04624664461,-1.795117396,0.2461819913,3.484426034,1,0.276,0.326,0.298,0.082,0.018
180,170,170,3.18731519,364.3848594,1.83513449,151.4881823,-766712.1483,2391120.072,199,199,0.1899462922,1059.775681,1.302940032,25.16255764,-766782.3981,2391012.928,100.8211761,635.3050199,0.06353050199,0.06353050199,0.01993229355,128.120369,Retain,1.159178929,-1.661013919,-2.820192848,1.067601928,-0.3424944964,-1.795117396,-3.847348363,4.845753488,2,0,0.07,0.93,0,0
181,177,177,8.605751013,199.5021775,1.650962073,25.24803038,-759517.6566,2389449.457,206,206,8.674214012,197.2575173,1.63886695,25.16255765,-759535.7652,2389441.095,1648.720543,75039.57208,7.503957208,7.503957208,0.8719700578,19.94591986,Retain,2.152430702,2.160354718,0.007924015674,-0.01131508153,-0.007353073696,-0.003390931286,1.911856769,2.48922433,3,0.246,0.012,0.022,0.372,0.348
183,181,181,0.4462241266,678.9779989,1.279461712,151.4881823,-758063.183,2389160.32,210,210,0.4432080152,681.2843664,1.279461712,176.1379035,-758101.3157,2389176.062,194.7148598,973.6596322,0.09736596322,0.09736596322,0.2181996835,41.2541218,Retain,-0.8069339271,-0.813716059,-0.006782131879,0.003391065962,0,0.1507586902,-1.272894528,4.695607176,3,0.002,0.056,0.006,0.928,0.008
184,185,185,2.358613241,385.3658913,1.669539531,252.4803038,-758070.6892,2388523.66,214,214,2.342670937,386.6749106,1.669539531,267.4816568,-758083.634,2388516.395,907.0486936,19492.06663,1.949206663,1.949206663,0.8264206394,14.84439345,Retain,0.8580738365,0.8512917047,-0.006782131766,0.003391065894,0,0.05771752837,1.555933772,2.841017637,3,0.094,0.004,0.006,0.844,0.052
185,186,186,5.227196912,251.1666581,1.619912234,25.24803037,-759179.3307,2388227.682,215,215,4.495395583,268.6755247,1.606967639,25.16255765,-759204.9243,2388223.783,1190.837087,40481.1082,4.04811082,4.04811082,0.7744324325,25.88891617,Retain,1.653875171,1.503053669,-0.1508215019,0.06738772837,-0.008023022591,-0.003390930694,1.23037764,2.999280913,0,0.476,0.052,0.05,0.404,0.018
186,187,187,11.6655736,216.4319669,2.085304705,126.2401519,-758605.2569,2388286.021,216,216,11.96661641,210.2729526,2.051937677,125.8127882,-758629.0638,2388277.798,2435.678819,104221.3891,10.42213891,10.42213891,0.8934098979,25.1868678,Retain,2.456642077,2.482120807,0.02547873049,-0.02886979636,-0.01613043111,-0.00339103897,2.117835513,2.570406347,4,0.244,0.03,0.024,0.17,0.532
187,189,189,68.20854507,150.2846942,3.501299105,25.24803037,-759598.1689,2388581.857,218,218,69.58365838,143.1998987,3.369701317,25.16255765,-759625.0357,2388577.861,10335.66257,611215.4576,61.12154576,61.12154576,0.8960980725,27.16228377,Retain,4.222569851,4.242529746,0.01995989522,-0.04828990944,-0.03830996183,-0.003390930991,2.1461393,1.762946217,4,0.288,0.09,0.156,0.058,0.408
188,197,197,2.231120633,407.3867994,1.716578017,479.7125772,-767723.8008,2386394.579,223,223,3.482348691,332.3841909,1.749732082,503.251153,-767757.7904,2386417.788,896.6351422,17338.51477,1.733851477,1.733851477,0.7771213496,41.15768849,Retain,0.8025039852,1.247706977,0.445202992,-0.2034715999,0.01912989616,0.04790213103,1.245778323,3.888547997,4,0.036,0,0.006,0.04,0.918
189,1,1,1495.079477,60.778298,6.629423176,0.008954651687,-771359.1333,2389262.196,189,189,237.0529727,64.5376216,2.803049242,35.58523029,-769631.4328,2394223.466,14774.88672,2306925.734,230.6925734,230.6925734,0.1543012106,5253.489963,Retain,7.309934647,5.46828363,-1.841651017,0.06001554983,-0.8608099586,8.181674104,-1.695978485,5.4840457,2,0.004,0.052,0.938,0.002,0.004
190,1,1,1495.079477,60.778298,6.629423176,0.008954651687,-771359.1333,2389262.196,153,153,32.86070855,157.7411779,2.550812928,191.6323298,-770186.034,2397023.192,4798.054036,307910.5728,30.79105728,30.79105728,0.02059493006,7849.154419,Retain,7.309934647,3.492277675,-3.817656971,0.9537227911,-0.9551056946,9.865299136,-3.815507255,5.885558835,2,0,0.002,0.998,0,0
191,1,1,1495.079477,60.778298,6.629423176,0.008954651687,-771359.1333,2389262.196,224,224,0.6331543075,635.8654085,1.427299293,25.16255764,-769706.2873,2386194.299,341.2551943,3999.42672,0.399942672,0.399942672,2.675059607e-4,3484.808768,Retain,7.309934647,-0.4570411149,-7.766975761,2.347754135,-1.535733746,7.835112153,-6.671436346,5.073566355,2,0,0.02,0.98,0,0
192,1,1,1495.079477,60.778298,6.629423176,0.008954651687,-771359.1333,2389262.196,225,225,1214.1367,76.59830485,7.529185896,25.16255764,-771704.0677,2388020.939,89117.96924,11239322.58,1123.932258,1123.932258,0.7517541876,1288.292203,Retain,7.309934647,7.101788568,-0.2081460784,0.2313421621,0.1272691229,7.835112153,1.105299122,4.078471142,1,0.242,0.354,0.33,0.036,0.038
193,163,163,3.314807798,319.9030956,1.643019382,107.1293246,-770373.54,2392168.72,193,193,3.545664121,312.2553346,1.658646096,90.72489182,-770333.0148,2392149.737,850.8497162,20303.20123,2.030320123,2.030320123,0.6125001046,44.75105638,Retain,1.198399642,1.265725483,0.06732584042,-0.02419689065,0.009466029554,-0.1662032975,0.456887534,3.774302518,4,0.076,0.018,0.024,0.264,0.618
194,173,173,20.46256352,167.8055698,2.141319442,104.1097318,-772690.8379,2390003.416,202,202,22.60360877,158.0757843,2.120065625,100.6502306,-772638.9306,2390007.695,3374.859743,183904.6341,18.39046341,18.39046341,0.8987370225,52.08339376,Retain,3.018597047,3.118109574,0.09951252692,-0.05973142092,-0.00997515746,-0.03379368325,2.174554817,3.015931779,4,0.136,0.006,0.004,0.014,0.84
196,184,184,0.637463038,554.4986991,1.248886881,0,-775002.0866,2388549.318,213,213,0.6331543074,556.3822325,1.248886881,0,-774957.7131,2388541.965,213.4430224,2314.424229,0.2314424229,0.2314424229,0.3630679883,44.97851086,Retain,-0.4502589832,-0.457041115,-0.006782131791,0.00339106592,0,0,-0.5608910815,4.603701506,3,0.004,0.014,0.01,0.944,0.028
199,191,191,0.5737167341,616.1096657,1.316442362,25.24922352,-772019.7332,2386910.44,219,219,0.5698388767,618.2024805,1.316442362,25.16255765,-771985.4559,2386908.636,233.6145867,2485.967685,0.2485967685,0.2485967685,0.4333092512,34.3247262,Retain,-0.555619499,-0.5624016305,-0.006782131496,0.0033910657,0,-0.003438185152,-0.2678199733,4.3860698,3,0.004,0.026,0.024,0.912,0.034
200,192,192,0.4462241266,678.9779989,1.279461712,50.49606076,-772050.5919,2386761.757,220,220,0.4432080152,681.2843663,1.279461712,50.3251153,-772016.2101,2386760.456,231.0979995,1793.692241,0.1793692241,0.1793692241,0.4019711472,34.40634151,Retain,-0.8069339271,-0.8137160589,-0.006782131837,0.003391065908,0,-0.003390998624,-0.396444801,4.514101864,3,0.002,0.016,0,0.974,0.008
202,196,196,1.657403899,487.4713838,1.77034689,50.49606076,-768471.198,2386599.587,222,222,1.772832061,454.1895776,1.705948949,50.3251153,-768495.2494,2386598.697,650.3564697,11490.62734,1.149062734,1.149062734,0.6932907149,24.06783749,Retain,0.5052524618,0.57257830220000006,0.0673258404,-0.07071690624,-0.03705398605,-0.003390998661,0.8137353128,3.500656665,3,0.04,0.004,0.004,0.584,0.368
203,198,198,59.28406253,103.9152708,2.257061642,50.49606076,-769022.9729,2385947.658,226,226,58.31351171,104.424151,2.249472141,50.3251153,-769052.0007,2385944.408,6351.207215,549943.8221,54.99438221,54.99438221,0.9276419304,29.20911692,Retain,4.08234051,4.065833828,-0.01650668162,0.004885116623,-0.003368224187,-0.003390998661,2.538370715,1.905709807,0,0.444,0.192,0.176,0.07,0.118
204,156,156,1.912389114,343.2610995,1.3390839,107.1183209,-776541.3749,2392796.878,186,186,1.899462922,344.4270963,1.3390839,106.7556909,-776516.9529,2392775.146,563.0984467,14040.25443,1.404025443,1.404025443,0.7341735175,32.69104302,Retain,0.6483533054,0.6415711737,-0.006782131698,0.003391065851,0,-0.00339103412,1.013507981,3.735320006,3,0.036,0.006,0,0.948,0.01
205,157,157,0.318731519,792.1409987,1.261566261,107.1183209,-776655.8326,2392589.003,187,187,0.253261723,794.8317607,1.128379167,106.7556909,-776608.3769,2392560.426,59.67634828,12.6478448,0.00126478448,0.00126478448,0.003968181382,55.39569754,Retain,-1.143406164,-1.373331847,-0.2299256831,0.00339106591,-0.1115717757,-0.00339103412,-5.30172883,5.158588006,3,0.004,0.15,0.082,0.758,0.006
206,159,159,0.4462241266,792.1409987,1.49270533,25.24803037,-776472.604,2392211.725,190,190,0.4432080152,794.8317607,1.49270533,25.16255765,-776423.2524,2392191.974,126.8742968,178.8632209,0.01788632209,0.01788632209,0.04008371807,53.15718946,Retain,-0.8069339271,-0.8137160589,-0.006782131816,0.003391065934,0,-0.003390931212,-3.1522754,4.949104081,3,0.002,0.048,0.038,0.91,0.002
207,161,161,0.2549852152,990.1762484,1.410473959,25.24803037,-776462.6852,2392108.028,191,191,0.253261723,993.5397009,1.410473959,25.16255765,-776413.3671,2392088.628,52.72378524,28.12282764,0.002812282764,0.002812282764,0.01102919933,52.99650705,Retain,-1.366549715,-1.373331847,-0.006782131728,0.003391065881,0,-0.003390931138,-4.410338477,5.225884676,3,0.002,0.022,0.028,0.938,0.01
208,164,164,0.318731519,792.1409987,1.261566261,35.70610699,-776408.4019,2391983.05,194,194,0.3165771537,794.8317607,1.261566261,35.58523029,-776359.2676,2391964.073,103.5617369,64.8777279,0.00648777279,0.00648777279,0.02035497716,52.67163116,Retain,-1.143406164,-1.150188295,-0.006782131843,0.003391065936,0,-0.00339097091,-3.826925707,5.108164013,3,0.002,0.018,0.014,0.96,0.006
209,171,171,0.8287019494,487.4713838,1.251824291,50.49606076,-777273.0498,2390675.202,200,200,1.519570338,430.5338704,1.497141314,50.3251153,-777252.119,2390633.393,370.6871495,5725.495569,0.5725495569,0.5725495569,0.6908992519,46.7554365,Retain,-0.1878947188,0.4184276224,0.6063223411,-0.1242055912,0.1789555793,-0.003390998624,0.8025431165,4.511264228,4,0,0,0,0.028,0.972
210,174,174,0.7649556456,528.0939992,1.302940032,50.49606076,-775724.1803,2389732.609,203,203,0.5698388767,618.2024806,1.316442362,25.16255765,-775698.3311,2389732.434,309.3067801,3788.006556,0.3788006556,0.3788006556,0.4951929669,25.84981068,Retain,-0.2679374265,-0.5624016306,-0.2944642041,0.1575417456,0.01030964359,-0.696518309,-0.01919034197,3.958675618,3,0.118,0.37,0.072,0.436,0.004
211,175,175,0.3824778228,660.1174989,1.151647165,25.24803037,-776784.5976,2389463.296,204,204,0.5065234459,596.1238205,1.196826841,25.16255764,-776749.9163,2389455.995,180.6690887,1640.00256,0.164000256,0.164000256,0.4287837,35.44149475,Retain,-0.961084607,-0.6801846663,0.2808999407,-0.1019694498,0.03848052056,-0.003390931139,-0.286235008,4.620818763,3,0,0.008,0.01,0.576,0.406
213,176,176,29.19580714,164.3087224,2.504470554,25.24803037,-776428.4791,2389692.183,205,205,31.97429252,157.3924279,2.510610695,25.16255764,-776433.2604,2389687.235,4791.3054760000005,262556.6093,26.25566093,26.25566093,0.89929560099999994,6.880153463,Retain,3.374025108,3.464932221,0.09090711342,-0.04300488489,0.002448671815,-0.003390931139,2.180652598,0.8141386814,4,0.166,0.046,0.016,0.014,0.758
214,183,183,0.5737167342,616.1096657,1.316442362,25.24803038,-775467.492,2388961.141,212,212,0.5698388766,618.2024806,1.316442362,25.16255765,-775421.5429,2388952.395,243.4732226,1981.677005,0.1981677005,0.1981677005,0.3454103544,46.77412313,Retain,-0.5556194989,-0.5624016307,-0.0067821318,0.003391065877,0,-0.003390931359,-0.6379109853,4.695526197,3,0.004,0.018,0.014,0.934,0.03
215,188,188,34.99672079,258.2754805,4.310145413,0,-775498.4427,2388499.088,217,217,35.20337949,257.3196348,4.306854231,0,-775471.7624,2388495.768,9187.842227,259054.802,25.9054802,25.9054802,0.7402259302,26.88609249,Retain,3.555254365,3.561142086,0.005887721013,-0.003707741823,-7.638813169e-4,0,1.044651078,2.086384099,0,0.522,0.076,0.152,0.118,0.132
